Município;AIS;Natureza;Data;Hora;Dia da Semana;Meio Empregado;Gênero;Idade da Vítima;Escolaridade da Vítima;Raça da Vítima
Mombaça;AIS 13;LESAO CORPORAL SEGUIDA DE MORTE;2021-01-01;00:29:59;Sexta;Outros meios;Feminino;15;Ensino Fundamental Incompleto;Parda
Canindé;AIS 04;HOMICIDIO DOLOSO;2021-01-01;00:29:59;Sexta;Arma de fogo;Masculino;Não Informada;Ensino Fundamental Incompleto;Não Informada
Iguatu;AIS 10;HOMICIDIO DOLOSO;2021-01-01;03:00:00;Sexta;Arma branca;Masculino;16;Alfabetizado;Não Informada
Fortaleza;AIS 21;ROUBO SEGUIDO DE MORTE (LATROCINIO);2021-01-01;04:30:00;Sexta;Arma de fogo;Masculino;20;Ensino Fundamental Completo;Não Informada
Sobral;AIS 03;HOMICIDIO DOLOSO;2021-01-01;05:00:00;Sexta;Arma de fogo;Masculino;26;Alfabetizado;Não Informada
Paraipaba;AIS 23;HOMICIDIO DOLOSO;2021-01-01;05:40:00;Sexta;Arma de fogo;Feminino;26;Ensino Fundamental Incompleto;Não Informada
Fortaleza;AIS 17;HOMICIDIO DOLOSO;2021-01-01;06:49:59;Sexta;Arma de fogo;Masculino;30;Ensino Fundamental Completo;Não Informada
Itaitinga;AIS 25;HOMICIDIO DOLOSO;2021-01-01;11:25:00;Sexta;Arma de fogo;Masculino;50;Ensino Fundamental Incompleto;Não Informada
Pacatuba;AIS 24;HOMICIDIO DOLOSO;2021-01-01;13:49:59;Sexta;Arma de fogo;Masculino;32;Não Informada;Não Informada
Fortaleza;AIS 21;HOMICIDIO DOLOSO;2021-01-01;15:00:00;Sexta;Arma de fogo;Masculino;30;Ensino Fundamental Completo;Parda
Juazeiro do Norte;AIS 02;HOMICIDIO DOLOSO;2021-01-01;19:00:00;Sexta;Arma de fogo;Masculino;26;Ensino Médio Incompleto;Não Informada
Aracati;AIS 30;HOMICIDIO DOLOSO;2021-01-01;19:30:00;Sexta;Arma de fogo;Masculino;17;Ensino Fundamental Completo;Não Informada
Crato;AIS 02;HOMICIDIO DOLOSO;2021-01-02;01:00:00;Sábado;Arma de fogo;Masculino;22;Ensino Fundamental Completo;Não Informada
Fortaleza;AIS 06;HOMICIDIO DOLOSO;2021-01-02;05:30:00;Sábado;Outros meios;Masculino;72;Ensino Médio Completo;Não Informada
São Gonçalo do Amarante;AIS 23;HOMICIDIO DOLOSO;2021-01-02;05:40:00;Sábado;Arma branca;Masculino;29;Ensino Fundamental Completo;Branca
Missão Velha;AIS 02;HOMICIDIO DOLOSO;2021-01-02;07:30:00;Sábado;Arma de fogo;Masculino;31;Ensino Fundamental Incompleto;Não Informada
Pacatuba;AIS 24;HOMICIDIO DOLOSO;2021-01-02;09:26:59;Sábado;Arma de fogo;Masculino;19;Ensino Fundamental Completo;Não Informada
Santana do Acaraú;AIS 03;HOMICIDIO DOLOSO;2021-01-02;10:00:00;Sábado;Arma de fogo;Masculino;34;Alfabetizado;Não Informada
Eusébio;AIS 15;HOMICIDIO DOLOSO;2021-01-02;18:19:59;Sábado;Arma de fogo;Masculino;21;Ensino Fundamental Completo;Parda
Tianguá;AIS 27;FEMINICÍDIO;2021-01-02;18:29:59;Sábado;Arma branca;Feminino;47;Não Alfabetizado;Não Informada
Crato;AIS 02;HOMICIDIO DOLOSO;2021-01-02;18:40:00;Sábado;Arma de fogo;Masculino;34;Alfabetizado;Não Informada
Quixeré;AIS 01;HOMICIDIO DOLOSO;2021-01-02;18:40:00;Sábado;Arma de fogo;Masculino;21;Ensino Fundamental Completo;Não Informada
Itapajé;AIS 11;LESAO CORPORAL SEGUIDA DE MORTE;2021-01-02;19:00:00;Sábado;Arma branca;Masculino;41;Alfabetizado;Não Informada
Crato;AIS 02;HOMICIDIO DOLOSO;2021-01-02;20:30:00;Sábado;Arma de fogo;Masculino;27;Ensino Médio Incompleto;Parda
Juazeiro do Norte;AIS 02;HOMICIDIO DOLOSO;2021-01-02;22:30:00;Sábado;Arma de fogo;Masculino;16;Alfabetizado;Não Informada
Tejuçuoca;AIS 11;HOMICIDIO DOLOSO;2021-01-02;23:30:00;Sábado;Arma de fogo;Masculino;19;Ensino Médio Completo;Não Informada
Brejo Santo;AIS 32;HOMICIDIO DOLOSO;2021-01-02;23:40:00;Sábado;Arma de fogo;Masculino;42;Ensino Fundamental Incompleto;Não Informada
Tejuçuoca;AIS 11;HOMICIDIO DOLOSO;2021-01-03;09:00:00;Domingo;Outros meios;Masculino;Não Informada;Não Informada;Não Informada
Frecheirinha;AIS 03;HOMICIDIO DOLOSO;2021-01-03;11:30:00;Domingo;Arma de fogo;Masculino;18;Ensino Médio Incompleto;Parda
Fortaleza;AIS 19;HOMICIDIO DOLOSO;2021-01-03;11:34:59;Domingo;Arma de fogo;Masculino;50;Alfabetizado;Não Informada
Maracanaú;AIS 14;HOMICIDIO DOLOSO;2021-01-03;13:14:59;Domingo;Arma de fogo;Masculino;32;Ensino Médio Completo;Não Informada
Lavras da Mangabeira;AIS 34;HOMICIDIO DOLOSO;2021-01-03;15:00:00;Domingo;Arma branca;Masculino;18;Ensino Fundamental Incompleto;Não Informada
Várzea Alegre;AIS 34;FEMINICÍDIO;2021-01-03;17:30:00;Domingo;Arma branca;Feminino;31;Ensino Fundamental Incompleto;Não Informada
Pacajus;AIS 25;HOMICIDIO DOLOSO;2021-01-03;19:59:59;Domingo;Arma de fogo;Masculino;17;Alfabetizado;Não Informada
Fortaleza;AIS 20;HOMICIDIO DOLOSO;2021-01-03;20:30:00;Domingo;Arma de fogo;Masculino;18;Alfabetizado;Não Informada
Maracanaú;AIS 14;HOMICIDIO DOLOSO;2021-01-03;21:15:00;Domingo;Arma de fogo;Masculino;26;Alfabetizado;Parda
Nova Russas;AIS 07;HOMICIDIO DOLOSO;2021-01-03;21:29:59;Domingo;Arma de fogo;Feminino;18;Alfabetizado;Não Informada
Juazeiro do Norte;AIS 02;HOMICIDIO DOLOSO;2021-01-03;22:49:59;Domingo;Arma de fogo;Masculino;16;Ensino Fundamental Incompleto;Não Informada
Cascavel;AIS 15;HOMICIDIO DOLOSO;2021-01-04;01:00:00;Segunda;Arma de fogo;Masculino;36;Ensino Fundamental Incompleto;Não Informada
Camocim;AIS 28;HOMICIDIO DOLOSO;2021-01-04;01:30:00;Segunda;Outros meios;Masculino;13;Ensino Fundamental Incompleto;Parda
Jucás;AIS 10;HOMICIDIO DOLOSO;2021-01-04;02:15:00;Segunda;Arma de fogo;Masculino;28;Ensino Fundamental Incompleto;Não Informada
Pentecoste;AIS 11;HOMICIDIO DOLOSO;2021-01-04;09:00:00;Segunda;Arma de fogo;Masculino;45;Não Informada;Não Informada
Crato;AIS 02;HOMICIDIO DOLOSO;2021-01-04;15:40:00;Segunda;Arma branca;Masculino;31;Ensino Médio Completo;Parda
Fortaleza;AIS 18;HOMICIDIO DOLOSO;2021-01-04;17:23:00;Segunda;Arma de fogo;Masculino;31;Ensino Fundamental Incompleto;Parda
Assaré;AIS 33;HOMICIDIO DOLOSO;2021-01-04;18:29:59;Segunda;Arma de fogo;Masculino;23;Ensino Fundamental Incompleto;Não Informada
Fortaleza;AIS 18;HOMICIDIO DOLOSO;2021-01-04;20:56:00;Segunda;Arma de fogo;Masculino;28;Ensino Médio Incompleto;Não Informada
Maracanaú;AIS 14;HOMICIDIO DOLOSO;2021-01-04;22:39:00;Segunda;Arma de fogo;Masculino;30;Superior Incompleto;Não Informada
Fortaleza;AIS 05;HOMICIDIO DOLOSO;2021-01-04;23:57:00;Segunda;Arma de fogo;Masculino;16;Não Informada;Não Informada
Fortaleza;AIS 06;HOMICIDIO DOLOSO;2021-01-05;01:34:59;Terça;Arma de fogo;Masculino;27;Ensino Médio Incompleto;Não Informada
Itaitinga;AIS 25;HOMICIDIO DOLOSO;2021-01-05;13:00:00;Terça;Arma de fogo;Masculino;48;Não Informada;Não Informada
São João do Jaguaribe;AIS 01;HOMICIDIO DOLOSO;2021-01-05;16:00:00;Terça;Arma de fogo;Masculino;60;Superior Completo;Não Informada
Sobral;AIS 03;HOMICIDIO DOLOSO;2021-01-05;17:30:00;Terça;Arma de fogo;Masculino;16;Não Informada;Parda
Fortaleza;AIS 16;HOMICIDIO DOLOSO;2021-01-05;19:04:00;Terça;Arma de fogo;Masculino;29;Ensino Médio Completo;Branca
Itarema;AIS 11;HOMICIDIO DOLOSO;2021-01-05;19:30:00;Terça;Arma de fogo;Masculino;32;Alfabetizado;Não Informada
Juazeiro do Norte;AIS 02;HOMICIDIO DOLOSO;2021-01-05;19:40:00;Terça;Arma de fogo;Masculino;20;Alfabetizado;Não Informada
Fortaleza;AIS 19;HOMICIDIO DOLOSO;2021-01-05;20:30:00;Terça;Arma de fogo;Masculino;21;Não Informada;Não Informada
Cariré;AIS 03;HOMICIDIO DOLOSO;2021-01-06;02:40:00;Quarta;Arma de fogo;Masculino;50;Superior Completo;Não Informada
Quixeré;AIS 01;HOMICIDIO DOLOSO;2021-01-06;07:00:00;Quarta;Arma de fogo;Masculino;29;Ensino Fundamental Incompleto;Não Informada
Aquiraz;AIS 15;HOMICIDIO DOLOSO;2021-01-06;07:32:00;Quarta;Arma de fogo;Masculino;32;Ensino Fundamental Completo;Não Informada
São Benedito;AIS 27;HOMICIDIO DOLOSO;2021-01-06;09:29:59;Quarta;Arma de fogo;Masculino;28;Alfabetizado;Não Informada
Redenção;AIS 29;HOMICIDIO DOLOSO;2021-01-06;15:19:59;Quarta;Arma de fogo;Masculino;17;Ensino Fundamental Incompleto;Não Informada
Forquilha;AIS 03;HOMICIDIO DOLOSO;2021-01-06;15:29:59;Quarta;Arma de fogo;Masculino;31;Alfabetizado;Não Informada
Jucás;AIS 10;HOMICIDIO DOLOSO;2021-01-06;18:29:59;Quarta;Arma de fogo;Masculino;35;Ensino Fundamental Completo;Não Informada
Itaitinga;AIS 25;HOMICIDIO DOLOSO;2021-01-06;19:10:00;Quarta;Arma de fogo;Masculino;13;Ensino Fundamental Incompleto;Não Informada
Caucaia;AIS 12;HOMICIDIO DOLOSO;2021-01-06;19:35:59;Quarta;Arma de fogo;Masculino;21;Alfabetizado;Não Informada
Fortaleza;AIS 19;HOMICIDIO DOLOSO;2021-01-06;20:34:59;Quarta;Arma de fogo;Masculino;39;Ensino Fundamental Incompleto;Parda
Fortaleza;AIS 17;HOMICIDIO DOLOSO;2021-01-06;21:09:00;Quarta;Arma de fogo;Masculino;19;Alfabetizado;Não Informada
Fortaleza;AIS 17;HOMICIDIO DOLOSO;2021-01-06;21:09:00;Quarta;Arma de fogo;Masculino;17;Ensino Fundamental Incompleto;Não Informada
Fortaleza;AIS 18;HOMICIDIO DOLOSO;2021-01-06;22:53:00;Quarta;Arma de fogo;Masculino;19;Alfabetizado;Parda
Crato;AIS 02;LESAO CORPORAL SEGUIDA DE MORTE;2021-01-07;04:59:59;Quinta;Outros meios;Masculino;31;Ensino Fundamental Completo;Não Informada
Nova Olinda;AIS 02;HOMICIDIO DOLOSO;2021-01-07;07:59:59;Quinta;Arma de fogo;Masculino;54;Alfabetizado;Parda
Aracoiaba;AIS 29;HOMICIDIO DOLOSO;2021-01-07;10:20:00;Quinta;Arma de fogo;Masculino;57;Alfabetizado;Parda
Fortaleza;AIS 20;HOMICIDIO DOLOSO;2021-01-07;12:00:00;Quinta;Arma de fogo;Masculino;19;Ensino Médio Completo;Não Informada
Fortaleza;AIS 17;HOMICIDIO DOLOSO;2021-01-07;13:40:00;Quinta;Arma de fogo;Masculino;25;Ensino Fundamental Incompleto;Não Informada
Jati;AIS 32;HOMICIDIO DOLOSO;2021-01-07;19:30:00;Quinta;Arma de fogo;Masculino;58;Não Alfabetizado;Não Informada
Aquiraz;AIS 15;HOMICIDIO DOLOSO;2021-01-07;23:17:00;Quinta;Arma de fogo;Masculino;23;Ensino Fundamental Incompleto;Parda
Fortaleza;AIS 06;HOMICIDIO DOLOSO;2021-01-07;23:29:00;Quinta;Arma de fogo;Masculino;43;Alfabetizado;Não Informada
Cruz;AIS 11;HOMICIDIO DOLOSO;2021-01-08;01:00:00;Sexta;Arma de fogo;Masculino;34;Ensino Fundamental Incompleto;Não Informada
Fortaleza;AIS 16;HOMICIDIO DOLOSO;2021-01-08;01:49:00;Sexta;Arma de fogo;Masculino;30;Alfabetizado;Não Informada
Fortaleza;AIS 21;HOMICIDIO DOLOSO;2021-01-08;08:23:00;Sexta;Arma de fogo;Masculino;34;Ensino Fundamental Incompleto;Não Informada
Fortaleza;AIS 06;HOMICIDIO DOLOSO;2021-01-08;18:19:59;Sexta;Arma de fogo;Feminino;24;Ensino Fundamental Incompleto;Parda
Itaitinga;AIS 25;HOMICIDIO DOLOSO;2021-01-08;22:39:00;Sexta;Arma de fogo;Masculino;25;Ensino Médio Incompleto;Não Informada
Maracanaú;AIS 14;HOMICIDIO DOLOSO;2021-01-09;00:29:59;Sábado;Arma de fogo;Masculino;18;Ensino Fundamental Incompleto;Não Informada
Horizonte;AIS 25;HOMICIDIO DOLOSO;2021-01-09;03:40:00;Sábado;Arma de fogo;Masculino;31;Ensino Fundamental Completo;Não Informada
Icó;AIS 34;HOMICIDIO DOLOSO;2021-01-09;05:50:00;Sábado;Arma de fogo;Masculino;29;Alfabetizado;Parda
Sobral;AIS 03;HOMICIDIO DOLOSO;2021-01-09;06:45:00;Sábado;Arma de fogo;Masculino;28;Ensino Fundamental Completo;Não Informada
Aquiraz;AIS 15;HOMICIDIO DOLOSO;2021-01-09;11:19:59;Sábado;Arma de fogo;Masculino;36;Não Alfabetizado;Não Informada
Forquilha;AIS 03;HOMICIDIO DOLOSO;2021-01-09;12:15:00;Sábado;Arma de fogo;Masculino;15;Ensino Médio Incompleto;Não Informada
Fortaleza;AIS 19;HOMICIDIO DOLOSO;2021-01-09;15:15:00;Sábado;Arma de fogo;Masculino;25;Alfabetizado;Preta
Fortaleza;AIS 08;HOMICIDIO DOLOSO;2021-01-09;19:11:00;Sábado;Arma de fogo;Masculino;33;Ensino Fundamental Completo;Não Informada
Fortaleza;AIS 19;HOMICIDIO DOLOSO;2021-01-09;21:00:00;Sábado;Arma de fogo;Masculino;25;Ensino Fundamental Incompleto;Não Informada
Fortaleza;AIS 19;HOMICIDIO DOLOSO;2021-01-09;22:39:00;Sábado;Arma de fogo;Masculino;Não Informada;Não Informada;Não Informada
Caucaia;AIS 12;HOMICIDIO DOLOSO;2021-01-10;04:30:00;Domingo;Arma de fogo;Masculino;37;Alfabetizado;Não Informada
Caucaia;AIS 12;HOMICIDIO DOLOSO;2021-01-10;04:30:00;Domingo;Arma de fogo;Feminino;38;Ensino Fundamental Incompleto;Não Informada
São Benedito;AIS 27;HOMICIDIO DOLOSO;2021-01-10;07:59:59;Domingo;Arma branca;Masculino;61;Alfabetizado;Não Informada
Fortaleza;AIS 20;HOMICIDIO DOLOSO;2021-01-10;10:40:00;Domingo;Arma de fogo;Masculino;23;Ensino Fundamental Incompleto;Não Informada
Fortaleza;AIS 20;HOMICIDIO DOLOSO;2021-01-10;12:29:59;Domingo;Arma de fogo;Masculino;38;Ensino Fundamental Incompleto;Não Informada
Aquiraz;AIS 15;HOMICIDIO DOLOSO;2021-01-10;12:40:00;Domingo;Arma de fogo;Masculino;31;Alfabetizado;Não Informada
Redenção;AIS 29;HOMICIDIO DOLOSO;2021-01-10;13:00:00;Domingo;Arma de fogo;Masculino;27;Alfabetizado;Parda
Fortaleza;AIS 16;HOMICIDIO DOLOSO;2021-01-10;13:56:00;Domingo;Arma branca;Masculino;35;Ensino Fundamental Completo;Não Informada
Caucaia;AIS 26;HOMICIDIO DOLOSO;2021-01-10;13:59:59;Domingo;Arma branca;Masculino;37;Alfabetizado;Não Informada
Sobral;AIS 03;HOMICIDIO DOLOSO;2021-01-10;14:30:00;Domingo;Arma de fogo;Masculino;16;Alfabetizado;Não Informada
Maracanaú;AIS 14;HOMICIDIO DOLOSO;2021-01-10;14:47:00;Domingo;Arma de fogo;Masculino;22;Ensino Fundamental Incompleto;Não Informada
Cascavel;AIS 15;HOMICIDIO DOLOSO;2021-01-10;15:29:59;Domingo;Arma de fogo;Masculino;39;Alfabetizado;Não Informada
Barreira;AIS 29;HOMICIDIO DOLOSO;2021-01-10;20:19:59;Domingo;Arma de fogo;Masculino;28;Alfabetizado;Não Informada
Aquiraz;AIS 15;HOMICIDIO DOLOSO;2021-01-10;20:41:59;Domingo;Arma de fogo;Masculino;35;Ensino Fundamental Incompleto;Não Informada
Fortaleza;AIS 19;HOMICIDIO DOLOSO;2021-01-10;21:59:00;Domingo;Arma de fogo;Masculino;30;Alfabetizado;Não Informada
Itaitinga;AIS 25;HOMICIDIO DOLOSO;2021-01-10;22:30:00;Domingo;Arma de fogo;Feminino;32;Ensino Fundamental Completo;Não Informada
Beberibe;AIS 30;HOMICIDIO DOLOSO;2021-01-10;22:59:59;Domingo;Arma de fogo;Masculino;24;Alfabetizado;Não Informada
Caucaia;AIS 12;HOMICIDIO DOLOSO;2021-01-11;00:04:00;Segunda;Arma de fogo;Feminino;40;Alfabetizado;Parda
Caucaia;AIS 12;HOMICIDIO DOLOSO;2021-01-11;00:04:00;Segunda;Arma de fogo;Feminino;60;Ensino Fundamental Completo;Não Informada
Araripe;AIS 33;HOMICIDIO DOLOSO;2021-01-11;00:29:59;Segunda;Arma de fogo;Masculino;19;Alfabetizado;Não Informada
Fortaleza;AIS 19;HOMICIDIO DOLOSO;2021-01-11;01:03:00;Segunda;Arma de fogo;Masculino;21;Ensino Fundamental Incompleto;Não Informada
Fortaleza;AIS 20;HOMICIDIO DOLOSO;2021-01-11;03:35:59;Segunda;Arma de fogo;Masculino;23;Ensino Fundamental Incompleto;Parda
Sobral;AIS 03;HOMICIDIO DOLOSO;2021-01-11;13:30:00;Segunda;Arma de fogo;Masculino;37;Ensino Fundamental Completo;Não Informada
Missão Velha;AIS 02;HOMICIDIO DOLOSO;2021-01-11;16:00:00;Segunda;Arma de fogo;Masculino;38;Superior Incompleto;Não Informada
Forquilha;AIS 03;HOMICIDIO DOLOSO;2021-01-11;18:29:59;Segunda;Arma de fogo;Masculino;15;Ensino Médio Incompleto;Não Informada
Jaguaretama;AIS 09;HOMICIDIO DOLOSO;2021-01-11;21:00:00;Segunda;Arma de fogo;Masculino;18;Ensino Médio Incompleto;Não Informada
Caucaia;AIS 12;HOMICIDIO DOLOSO;2021-01-11;21:29:59;Segunda;Arma de fogo;Masculino;28;Ensino Médio Completo;Preta
Cariré;AIS 03;HOMICIDIO DOLOSO;2021-01-11;22:00:00;Segunda;Arma de fogo;Masculino;21;Alfabetizado;Não Informada
Cariré;AIS 03;HOMICIDIO DOLOSO;2021-01-11;22:00:00;Segunda;Arma de fogo;Masculino;27;Não Informada;Não Informada
Fortaleza;AIS 20;HOMICIDIO DOLOSO;2021-01-11;22:20:00;Segunda;Arma de fogo;Masculino;24;Ensino Fundamental Completo;Não Informada
Fortaleza;AIS 16;HOMICIDIO DOLOSO;2021-01-11;22:45:00;Segunda;Arma de fogo;Masculino;52;Ensino Fundamental Completo;Parda
Aratuba;AIS 29;HOMICIDIO DOLOSO;2021-01-12;04:10:00;Terça;Arma de fogo;Masculino;74;Alfabetizado;Branca
Aratuba;AIS 29;HOMICIDIO DOLOSO;2021-01-12;04:10:00;Terça;Arma de fogo;Masculino;36;Alfabetizado;Branca
Caucaia;AIS 12;HOMICIDIO DOLOSO;2021-01-12;05:48:00;Terça;Arma de fogo;Masculino;34;Ensino Fundamental Incompleto;Não Informada
Fortaleza;AIS 17;HOMICIDIO DOLOSO;2021-01-12;13:11:59;Terça;Arma de fogo;Masculino;19;Ensino Médio Incompleto;Não Informada
Caucaia;AIS 26;HOMICIDIO DOLOSO;2021-01-12;13:19:00;Terça;Arma de fogo;Masculino;25;Alfabetizado;Não Informada
Pacajus;AIS 25;HOMICIDIO DOLOSO;2021-01-12;14:18:00;Terça;Arma de fogo;Masculino;25;Não Alfabetizado;Não Informada
Forquilha;AIS 03;HOMICIDIO DOLOSO;2021-01-12;14:40:00;Terça;Arma de fogo;Masculino;26;Não Informada;Não Informada
Maracanaú;AIS 14;HOMICIDIO DOLOSO;2021-01-12;15:23:00;Terça;Arma de fogo;Masculino;17;Alfabetizado;Parda
Fortaleza;AIS 20;HOMICIDIO DOLOSO;2021-01-12;15:32:00;Terça;Arma de fogo;Masculino;39;Alfabetizado;Não Informada
Caucaia;AIS 26;HOMICIDIO DOLOSO;2021-01-12;16:18:00;Terça;Arma de fogo;Masculino;21;Ensino Fundamental Incompleto;Não Informada
Morada Nova;AIS 09;HOMICIDIO DOLOSO;2021-01-12;19:30:00;Terça;Arma de fogo;Feminino;38;Ensino Médio Incompleto;Não Informada
Morada Nova;AIS 09;HOMICIDIO DOLOSO;2021-01-12;19:30:00;Terça;Arma de fogo;Feminino;56;Superior Completo;Não Informada
Caucaia;AIS 26;HOMICIDIO DOLOSO;2021-01-12;20:41:00;Terça;Arma de fogo;Masculino;Não Informada;Não Informada;Não Informada
Maracanaú;AIS 14;HOMICIDIO DOLOSO;2021-01-12;23:08:00;Terça;Arma de fogo;Masculino;19;Ensino Fundamental Completo;Não Informada
Ibicuitinga;AIS 09;HOMICIDIO DOLOSO;2021-01-13;15:00:00;Quarta;Arma de fogo;Masculino;23;Ensino Fundamental Completo;Não Informada
Fortaleza;AIS 16;HOMICIDIO DOLOSO;2021-01-13;17:12:00;Quarta;Arma de fogo;Masculino;21;Alfabetizado;Não Informada
Maracanaú;AIS 14;HOMICIDIO DOLOSO;2021-01-13;18:00:00;Quarta;Arma de fogo;Masculino;33;Alfabetizado;Não Informada
Acaraú;AIS 11;HOMICIDIO DOLOSO;2021-01-13;23:45:00;Quarta;Arma de fogo;Masculino;25;Não Informada;Não Informada
Fortaleza;AIS 20;HOMICIDIO DOLOSO;2021-01-14;00:29:59;Quinta;Arma de fogo;Masculino;24;Ensino Médio Completo;Não Informada
Chorozinho;AIS 25;HOMICIDIO DOLOSO;2021-01-14;01:04:59;Quinta;Outros meios;Feminino;28;Alfabetizado;Não Informada
Quixadá;AIS 09;HOMICIDIO DOLOSO;2021-01-14;04:45:00;Quinta;Arma de fogo;Feminino;18;Alfabetizado;Não Informada
Fortaleza;AIS 21;HOMICIDIO DOLOSO;2021-01-14;10:11:59;Quinta;Arma de fogo;Masculino;36;Ensino Médio Completo;Não Informada
Fortaleza;AIS 17;HOMICIDIO DOLOSO;2021-01-14;13:20:00;Quinta;Arma de fogo;Masculino;46;Ensino Fundamental Incompleto;Não Informada
Fortaleza;AIS 20;HOMICIDIO DOLOSO;2021-01-14;19:20:00;Quinta;Arma de fogo;Masculino;19;Ensino Fundamental Completo;Parda
Fortaleza;AIS 21;HOMICIDIO DOLOSO;2021-01-14;19:45:00;Quinta;Arma de fogo;Masculino;48;Não Alfabetizado;Não Informada
Paraipaba;AIS 23;HOMICIDIO DOLOSO;2021-01-14;19:59:59;Quinta;Arma de fogo;Masculino;44;Não Informada;Não Informada
Caucaia;AIS 12;HOMICIDIO DOLOSO;2021-01-14;20:13:59;Quinta;Arma de fogo;Masculino;18;Ensino Médio Incompleto;Não Informada
Fortaleza;AIS 06;ROUBO SEGUIDO DE MORTE (LATROCINIO);2021-01-15;14:30:00;Sexta;Arma de fogo;Masculino;63;Não Informada;Branca
Aquiraz;AIS 15;HOMICIDIO DOLOSO;2021-01-15;16:56:59;Sexta;Arma de fogo;Masculino;44;Alfabetizado;Não Informada
Juazeiro do Norte;AIS 02;HOMICIDIO DOLOSO;2021-01-15;22:30:00;Sexta;Arma de fogo;Masculino;28;Ensino Fundamental Completo;Não Informada
Maracanaú;AIS 14;HOMICIDIO DOLOSO;2021-01-15;22:30:00;Sexta;Arma de fogo;Masculino;21;Ensino Médio Completo;Não Informada
Jaguaruana;AIS 01;HOMICIDIO DOLOSO;2021-01-16;01:40:00;Sábado;Arma de fogo;Masculino;58;Alfabetizado;Não Informada
Fortaleza;AIS 21;HOMICIDIO DOLOSO;2021-01-16;06:08:00;Sábado;Arma de fogo;Masculino;18;Ensino Fundamental Completo;Não Informada
Horizonte;AIS 25;HOMICIDIO DOLOSO;2021-01-16;07:34:59;Sábado;Arma de fogo;Masculino;21;Não Informada;Não Informada
Pacatuba;AIS 24;HOMICIDIO DOLOSO;2021-01-16;08:30:00;Sábado;Arma de fogo;Feminino;25;Ensino Fundamental Incompleto;Não Informada
Maracanaú;AIS 14;HOMICIDIO DOLOSO;2021-01-16;12:00:00;Sábado;Arma branca;Feminino;20;Ensino Fundamental Completo;Parda
Fortaleza;AIS 17;HOMICIDIO DOLOSO;2021-01-16;12:00:00;Sábado;Arma de fogo;Masculino;24;Ensino Médio Incompleto;Não Informada
Fortaleza;AIS 05;HOMICIDIO DOLOSO;2021-01-16;15:30:00;Sábado;Arma de fogo;Feminino;18;Ensino Fundamental Incompleto;Não Informada
Fortaleza;AIS 20;HOMICIDIO DOLOSO;2021-01-16;16:03:00;Sábado;Arma de fogo;Masculino;31;Alfabetizado;Não Informada
Pereiro;AIS 31;LESAO CORPORAL SEGUIDA DE MORTE;2021-01-16;16:59:59;Sábado;Outros meios;Masculino;20;Ensino Fundamental Incompleto;Não Informada
Fortaleza;AIS 17;HOMICIDIO DOLOSO;2021-01-16;19:06:59;Sábado;Arma de fogo;Masculino;29;Ensino Médio Completo;Não Informada
Caucaia;AIS 12;HOMICIDIO DOLOSO;2021-01-16;19:59:59;Sábado;Arma de fogo;Masculino;28;Ensino Médio Completo;Não Informada
Tejuçuoca;AIS 11;HOMICIDIO DOLOSO;2021-01-16;20:30:00;Sábado;Arma branca;Masculino;22;Alfabetizado;Não Informada
Fortaleza;AIS 21;HOMICIDIO DOLOSO;2021-01-16;20:30:00;Sábado;Arma branca;Masculino;22;Ensino Médio Completo;Não Informada
Fortaleza;AIS 16;HOMICIDIO DOLOSO;2021-01-16;23:19:59;Sábado;Arma de fogo;Masculino;26;Ensino Fundamental Completo;Não Informada
Fortaleza;AIS 21;HOMICIDIO DOLOSO;2021-01-16;23:34:59;Sábado;Arma de fogo;Masculino;32;Não Informada;Não Informada
Independência;AIS 07;HOMICIDIO DOLOSO;2021-01-17;00:41:00;Domingo;Arma de fogo;Masculino;20;Não Informada;Parda
Cascavel;AIS 15;HOMICIDIO DOLOSO;2021-01-17;01:14:59;Domingo;Arma de fogo;Feminino;22;Não Informada;Não Informada
Ararendá;AIS 07;HOMICIDIO DOLOSO;2021-01-17;04:59:59;Domingo;Arma de fogo;Masculino;42;Alfabetizado;Não Informada
Horizonte;AIS 25;HOMICIDIO DOLOSO;2021-01-17;07:00:00;Domingo;Arma de fogo;Masculino;35;Ensino Fundamental Incompleto;Não Informada
Aquiraz;AIS 15;HOMICIDIO DOLOSO;2021-01-17;09:00:00;Domingo;Arma de fogo;Masculino;41;Ensino Médio Completo;Parda
Fortaleza;AIS 20;HOMICIDIO DOLOSO;2021-01-17;16:59:59;Domingo;Arma de fogo;Masculino;25;Ensino Médio Completo;Não Informada
Pacatuba;AIS 24;HOMICIDIO DOLOSO;2021-01-17;18:00:00;Domingo;Arma de fogo;Masculino;23;Ensino Fundamental Incompleto;Não Informada
Chorozinho;AIS 25;HOMICIDIO DOLOSO;2021-01-17;19:00:00;Domingo;Arma de fogo;Feminino;23;Alfabetizado;Não Informada
Canindé;AIS 04;HOMICIDIO DOLOSO;2021-01-17;19:30:00;Domingo;Arma de fogo;Masculino;33;Ensino Fundamental Incompleto;Não Informada
Maracanaú;AIS 14;HOMICIDIO DOLOSO;2021-01-17;21:19:59;Domingo;Arma de fogo;Masculino;30;Ensino Fundamental Completo;Não Informada
Fortaleza;AIS 16;HOMICIDIO DOLOSO;2021-01-18;06:19:59;Segunda;Arma de fogo;Feminino;23;Não Informada;Não Informada
Fortaleza;AIS 17;HOMICIDIO DOLOSO;2021-01-18;07:42:59;Segunda;Arma branca;Masculino;16;Não Informada;Não Informada
Caucaia;AIS 12;HOMICIDIO DOLOSO;2021-01-18;11:31:00;Segunda;Arma de fogo;Masculino;24;Ensino Médio Completo;Parda
Maracanaú;AIS 14;HOMICIDIO DOLOSO;2021-01-18;13:59:00;Segunda;Arma de fogo;Masculino;65;Alfabetizado;Não Informada
Sobral;AIS 03;HOMICIDIO DOLOSO;2021-01-18;14:40:00;Segunda;Arma de fogo;Masculino;28;Alfabetizado;Não Informada
Fortaleza;AIS 21;HOMICIDIO DOLOSO;2021-01-18;14:48:00;Segunda;Arma de fogo;Masculino;42;Ensino Médio Completo;Parda
Iguatu;AIS 10;HOMICIDIO DOLOSO;2021-01-18;19:59:59;Segunda;Arma de fogo;Masculino;49;Ensino Fundamental Incompleto;Não Informada
Fortaleza;AIS 21;HOMICIDIO DOLOSO;2021-01-18;20:44:59;Segunda;Arma de fogo;Masculino;49;Alfabetizado;Preta
Fortaleza;AIS 17;HOMICIDIO DOLOSO;2021-01-18;22:30:00;Segunda;Arma de fogo;Masculino;28;Ensino Fundamental Completo;Não Informada
Maracanaú;AIS 14;HOMICIDIO DOLOSO;2021-01-18;22:34:59;Segunda;Arma de fogo;Feminino;17;Ensino Médio Incompleto;Não Informada
Fortaleza;AIS 05;HOMICIDIO DOLOSO;2021-01-19;06:00:00;Terça;Arma branca;Masculino;45;Ensino Médio Completo;Não Informada
Fortaleza;AIS 21;HOMICIDIO DOLOSO;2021-01-19;08:10:00;Terça;Arma de fogo;Feminino;28;Não Informada;Não Informada
Fortaleza;AIS 17;HOMICIDIO DOLOSO;2021-01-19;08:56:00;Terça;Arma de fogo;Masculino;48;Ensino Fundamental Incompleto;Não Informada
Coreaú;AIS 03;HOMICIDIO DOLOSO;2021-01-19;09:10:00;Terça;Arma de fogo;Masculino;32;Alfabetizado;Não Informada
Limoeiro do Norte;AIS 01;HOMICIDIO DOLOSO;2021-01-19;16:00:00;Terça;Arma branca;Masculino;62;Não Informada;Não Informada
Juazeiro do Norte;AIS 02;HOMICIDIO DOLOSO;2021-01-19;19:00:00;Terça;Arma de fogo;Masculino;28;Não Informada;Não Informada
Paraipaba;AIS 23;HOMICIDIO DOLOSO;2021-01-19;19:30:00;Terça;Arma de fogo;Masculino;25;Ensino Fundamental Completo;Não Informada
Aquiraz;AIS 15;HOMICIDIO DOLOSO;2021-01-19;19:59:59;Terça;Arma de fogo;Masculino;Não Informada;Não Informada;Não Informada
Tejuçuoca;AIS 11;HOMICIDIO DOLOSO;2021-01-19;21:45:00;Terça;Outros meios;Masculino;3;Não Alfabetizado;Não Informada
Aquiraz;AIS 15;HOMICIDIO DOLOSO;2021-01-19;22:46:00;Terça;Arma de fogo;Masculino;55;Ensino Fundamental Incompleto;Parda
Maranguape;AIS 24;HOMICIDIO DOLOSO;2021-01-20;01:20:00;Quarta;Arma de fogo;Masculino;39;Alfabetizado;Não Informada
Fortaleza;AIS 17;HOMICIDIO DOLOSO;2021-01-20;15:01:00;Quarta;Arma de fogo;Masculino;35;Alfabetizado;Não Informada
Icapuí;AIS 30;HOMICIDIO DOLOSO;2021-01-20;17:30:00;Quarta;Arma de fogo;Masculino;29;Ensino Médio Incompleto;Parda
Aracati;AIS 30;HOMICIDIO DOLOSO;2021-01-20;20:40:00;Quarta;Arma de fogo;Masculino;22;Alfabetizado;Parda
Cedro;AIS 34;HOMICIDIO DOLOSO;2021-01-20;21:00:00;Quarta;Arma de fogo;Masculino;16;Alfabetizado;Não Informada
Fortaleza;AIS 18;HOMICIDIO DOLOSO;2021-01-20;22:00:00;Quarta;Arma de fogo;Masculino;26;Ensino Médio Completo;Parda
Fortaleza;AIS 18;HOMICIDIO DOLOSO;2021-01-21;14:30:00;Quinta;Arma branca;Masculino;20;Ensino Médio Incompleto;Não Informada
Jaguaruana;AIS 01;HOMICIDIO DOLOSO;2021-01-21;16:00:00;Quinta;Arma de fogo;Masculino;29;Ensino Fundamental Incompleto;Não Informada
Morada Nova;AIS 09;HOMICIDIO DOLOSO;2021-01-21;16:40:00;Quinta;Arma de fogo;Masculino;24;Ensino Fundamental Incompleto;Não Informada
Fortaleza;AIS 18;HOMICIDIO DOLOSO;2021-01-21;16:55:00;Quinta;Arma de fogo;Masculino;41;Alfabetizado;Não Informada
Fortaleza;AIS 20;HOMICIDIO DOLOSO;2021-01-21;17:30:00;Quinta;Arma de fogo;Masculino;20;Ensino Fundamental Incompleto;Parda
Guaiúba;AIS 24;HOMICIDIO DOLOSO;2021-01-21;20:18:00;Quinta;Arma de fogo;Masculino;29;Alfabetizado;Parda
Juazeiro do Norte;AIS 02;HOMICIDIO DOLOSO;2021-01-21;21:15:00;Quinta;Arma de fogo;Masculino;33;Alfabetizado;Parda
Itaitinga;AIS 25;HOMICIDIO DOLOSO;2021-01-21;22:51:00;Quinta;Arma de fogo;Masculino;39;Ensino Médio Completo;Parda
Aracoiaba;AIS 29;HOMICIDIO DOLOSO;2021-01-22;01:00:00;Sexta;Arma de fogo;Masculino;18;Ensino Médio Incompleto;Não Informada
Juazeiro do Norte;AIS 02;HOMICIDIO DOLOSO;2021-01-22;02:10:00;Sexta;Arma de fogo;Masculino;17;Ensino Fundamental Incompleto;Parda
Fortaleza;AIS 17;HOMICIDIO DOLOSO;2021-01-22;04:56:00;Sexta;Arma de fogo;Masculino;20;Alfabetizado;Não Informada
Fortaleza;AIS 16;HOMICIDIO DOLOSO;2021-01-22;11:19:59;Sexta;Arma de fogo;Masculino;22;Ensino Fundamental Incompleto;Parda
Baturité;AIS 29;HOMICIDIO DOLOSO;2021-01-22;15:00:00;Sexta;Outros meios;Masculino;18;Ensino Fundamental Incompleto;Não Informada
Guaiúba;AIS 24;HOMICIDIO DOLOSO;2021-01-22;15:00:00;Sexta;Arma de fogo;Masculino;27;Alfabetizado;Não Informada
Eusébio;AIS 15;HOMICIDIO DOLOSO;2021-01-22;17:10:00;Sexta;Arma de fogo;Masculino;46;Alfabetizado;Não Informada
Boa Viagem;AIS 04;HOMICIDIO DOLOSO;2021-01-22;18:49:59;Sexta;Arma de fogo;Masculino;20;Alfabetizado;Parda
Iguatu;AIS 10;HOMICIDIO DOLOSO;2021-01-22;20:05:00;Sexta;Arma de fogo;Masculino;27;Ensino Fundamental Completo;Não Informada
Fortaleza;AIS 21;HOMICIDIO DOLOSO;2021-01-22;21:29:59;Sexta;Arma de fogo;Masculino;17;Alfabetizado;Parda
Fortaleza;AIS 18;HOMICIDIO DOLOSO;2021-01-22;23:30:00;Sexta;Arma de fogo;Masculino;54;Alfabetizado;Não Informada
Fortaleza;AIS 17;HOMICIDIO DOLOSO;2021-01-23;07:10:00;Sábado;Arma de fogo;Masculino;Não Informada;Não Informada;Não Informada
Juazeiro do Norte;AIS 02;HOMICIDIO DOLOSO;2021-01-23;15:29:59;Sábado;Arma de fogo;Masculino;19;Alfabetizado;Não Informada
Quixadá;AIS 09;HOMICIDIO DOLOSO;2021-01-23;15:29:59;Sábado;Arma de fogo;Masculino;24;Ensino Fundamental Incompleto;Não Informada
Quixadá;AIS 09;HOMICIDIO DOLOSO;2021-01-23;15:29:59;Sábado;Arma de fogo;Masculino;47;Alfabetizado;Não Informada
Itaitinga;AIS 25;HOMICIDIO DOLOSO;2021-01-23;16:20:00;Sábado;Arma de fogo;Masculino;38;Ensino Médio Incompleto;Não Informada
Fortaleza;AIS 06;HOMICIDIO DOLOSO;2021-01-23;16:59:59;Sábado;Arma de fogo;Masculino;19;Alfabetizado;Parda
Itaitinga;AIS 25;HOMICIDIO DOLOSO;2021-01-23;20:11:00;Sábado;Arma de fogo;Feminino;29;Ensino Médio Incompleto;Não Informada
Fortaleza;AIS 19;HOMICIDIO DOLOSO;2021-01-23;20:22:00;Sábado;Arma de fogo;Masculino;38;Alfabetizado;Não Informada
Sobral;AIS 03;HOMICIDIO DOLOSO;2021-01-23;22:00:00;Sábado;Arma de fogo;Masculino;15;Alfabetizado;Parda
Fortaleza;AIS 21;HOMICIDIO DOLOSO;2021-01-24;00:29:59;Domingo;Arma de fogo;Masculino;20;Ensino Fundamental Completo;Não Informada
Fortaleza;AIS 18;HOMICIDIO DOLOSO;2021-01-24;01:37:00;Domingo;Arma de fogo;Masculino;32;Ensino Médio Incompleto;Não Informada
Sobral;AIS 03;HOMICIDIO DOLOSO;2021-01-24;01:59:59;Domingo;Arma de fogo;Masculino;35;Alfabetizado;Parda
Ubajara;AIS 27;HOMICIDIO DOLOSO;2021-01-24;02:34:00;Domingo;Arma branca;Masculino;36;Alfabetizado;Não Informada
Horizonte;AIS 25;HOMICIDIO DOLOSO;2021-01-24;04:00:00;Domingo;Arma de fogo;Masculino;20;Ensino Médio Incompleto;Não Informada
Fortaleza;AIS 08;HOMICIDIO DOLOSO;2021-01-24;04:23:00;Domingo;Arma de fogo;Masculino;Não Informada;Não Informada;Não Informada
Aquiraz;AIS 15;HOMICIDIO DOLOSO;2021-01-24;05:30:00;Domingo;Arma de fogo;Masculino;21;Ensino Fundamental Incompleto;Parda
Mucambo;AIS 03;HOMICIDIO DOLOSO;2021-01-24;16:00:00;Domingo;Arma branca;Masculino;38;Alfabetizado;Não Informada
Fortaleza;AIS 20;HOMICIDIO DOLOSO;2021-01-24;18:28:00;Domingo;Arma de fogo;Masculino;Não Informada;Não Informada;Não Informada
Caucaia;AIS 12;HOMICIDIO DOLOSO;2021-01-24;19:45:00;Domingo;Arma de fogo;Masculino;25;Ensino Fundamental Completo;Parda
Caucaia;AIS 12;HOMICIDIO DOLOSO;2021-01-24;19:45:00;Domingo;Arma de fogo;Feminino;15;Ensino Fundamental Completo;Não Informada
Acaraú;AIS 11;HOMICIDIO DOLOSO;2021-01-24;21:29:59;Domingo;Arma branca;Masculino;50;Alfabetizado;Não Informada
Sobral;AIS 03;HOMICIDIO DOLOSO;2021-01-24;21:49:59;Domingo;Arma de fogo;Masculino;24;Alfabetizado;Não Informada
Pacajus;AIS 25;HOMICIDIO DOLOSO;2021-01-25;03:49:59;Segunda;Arma de fogo;Masculino;27;Ensino Fundamental Incompleto;Não Informada
Forquilha;AIS 03;HOMICIDIO DOLOSO;2021-01-25;09:00:00;Segunda;Arma de fogo;Masculino;19;Alfabetizado;Não Informada
Quixadá;AIS 09;HOMICIDIO DOLOSO;2021-01-25;13:00:00;Segunda;Arma de fogo;Masculino;22;Não Informada;Parda
Aracati;AIS 30;HOMICIDIO DOLOSO;2021-01-25;13:00:00;Segunda;Arma de fogo;Masculino;35;Alfabetizado;Não Informada
Tianguá;AIS 27;HOMICIDIO DOLOSO;2021-01-25;14:30:00;Segunda;Arma branca;Masculino;38;Não Informada;Parda
Fortaleza;AIS 21;HOMICIDIO DOLOSO;2021-01-25;18:29:59;Segunda;Arma de fogo;Masculino;23;Alfabetizado;Não Informada
Sobral;AIS 03;HOMICIDIO DOLOSO;2021-01-25;21:00:00;Segunda;Arma de fogo;Masculino;19;Alfabetizado;Não Informada
Pacajus;AIS 25;HOMICIDIO DOLOSO;2021-01-25;22:30:00;Segunda;Arma de fogo;Masculino;Não Informada;Não Informada;Não Informada
Aquiraz;AIS 15;HOMICIDIO DOLOSO;2021-01-26;14:40:00;Terça;Arma de fogo;Masculino;28;Alfabetizado;Parda
São João do Jaguaribe;AIS 01;HOMICIDIO DOLOSO;2021-01-26;17:15:00;Terça;Arma de fogo;Masculino;51;Não Informada;Não Informada
Horizonte;AIS 25;HOMICIDIO DOLOSO;2021-01-26;17:44:59;Terça;Arma de fogo;Masculino;30;Ensino Médio Completo;Parda
Fortaleza;AIS 17;HOMICIDIO DOLOSO;2021-01-26;18:10:00;Terça;Arma de fogo;Masculino;19;Alfabetizado;Não Informada
Morada Nova;AIS 09;HOMICIDIO DOLOSO;2021-01-26;21:00:00;Terça;Arma de fogo;Masculino;33;Alfabetizado;Não Informada
Quixelô;AIS 10;HOMICIDIO DOLOSO;2021-01-27;01:30:00;Quarta;Arma branca;Masculino;58;Alfabetizado;Não Informada
Horizonte;AIS 25;HOMICIDIO DOLOSO;2021-01-27;01:47:00;Quarta;Arma de fogo;Feminino;19;Alfabetizado;Parda
Baturité;AIS 29;HOMICIDIO DOLOSO;2021-01-27;02:30:00;Quarta;Arma de fogo;Masculino;26;Ensino Fundamental Incompleto;Não Informada
Fortaleza;AIS 21;HOMICIDIO DOLOSO;2021-01-27;11:10:00;Quarta;Arma de fogo;Masculino;22;Ensino Fundamental Completo;Não Informada
Pacajus;AIS 25;HOMICIDIO DOLOSO;2021-01-27;11:30:00;Quarta;Arma de fogo;Masculino;30;Ensino Fundamental Completo;Não Informada
São Luís do Curu;AIS 23;HOMICIDIO DOLOSO;2021-01-27;12:00:00;Quarta;Arma de fogo;Masculino;Não Informada;Não Informada;Não Informada
Fortaleza;AIS 06;HOMICIDIO DOLOSO;2021-01-27;17:40:00;Quarta;Arma de fogo;Masculino;41;Alfabetizado;Parda
Fortaleza;AIS 16;ROUBO SEGUIDO DE MORTE (LATROCINIO);2021-01-27;19:00:00;Quarta;Arma de fogo;Masculino;34;Ensino Médio Incompleto;Parda
Maracanaú;AIS 14;HOMICIDIO DOLOSO;2021-01-27;20:05:00;Quarta;Arma de fogo;Masculino;18;Não Informada;Não Informada
Iguatu;AIS 10;HOMICIDIO DOLOSO;2021-01-28;06:29:59;Quinta;Arma de fogo;Masculino;28;Alfabetizado;Parda
Tabuleiro do Norte;AIS 01;HOMICIDIO DOLOSO;2021-01-28;08:40:00;Quinta;Arma de fogo;Masculino;50;Não Informada;Não Informada
Fortaleza;AIS 18;HOMICIDIO DOLOSO;2021-01-28;12:19:59;Quinta;Arma de fogo;Masculino;27;Ensino Médio Incompleto;Não Informada
Pacajus;AIS 25;HOMICIDIO DOLOSO;2021-01-28;16:00:00;Quinta;Arma de fogo;Masculino;Não Informada;Não Informada;Não Informada
Fortaleza;AIS 16;HOMICIDIO DOLOSO;2021-01-28;16:30:00;Quinta;Arma de fogo;Masculino;26;Alfabetizado;Não Informada
Fortaleza;AIS 21;HOMICIDIO DOLOSO;2021-01-28;19:59:59;Quinta;Arma de fogo;Masculino;16;Alfabetizado;Parda
Graça;AIS 03;HOMICIDIO DOLOSO;2021-01-28;20:30:00;Quinta;Arma de fogo;Masculino;72;Não Alfabetizado;Parda
Maracanaú;AIS 14;ROUBO SEGUIDO DE MORTE (LATROCINIO);2021-01-28;21:29:59;Quinta;Arma de fogo;Masculino;30;Ensino Médio Completo;Parda
Fortaleza;AIS 18;HOMICIDIO DOLOSO;2021-01-28;22:55:00;Quinta;Arma de fogo;Feminino;16;Ensino Fundamental Incompleto;Não Informada
Caucaia;AIS 12;HOMICIDIO DOLOSO;2021-01-29;04:59:59;Sexta;Arma de fogo;Masculino;31;Ensino Fundamental Incompleto;Não Informada
Fortaleza;AIS 22;HOMICIDIO DOLOSO;2021-01-29;13:49:59;Sexta;Arma de fogo;Masculino;31;Ensino Fundamental Incompleto;Não Informada
Cruz;AIS 11;HOMICIDIO DOLOSO;2021-01-29;13:59:59;Sexta;Arma de fogo;Masculino;23;Ensino Médio Completo;Parda
Fortaleza;AIS 22;HOMICIDIO DOLOSO;2021-01-29;15:00:00;Sexta;Arma de fogo;Masculino;28;Alfabetizado;Parda
Crato;AIS 02;HOMICIDIO DOLOSO;2021-01-29;19:00:00;Sexta;Arma de fogo;Masculino;25;Ensino Fundamental Completo;Não Informada
Cascavel;AIS 15;HOMICIDIO DOLOSO;2021-01-29;19:18:00;Sexta;Arma de fogo;Masculino;38;Ensino Médio Completo;Não Informada
Eusébio;AIS 15;HOMICIDIO DOLOSO;2021-01-29;19:30:00;Sexta;Arma de fogo;Masculino;21;Ensino Médio Incompleto;Parda
Caucaia;AIS 12;HOMICIDIO DOLOSO;2021-01-29;19:30:00;Sexta;Arma de fogo;Masculino;27;Ensino Fundamental Completo;Não Informada
Fortaleza;AIS 06;HOMICIDIO DOLOSO;2021-01-30;00:19:59;Sábado;Arma de fogo;Masculino;32;Ensino Médio Incompleto;Parda
Fortaleza;AIS 06;HOMICIDIO DOLOSO;2021-01-30;00:19:59;Sábado;Arma de fogo;Masculino;30;Ensino Fundamental Completo;Não Informada
General Sampaio;AIS 11;HOMICIDIO DOLOSO;2021-01-30;03:29:59;Sábado;Arma de fogo;Masculino;27;Ensino Fundamental Incompleto;Parda
Fortaleza;AIS 19;HOMICIDIO DOLOSO;2021-01-30;12:08:00;Sábado;Arma de fogo;Masculino;21;Não Informada;Branca
Pacajus;AIS 25;HOMICIDIO DOLOSO;2021-01-30;14:10:00;Sábado;Arma de fogo;Feminino;15;Não Informada;Não Informada
Fortaleza;AIS 05;HOMICIDIO DOLOSO;2021-01-30;16:00:00;Sábado;Arma de fogo;Masculino;24;Ensino Fundamental Incompleto;Não Informada
Maracanaú;AIS 14;HOMICIDIO DOLOSO;2021-01-30;20:40:00;Sábado;Arma de fogo;Masculino;28;Ensino Fundamental Incompleto;Não Informada
Pacajus;AIS 25;HOMICIDIO DOLOSO;2021-01-30;21:00:00;Sábado;Arma branca;Masculino;Não Informada;Não Informada;Não Informada
Limoeiro do Norte;AIS 01;HOMICIDIO DOLOSO;2021-01-31;01:30:00;Domingo;Arma de fogo;Masculino;17;Alfabetizado;Não Informada
Limoeiro do Norte;AIS 01;HOMICIDIO DOLOSO;2021-01-31;01:30:00;Domingo;Arma de fogo;Masculino;16;Alfabetizado;Não Informada
Jardim;AIS 02;HOMICIDIO DOLOSO;2021-01-31;03:00:00;Domingo;Arma de fogo;Masculino;40;Ensino Fundamental Completo;Não Informada
Caucaia;AIS 12;HOMICIDIO DOLOSO;2021-01-31;03:29:59;Domingo;Arma de fogo;Masculino;48;Ensino Fundamental Incompleto;Não Informada
Iguatu;AIS 10;HOMICIDIO DOLOSO;2021-01-31;03:40:00;Domingo;Arma de fogo;Masculino;18;Ensino Fundamental Incompleto;Parda
Amontada;AIS 11;HOMICIDIO DOLOSO;2021-01-31;04:45:00;Domingo;Arma branca;Feminino;26;Alfabetizado;Parda
Fortaleza;AIS 18;HOMICIDIO DOLOSO;2021-01-31;10:59:59;Domingo;Arma de fogo;Masculino;22;Ensino Médio Incompleto;Não Informada
Juazeiro do Norte;AIS 02;HOMICIDIO DOLOSO;2021-01-31;15:04:59;Domingo;Outros meios;Masculino;39;Alfabetizado;Não Informada
Maracanaú;AIS 14;HOMICIDIO DOLOSO;2021-01-31;17:44:59;Domingo;Arma de fogo;Masculino;31;Ensino Fundamental Completo;Não Informada
Fortaleza;AIS 20;HOMICIDIO DOLOSO;2021-01-31;19:59:59;Domingo;Outros meios;Feminino;64;Ensino Fundamental Incompleto;Não Informada
Itapajé;AIS 11;HOMICIDIO DOLOSO;2021-01-31;20:30:00;Domingo;Arma branca;Masculino;24;Alfabetizado;Não Informada
Maranguape;AIS 24;HOMICIDIO DOLOSO;2021-01-31;21:40:00;Domingo;Arma de fogo;Masculino;30;Alfabetizado;Parda
Maranguape;AIS 24;HOMICIDIO DOLOSO;2021-01-31;21:40:00;Domingo;Arma de fogo;Masculino;34;Ensino Fundamental Completo;Parda
São Benedito;AIS 27;HOMICIDIO DOLOSO;2021-02-01;04:59:59;Segunda;Arma de fogo;Masculino;20;Ensino Médio Incompleto;Parda
Fortaleza;AIS 21;HOMICIDIO DOLOSO;2021-02-01;05:05:59;Segunda;Arma de fogo;Masculino;20;Ensino Fundamental Completo;Não Informada
Horizonte;AIS 25;HOMICIDIO DOLOSO;2021-02-01;08:30:00;Segunda;Arma de fogo;Masculino;17;Ensino Fundamental Incompleto;Não Informada
Salitre;AIS 33;HOMICIDIO DOLOSO;2021-02-01;11:30:00;Segunda;Outros meios;Masculino;26;Ensino Médio Completo;Não Informada
Baturité;AIS 29;HOMICIDIO DOLOSO;2021-02-01;16:00:00;Segunda;Arma de fogo;Masculino;36;Não Alfabetizado;Parda
Maracanaú;AIS 14;HOMICIDIO DOLOSO;2021-02-01;17:30:00;Segunda;Arma de fogo;Masculino;15;Ensino Fundamental Incompleto;Não Informada
Iguatu;AIS 10;HOMICIDIO DOLOSO;2021-02-01;21:00:00;Segunda;Arma de fogo;Masculino;27;Alfabetizado;Parda
Fortaleza;AIS 18;HOMICIDIO DOLOSO;2021-02-01;21:40:00;Segunda;Arma de fogo;Masculino;Não Informada;Não Informada;Não Informada
Fortaleza;AIS 19;HOMICIDIO DOLOSO;2021-02-01;22:34:59;Segunda;Arma de fogo;Masculino;22;Alfabetizado;Não Informada
Fortaleza;AIS 06;HOMICIDIO DOLOSO;2021-02-01;23:55:00;Segunda;Arma de fogo;Masculino;36;Não Informada;Não Informada
Apuiarés;AIS 11;HOMICIDIO DOLOSO;2021-02-02;02:19:59;Terça;Arma de fogo;Masculino;24;Alfabetizado;Não Informada
Tabuleiro do Norte;AIS 01;HOMICIDIO DOLOSO;2021-02-02;06:40:00;Terça;Arma de fogo;Masculino;55;Ensino Fundamental Incompleto;Não Informada
Fortaleza;AIS 16;HOMICIDIO DOLOSO;2021-02-02;07:25:00;Terça;Arma de fogo;Masculino;34;Ensino Médio Completo;Não Informada
Fortaleza;AIS 17;HOMICIDIO DOLOSO;2021-02-02;13:25:00;Terça;Arma de fogo;Masculino;34;Ensino Fundamental Incompleto;Não Informada
Itaitinga;AIS 25;HOMICIDIO DOLOSO;2021-02-02;16:30:00;Terça;Arma de fogo;Masculino;19;Ensino Fundamental Incompleto;Parda
Fortaleza;AIS 22;HOMICIDIO DOLOSO;2021-02-02;17:30:00;Terça;Arma de fogo;Masculino;23;Alfabetizado;Não Informada
Cascavel;AIS 15;HOMICIDIO DOLOSO;2021-02-02;17:30:00;Terça;Arma de fogo;Masculino;23;Alfabetizado;Não Informada
Pacatuba;AIS 24;HOMICIDIO DOLOSO;2021-02-02;19:59:59;Terça;Outros meios;Masculino;Não Informada;Não Informada;Não Informada
Pacatuba;AIS 24;HOMICIDIO DOLOSO;2021-02-02;21:00:00;Terça;Arma de fogo;Masculino;27;Alfabetizado;Parda
Fortaleza;AIS 18;HOMICIDIO DOLOSO;2021-02-02;21:00:00;Terça;Arma de fogo;Masculino;36;Ensino Médio Completo;Parda
Morada Nova;AIS 09;HOMICIDIO DOLOSO;2021-02-02;21:45:00;Terça;Arma de fogo;Feminino;19;Alfabetizado;Não Informada
Fortaleza;AIS 18;HOMICIDIO DOLOSO;2021-02-02;22:04:59;Terça;Arma de fogo;Feminino;27;Ensino Fundamental Completo;Não Informada
Itarema;AIS 11;FEMINICÍDIO;2021-02-03;01:00:00;Quarta;Arma de fogo;Feminino;23;Alfabetizado;Não Informada
Fortaleza;AIS 21;HOMICIDIO DOLOSO;2021-02-03;02:40:00;Quarta;Arma de fogo;Masculino;22;Ensino Fundamental Incompleto;Não Informada
Fortaleza;AIS 18;HOMICIDIO DOLOSO;2021-02-03;04:49:59;Quarta;Arma de fogo;Masculino;19;Ensino Fundamental Incompleto;Não Informada
Fortaleza;AIS 06;HOMICIDIO DOLOSO;2021-02-03;06:29:59;Quarta;Arma de fogo;Masculino;18;Ensino Fundamental Incompleto;Não Informada
Horizonte;AIS 25;HOMICIDIO DOLOSO;2021-02-03;07:59:59;Quarta;Arma de fogo;Masculino;33;Ensino Fundamental Completo;Não Informada
Aquiraz;AIS 15;HOMICIDIO DOLOSO;2021-02-03;08:05:00;Quarta;Arma de fogo;Masculino;Não Informada;Não Informada;Não Informada
Pacatuba;AIS 24;HOMICIDIO DOLOSO;2021-02-03;08:30:00;Quarta;Arma de fogo;Masculino;17;Ensino Fundamental Incompleto;Branca
Itapipoca;AIS 11;HOMICIDIO DOLOSO;2021-02-03;14:30:00;Quarta;Arma de fogo;Masculino;18;Alfabetizado;Parda
Fortaleza;AIS 05;HOMICIDIO DOLOSO;2021-02-03;14:40:00;Quarta;Arma de fogo;Masculino;42;Superior Completo;Não Informada
Ibicuitinga;AIS 09;HOMICIDIO DOLOSO;2021-02-03;19:30:00;Quarta;Arma de fogo;Feminino;14;Alfabetizado;Não Informada
Iguatu;AIS 10;HOMICIDIO DOLOSO;2021-02-03;20:30:00;Quarta;Arma de fogo;Masculino;20;Alfabetizado;Não Informada
Fortaleza;AIS 05;HOMICIDIO DOLOSO;2021-02-03;21:17:00;Quarta;Arma de fogo;Masculino;19;Ensino Médio Incompleto;Não Informada
Beberibe;AIS 30;HOMICIDIO DOLOSO;2021-02-04;00:40:00;Quinta;Arma de fogo;Masculino;36;Alfabetizado;Não Informada
Fortaleza;AIS 20;HOMICIDIO DOLOSO;2021-02-04;01:00:00;Quinta;Arma de fogo;Masculino;48;Ensino Fundamental Completo;Não Informada
Santana do Acaraú;AIS 03;HOMICIDIO DOLOSO;2021-02-04;07:10:00;Quinta;Arma de fogo;Masculino;18;Ensino Médio Incompleto;Não Informada
Fortaleza;AIS 17;HOMICIDIO DOLOSO;2021-02-04;08:30:00;Quinta;Arma de fogo;Masculino;25;Ensino Fundamental Incompleto;Não Informada
Pentecoste;AIS 11;HOMICIDIO DOLOSO;2021-02-04;13:10:00;Quinta;Arma de fogo;Masculino;39;Ensino Fundamental Completo;Não Informada
Fortaleza;AIS 05;HOMICIDIO DOLOSO;2021-02-04;21:00:00;Quinta;Arma de fogo;Masculino;48;Ensino Médio Completo;Branca
Sobral;AIS 03;HOMICIDIO DOLOSO;2021-02-04;21:40:00;Quinta;Arma de fogo;Masculino;22;Ensino Fundamental Completo;Não Informada
Caucaia;AIS 12;HOMICIDIO DOLOSO;2021-02-04;23:40:00;Quinta;Arma de fogo;Masculino;37;Ensino Médio Completo;Não Informada
Fortaleza;AIS 18;HOMICIDIO DOLOSO;2021-02-05;01:34:59;Sexta;Arma de fogo;Masculino;28;Ensino Fundamental Incompleto;Parda
Itatira;AIS 04;HOMICIDIO DOLOSO;2021-02-05;09:00:00;Sexta;Arma de fogo;Masculino;39;Alfabetizado;Não Informada
Pacatuba;AIS 24;HOMICIDIO DOLOSO;2021-02-05;12:57:59;Sexta;Arma de fogo;Masculino;Não Informada;Não Informada;Não Informada
Fortaleza;AIS 05;HOMICIDIO DOLOSO;2021-02-05;19:30:00;Sexta;Arma de fogo;Masculino;18;Ensino Fundamental Incompleto;Não Informada
Carnaubal;AIS 27;HOMICIDIO DOLOSO;2021-02-05;19:59:59;Sexta;Arma de fogo;Masculino;26;Ensino Fundamental Completo;Parda
Beberibe;AIS 30;HOMICIDIO DOLOSO;2021-02-05;21:12:00;Sexta;Arma de fogo;Masculino;43;Alfabetizado;Não Informada
Itapipoca;AIS 11;HOMICIDIO DOLOSO;2021-02-05;21:40:00;Sexta;Arma de fogo;Masculino;34;Ensino Fundamental Incompleto;Não Informada
Fortaleza;AIS 19;HOMICIDIO DOLOSO;2021-02-05;22:09:00;Sexta;Arma de fogo;Masculino;28;Alfabetizado;Não Informada
Sobral;AIS 03;HOMICIDIO DOLOSO;2021-02-06;03:00:00;Sábado;Arma de fogo;Masculino;31;Alfabetizado;Parda
Fortaleza;AIS 20;HOMICIDIO DOLOSO;2021-02-06;10:00:00;Sábado;Arma de fogo;Masculino;17;Alfabetizado;Não Informada
Novo Oriente;AIS 07;HOMICIDIO DOLOSO;2021-02-06;14:30:00;Sábado;Arma de fogo;Masculino;22;Não Informada;Não Informada
Fortaleza;AIS 08;HOMICIDIO DOLOSO;2021-02-06;14:40:00;Sábado;Arma de fogo;Feminino;20;Alfabetizado;Não Informada
Aquiraz;AIS 15;HOMICIDIO DOLOSO;2021-02-06;16:10:00;Sábado;Arma de fogo;Masculino;40;Alfabetizado;Não Informada
Pedra Branca;AIS 09;HOMICIDIO DOLOSO;2021-02-06;16:59:59;Sábado;Arma branca;Masculino;57;Não Informada;Não Informada
Fortaleza;AIS 21;HOMICIDIO DOLOSO;2021-02-06;17:19:59;Sábado;Arma de fogo;Masculino;21;Alfabetizado;Não Informada
Caucaia;AIS 12;HOMICIDIO DOLOSO;2021-02-06;18:36:59;Sábado;Arma de fogo;Masculino;45;Ensino Fundamental Incompleto;Não Informada
Crato;AIS 02;HOMICIDIO DOLOSO;2021-02-06;19:30:00;Sábado;Arma de fogo;Masculino;25;Não Alfabetizado;Preta
Missão Velha;AIS 02;HOMICIDIO DOLOSO;2021-02-06;22:59:59;Sábado;Arma de fogo;Masculino;22;Alfabetizado;Não Informada
Fortaleza;AIS 17;HOMICIDIO DOLOSO;2021-02-07;05:36:59;Domingo;Arma de fogo;Masculino;23;Alfabetizado;Não Informada
Nova Russas;AIS 07;HOMICIDIO DOLOSO;2021-02-07;10:59:59;Domingo;Arma branca;Masculino;51;Alfabetizado;Não Informada
Caucaia;AIS 26;HOMICIDIO DOLOSO;2021-02-07;11:19:59;Domingo;Arma de fogo;Masculino;27;Ensino Médio Completo;Não Informada
Caucaia;AIS 12;HOMICIDIO DOLOSO;2021-02-07;11:33:00;Domingo;Arma de fogo;Masculino;28;Alfabetizado;Não Informada
Fortaleza;AIS 17;HOMICIDIO DOLOSO;2021-02-07;11:36:59;Domingo;Arma de fogo;Masculino;32;Ensino Fundamental Incompleto;Não Informada
Pacatuba;AIS 24;HOMICIDIO DOLOSO;2021-02-07;13:59:59;Domingo;Arma de fogo;Masculino;28;Ensino Fundamental Completo;Não Informada
Fortaleza;AIS 16;HOMICIDIO DOLOSO;2021-02-07;16:18:00;Domingo;Arma de fogo;Masculino;18;Alfabetizado;Não Informada
Fortaleza;AIS 17;HOMICIDIO DOLOSO;2021-02-07;16:23:00;Domingo;Arma de fogo;Masculino;44;Não Alfabetizado;Não Informada
Santa Quitéria;AIS 07;HOMICIDIO DOLOSO;2021-02-07;16:58:00;Domingo;Arma de fogo;Masculino;40;Alfabetizado;Não Informada
Pacajus;AIS 25;HOMICIDIO DOLOSO;2021-02-07;16:59:59;Domingo;Arma de fogo;Masculino;Não Informada;Não Informada;Não Informada
Fortaleza;AIS 17;HOMICIDIO DOLOSO;2021-02-07;17:40:00;Domingo;Arma de fogo;Masculino;34;Alfabetizado;Parda
Aquiraz;AIS 15;HOMICIDIO DOLOSO;2021-02-07;21:00:00;Domingo;Arma branca;Masculino;58;Alfabetizado;Parda
Frecheirinha;AIS 03;HOMICIDIO DOLOSO;2021-02-07;21:29:59;Domingo;Arma de fogo;Masculino;21;Alfabetizado;Parda
Crato;AIS 02;HOMICIDIO DOLOSO;2021-02-07;21:29:59;Domingo;Arma de fogo;Masculino;60;Alfabetizado;Não Informada
Maracanaú;AIS 14;HOMICIDIO DOLOSO;2021-02-07;21:30:00;Domingo;Arma de fogo;Masculino;37;Ensino Fundamental Completo;Não Informada
Fortaleza;AIS 17;HOMICIDIO DOLOSO;2021-02-08;03:17:00;Segunda;Arma de fogo;Masculino;27;Ensino Fundamental Incompleto;Não Informada
Fortaleza;AIS 17;HOMICIDIO DOLOSO;2021-02-08;03:17:00;Segunda;Arma de fogo;Feminino;23;Não Informada;Não Informada
Jaguaruana;AIS 01;HOMICIDIO DOLOSO;2021-02-08;07:00:00;Segunda;Outros meios;Masculino;56;Não Alfabetizado;Não Informada
Irauçuba;AIS 11;HOMICIDIO DOLOSO;2021-02-08;07:59:59;Segunda;Arma branca;Masculino;35;Alfabetizado;Não Informada
Fortaleza;AIS 05;HOMICIDIO DOLOSO;2021-02-08;11:34:00;Segunda;Arma de fogo;Masculino;27;Alfabetizado;Não Informada
Crato;AIS 02;ROUBO SEGUIDO DE MORTE (LATROCINIO);2021-02-08;17:30:00;Segunda;Arma de fogo;Masculino;46;Alfabetizado;Não Informada
Fortaleza;AIS 21;HOMICIDIO DOLOSO;2021-02-08;19:16:00;Segunda;Arma de fogo;Masculino;39;Ensino Fundamental Completo;Não Informada
Salitre;AIS 33;HOMICIDIO DOLOSO;2021-02-08;19:59:59;Segunda;Arma de fogo;Masculino;21;Alfabetizado;Não Informada
Sobral;AIS 03;HOMICIDIO DOLOSO;2021-02-08;20:40:00;Segunda;Arma de fogo;Masculino;35;Ensino Médio Completo;Branca
Tianguá;AIS 27;HOMICIDIO DOLOSO;2021-02-09;03:00:00;Terça;Arma de fogo;Masculino;30;Ensino Fundamental Incompleto;Parda
Caucaia;AIS 12;HOMICIDIO DOLOSO;2021-02-09;07:09:00;Terça;Arma de fogo;Masculino;36;Ensino Médio Completo;Parda
Jijoca de Jericoacoara;AIS 11;HOMICIDIO DOLOSO;2021-02-09;10:00:00;Terça;Arma de fogo;Masculino;31;Ensino Fundamental Incompleto;Parda
Mucambo;AIS 03;HOMICIDIO DOLOSO;2021-02-09;13:59:59;Terça;Arma de fogo;Masculino;23;Ensino Fundamental Incompleto;Não Informada
Fortaleza;AIS 20;HOMICIDIO DOLOSO;2021-02-09;16:00:00;Terça;Arma de fogo;Masculino;24;Ensino Fundamental Completo;Não Informada
Fortaleza;AIS 19;HOMICIDIO DOLOSO;2021-02-09;18:00:00;Terça;Arma de fogo;Masculino;17;Alfabetizado;Não Informada
Horizonte;AIS 25;HOMICIDIO DOLOSO;2021-02-09;19:30:00;Terça;Arma de fogo;Masculino;24;Alfabetizado;Não Informada
Fortaleza;AIS 17;HOMICIDIO DOLOSO;2021-02-09;22:27:00;Terça;Arma de fogo;Masculino;16;Ensino Fundamental Incompleto;Não Informada
Redenção;AIS 29;HOMICIDIO DOLOSO;2021-02-10;02:15:00;Quarta;Arma de fogo;Masculino;17;Alfabetizado;Não Informada
Maranguape;AIS 24;HOMICIDIO DOLOSO;2021-02-10;03:00:00;Quarta;Arma de fogo;Masculino;15;Alfabetizado;Não Informada
Redenção;AIS 29;HOMICIDIO DOLOSO;2021-02-10;09:00:00;Quarta;Arma de fogo;Masculino;20;Alfabetizado;Não Informada
Caucaia;AIS 26;HOMICIDIO DOLOSO;2021-02-10;10:17:00;Quarta;Arma de fogo;Masculino;18;Ensino Fundamental Incompleto;Parda
Aquiraz;AIS 15;HOMICIDIO DOLOSO;2021-02-10;17:30:00;Quarta;Arma de fogo;Masculino;18;Alfabetizado;Não Informada
Fortaleza;AIS 17;HOMICIDIO DOLOSO;2021-02-10;19:00:00;Quarta;Arma de fogo;Masculino;26;Ensino Fundamental Incompleto;Não Informada
Pindoretama;AIS 15;HOMICIDIO DOLOSO;2021-02-10;21:29:59;Quarta;Outros meios;Masculino;Não Informada;Não Informada;Não Informada
Maracanaú;AIS 14;HOMICIDIO DOLOSO;2021-02-10;21:29:59;Quarta;Arma de fogo;Masculino;56;Não Alfabetizado;Não Informada
Fortaleza;AIS 06;HOMICIDIO DOLOSO;2021-02-10;22:00:00;Quarta;Arma de fogo;Masculino;36;Ensino Médio Incompleto;Não Informada
Mombaça;AIS 13;HOMICIDIO DOLOSO;2021-02-11;18:29:59;Quinta;Arma branca;Masculino;69;Não Alfabetizado;Parda
Fortaleza;AIS 06;HOMICIDIO DOLOSO;2021-02-11;22:00:00;Quinta;Arma de fogo;Masculino;32;Não Informada;Não Informada
Nova Olinda;AIS 02;HOMICIDIO DOLOSO;2021-02-12;01:00:00;Sexta;Arma de fogo;Masculino;21;Alfabetizado;Não Informada
Fortaleza;AIS 19;HOMICIDIO DOLOSO;2021-02-12;11:03:00;Sexta;Arma de fogo;Feminino;12;Ensino Fundamental Completo;Não Informada
Campos Sales;AIS 33;HOMICIDIO DOLOSO;2021-02-12;13:24:00;Sexta;Arma de fogo;Masculino;31;Ensino Médio Incompleto;Preta
Pedra Branca;AIS 09;HOMICIDIO DOLOSO;2021-02-12;21:00:00;Sexta;Arma de fogo;Masculino;17;Alfabetizado;Parda
Groaíras;AIS 03;HOMICIDIO DOLOSO;2021-02-12;21:00:00;Sexta;Arma de fogo;Masculino;32;Alfabetizado;Não Informada
Banabuiú;AIS 09;HOMICIDIO DOLOSO;2021-02-12;21:40:00;Sexta;Arma de fogo;Masculino;26;Ensino Fundamental Completo;Preta
Fortaleza;AIS 18;LESAO CORPORAL SEGUIDA DE MORTE;2021-02-13;03:00:00;Sábado;Outros meios;Masculino;39;Alfabetizado;Não Informada
Santa Quitéria;AIS 07;HOMICIDIO DOLOSO;2021-02-13;12:00:00;Sábado;Arma de fogo;Masculino;25;Alfabetizado;Não Informada
Independência;AIS 07;HOMICIDIO DOLOSO;2021-02-13;13:49:59;Sábado;Arma branca;Masculino;59;Ensino Fundamental Incompleto;Preta
Pacajus;AIS 25;HOMICIDIO DOLOSO;2021-02-13;15:29:59;Sábado;Arma de fogo;Masculino;16;Ensino Fundamental Completo;Parda
Fortaleza;AIS 21;HOMICIDIO DOLOSO;2021-02-13;16:00:00;Sábado;Arma de fogo;Masculino;34;Ensino Fundamental Completo;Não Informada
Fortaleza;AIS 22;HOMICIDIO DOLOSO;2021-02-13;17:30:00;Sábado;Arma de fogo;Masculino;15;Não Informada;Não Informada
Paraipaba;AIS 23;HOMICIDIO DOLOSO;2021-02-14;01:00:00;Domingo;Arma de fogo;Masculino;32;Ensino Fundamental Incompleto;Não Informada
Fortaleza;AIS 06;HOMICIDIO DOLOSO;2021-02-14;01:59:59;Domingo;Arma de fogo;Masculino;24;Ensino Fundamental Incompleto;Não Informada
Sobral;AIS 03;HOMICIDIO DOLOSO;2021-02-14;04:00:00;Domingo;Arma de fogo;Masculino;26;Alfabetizado;Não Informada
Fortaleza;AIS 21;HOMICIDIO DOLOSO;2021-02-14;07:34:59;Domingo;Arma branca;Feminino;23;Ensino Fundamental Completo;Parda
Massapê;AIS 03;HOMICIDIO DOLOSO;2021-02-14;12:00:00;Domingo;Arma de fogo;Masculino;25;Não Informada;Não Informada
Alto Santo;AIS 31;HOMICIDIO DOLOSO;2021-02-14;14:30:00;Domingo;Arma de fogo;Masculino;46;Alfabetizado;Parda
Pentecoste;AIS 11;HOMICIDIO DOLOSO;2021-02-14;15:00:00;Domingo;Arma branca;Masculino;49;Não Alfabetizado;Não Informada
Guaiúba;AIS 24;HOMICIDIO DOLOSO;2021-02-14;16:30:00;Domingo;Arma de fogo;Masculino;25;Ensino Fundamental Completo;Não Informada
Orós;AIS 34;HOMICIDIO DOLOSO;2021-02-14;18:29:59;Domingo;Arma branca;Masculino;27;Alfabetizado;Não Informada
Fortaleza;AIS 16;HOMICIDIO DOLOSO;2021-02-14;20:36:00;Domingo;Arma de fogo;Masculino;26;Ensino Médio Completo;Não Informada
Juazeiro do Norte;AIS 02;HOMICIDIO DOLOSO;2021-02-14;21:04:00;Domingo;Arma de fogo;Masculino;35;Não Alfabetizado;Não Informada
Forquilha;AIS 03;HOMICIDIO DOLOSO;2021-02-14;21:29:59;Domingo;Arma de fogo;Masculino;28;Alfabetizado;Não Informada
Aracoiaba;AIS 29;HOMICIDIO DOLOSO;2021-02-14;22:45:00;Domingo;Arma de fogo;Masculino;33;Ensino Fundamental Completo;Não Informada
Crato;AIS 02;HOMICIDIO DOLOSO;2021-02-15;00:19:59;Segunda;Arma de fogo;Masculino;38;Alfabetizado;Parda
Horizonte;AIS 25;HOMICIDIO DOLOSO;2021-02-15;06:00:00;Segunda;Arma de fogo;Masculino;32;Ensino Médio Completo;Não Informada
Tianguá;AIS 27;HOMICIDIO DOLOSO;2021-02-15;09:00:00;Segunda;Arma branca;Masculino;25;Ensino Fundamental Incompleto;Não Informada
Itapipoca;AIS 11;HOMICIDIO DOLOSO;2021-02-15;13:00:00;Segunda;Outros meios;Masculino;16;Alfabetizado;Não Informada
Fortaleza;AIS 18;HOMICIDIO DOLOSO;2021-02-15;15:55:55;Segunda;Arma branca;Masculino;28;Ensino Médio Completo;Parda
Maracanaú;AIS 14;HOMICIDIO DOLOSO;2021-02-15;16:40:00;Segunda;Arma de fogo;Masculino;31;Ensino Fundamental Incompleto;Não Informada
Ibicuitinga;AIS 09;HOMICIDIO DOLOSO;2021-02-15;21:00:00;Segunda;Arma de fogo;Masculino;16;Alfabetizado;Não Informada
Juazeiro do Norte;AIS 02;HOMICIDIO DOLOSO;2021-02-16;01:59:59;Terça;Arma de fogo;Masculino;31;Ensino Médio Incompleto;Não Informada
Fortaleza;AIS 20;HOMICIDIO DOLOSO;2021-02-16;02:30:00;Terça;Arma de fogo;Feminino;14;Ensino Fundamental Incompleto;Parda
Fortaleza;AIS 20;HOMICIDIO DOLOSO;2021-02-16;02:30:00;Terça;Arma de fogo;Masculino;18;Ensino Fundamental Incompleto;Não Informada
Fortaleza;AIS 20;HOMICIDIO DOLOSO;2021-02-16;02:30:00;Terça;Arma de fogo;Masculino;17;Ensino Fundamental Incompleto;Não Informada
Guaiúba;AIS 24;ROUBO SEGUIDO DE MORTE (LATROCINIO);2021-02-16;03:00:00;Terça;Arma de fogo;Masculino;26;Ensino Fundamental Completo;Não Informada
Quixeré;AIS 01;HOMICIDIO DOLOSO;2021-02-16;03:00:00;Terça;Arma de fogo;Feminino;28;Ensino Fundamental Incompleto;Não Informada
Fortaleza;AIS 21;HOMICIDIO DOLOSO;2021-02-16;16:39:00;Terça;Outros meios;Masculino;25;Ensino Médio Incompleto;Não Informada
Fortaleza;AIS 08;HOMICIDIO DOLOSO;2021-02-16;21:00:00;Terça;Arma de fogo;Masculino;25;Alfabetizado;Não Informada
Quixadá;AIS 09;HOMICIDIO DOLOSO;2021-02-17;08:30:00;Quarta;Arma de fogo;Masculino;32;Alfabetizado;Não Informada
São João do Jaguaribe;AIS 01;HOMICIDIO DOLOSO;2021-02-17;19:00:00;Quarta;Arma de fogo;Masculino;27;Ensino Fundamental Completo;Não Informada
Croatá;AIS 27;HOMICIDIO DOLOSO;2021-02-17;20:00:00;Quarta;Arma de fogo;Masculino;21;Alfabetizado;Parda
Jijoca de Jericoacoara;AIS 11;LESAO CORPORAL SEGUIDA DE MORTE;2021-02-17;22:49:59;Quarta;Outros meios;Masculino;33;Alfabetizado;Não Informada
Caucaia;AIS 12;HOMICIDIO DOLOSO;2021-02-18;00:12:59;Quinta;Arma de fogo;Masculino;37;Ensino Médio Completo;Não Informada
Tauá;AIS 13;FEMINICÍDIO;2021-02-18;07:00:00;Quinta;Outros meios;Feminino;85;Não Informada;Não Informada
Tianguá;AIS 27;HOMICIDIO DOLOSO;2021-02-18;14:30:00;Quinta;Arma de fogo;Feminino;26;Não Informada;Não Informada
Fortaleza;AIS 21;HOMICIDIO DOLOSO;2021-02-18;20:50:00;Quinta;Arma de fogo;Masculino;21;Ensino Fundamental Incompleto;Parda
Pedra Branca;AIS 09;HOMICIDIO DOLOSO;2021-02-18;21:19:59;Quinta;Arma de fogo;Masculino;39;Alfabetizado;Branca
Caucaia;AIS 12;HOMICIDIO DOLOSO;2021-02-18;23:40:00;Quinta;Arma de fogo;Masculino;22;Ensino Fundamental Completo;Não Informada
Itaitinga;AIS 25;HOMICIDIO DOLOSO;2021-02-19;13:39:00;Sexta;Arma de fogo;Masculino;39;Alfabetizado;Não Informada
Maracanaú;AIS 14;HOMICIDIO DOLOSO;2021-02-19;13:47:00;Sexta;Arma de fogo;Masculino;34;Superior Completo;Não Informada
Jati;AIS 32;HOMICIDIO DOLOSO;2021-02-19;13:59:59;Sexta;Outros meios;Masculino;48;Não Informada;Não Informada
São João do Jaguaribe;AIS 01;HOMICIDIO DOLOSO;2021-02-19;16:30:00;Sexta;Arma de fogo;Masculino;25;Ensino Fundamental Completo;Não Informada
Juazeiro do Norte;AIS 02;HOMICIDIO DOLOSO;2021-02-19;16:45:00;Sexta;Arma de fogo;Masculino;27;Ensino Médio Incompleto;Não Informada
Fortaleza;AIS 16;HOMICIDIO DOLOSO;2021-02-19;18:40:00;Sexta;Arma de fogo;Masculino;23;Não Informada;Não Informada
Eusébio;AIS 15;HOMICIDIO DOLOSO;2021-02-19;19:40:00;Sexta;Arma de fogo;Masculino;18;Ensino Médio Incompleto;Não Informada
Fortaleza;AIS 18;HOMICIDIO DOLOSO;2021-02-19;21:00:00;Sexta;Arma de fogo;Masculino;46;Ensino Fundamental Incompleto;Não Informada
Fortaleza;AIS 18;HOMICIDIO DOLOSO;2021-02-20;01:00:00;Sábado;Arma de fogo;Masculino;28;Não Informada;Parda
Caucaia;AIS 26;HOMICIDIO DOLOSO;2021-02-20;01:30:00;Sábado;Arma de fogo;Masculino;28;Alfabetizado;Não Informada
Jucás;AIS 10;HOMICIDIO DOLOSO;2021-02-20;13:00:00;Sábado;Arma branca;Masculino;35;Não Alfabetizado;Não Informada
Guaraciaba do Norte;AIS 27;HOMICIDIO DOLOSO;2021-02-20;19:59:59;Sábado;Arma de fogo;Masculino;28;Ensino Fundamental Incompleto;Não Informada
Guaraciaba do Norte;AIS 27;HOMICIDIO DOLOSO;2021-02-20;19:59:59;Sábado;Arma de fogo;Masculino;17;Alfabetizado;Não Informada
Pentecoste;AIS 11;HOMICIDIO DOLOSO;2021-02-20;19:59:59;Sábado;Arma de fogo;Masculino;74;Alfabetizado;Não Informada
Uruburetama;AIS 11;HOMICIDIO DOLOSO;2021-02-20;20:19:59;Sábado;Arma de fogo;Masculino;20;Ensino Fundamental Incompleto;Não Informada
Sobral;AIS 03;HOMICIDIO DOLOSO;2021-02-21;01:30:00;Domingo;Arma de fogo;Masculino;18;Alfabetizado;Não Informada
Sobral;AIS 03;HOMICIDIO DOLOSO;2021-02-21;03:00:00;Domingo;Arma de fogo;Masculino;31;Ensino Fundamental Incompleto;Não Informada
Fortaleza;AIS 21;HOMICIDIO DOLOSO;2021-02-21;06:59:00;Domingo;Arma de fogo;Masculino;20;Não Informada;Não Informada
Caucaia;AIS 12;HOMICIDIO DOLOSO;2021-02-21;07:59:00;Domingo;Arma branca;Masculino;32;Alfabetizado;Parda
Quixeramobim;AIS 09;HOMICIDIO DOLOSO;2021-02-21;08:30:00;Domingo;Arma de fogo;Masculino;19;Alfabetizado;Não Informada
Acaraú;AIS 11;HOMICIDIO DOLOSO;2021-02-21;11:30:00;Domingo;Arma de fogo;Masculino;35;Ensino Médio Incompleto;Não Informada
Fortaleza;AIS 20;HOMICIDIO DOLOSO;2021-02-21;12:29:59;Domingo;Arma de fogo;Masculino;34;Ensino Médio Completo;Não Informada
Fortaleza;AIS 19;HOMICIDIO DOLOSO;2021-02-21;16:58:00;Domingo;Arma de fogo;Masculino;27;Ensino Médio Completo;Não Informada
Caucaia;AIS 26;HOMICIDIO DOLOSO;2021-02-21;18:29:59;Domingo;Arma de fogo;Masculino;27;Ensino Fundamental Incompleto;Não Informada
Sobral;AIS 03;HOMICIDIO DOLOSO;2021-02-21;20:30:00;Domingo;Arma de fogo;Masculino;35;Ensino Médio Incompleto;Não Informada
Fortaleza;AIS 16;HOMICIDIO DOLOSO;2021-02-21;20:56:00;Domingo;Arma de fogo;Masculino;23;Alfabetizado;Não Informada
Trairi;AIS 23;HOMICIDIO DOLOSO;2021-02-21;22:20:00;Domingo;Arma de fogo;Masculino;34;Ensino Fundamental Incompleto;Parda
São Benedito;AIS 27;HOMICIDIO DOLOSO;2021-02-22;07:00:00;Segunda;Arma de fogo;Masculino;32;Ensino Fundamental Incompleto;Parda
Poranga;AIS 07;HOMICIDIO DOLOSO;2021-02-22;07:00:00;Segunda;Arma branca;Masculino;19;Não Informada;Não Informada
Aurora;AIS 02;HOMICIDIO DOLOSO;2021-02-22;12:29:59;Segunda;Arma de fogo;Masculino;19;Ensino Fundamental Incompleto;Não Informada
Cascavel;AIS 15;HOMICIDIO DOLOSO;2021-02-22;13:30:00;Segunda;Arma de fogo;Masculino;25;Alfabetizado;Não Informada
Itaitinga;AIS 25;HOMICIDIO DOLOSO;2021-02-22;16:30:00;Segunda;Arma de fogo;Masculino;33;Alfabetizado;Não Informada
Fortaleza;AIS 18;HOMICIDIO DOLOSO;2021-02-22;22:00:00;Segunda;Arma de fogo;Masculino;23;Ensino Médio Completo;Não Informada
Acarape;AIS 29;HOMICIDIO DOLOSO;2021-02-22;22:30:00;Segunda;Arma de fogo;Masculino;21;Ensino Médio Completo;Não Informada
Itarema;AIS 11;HOMICIDIO DOLOSO;2021-02-22;23:30:00;Segunda;Arma de fogo;Feminino;35;Alfabetizado;Não Informada
Forquilha;AIS 03;HOMICIDIO DOLOSO;2021-02-23;07:30:00;Terça;Arma de fogo;Masculino;22;Não Informada;Não Informada
Chorozinho;AIS 25;HOMICIDIO DOLOSO;2021-02-23;10:00:00;Terça;Arma de fogo;Masculino;22;Alfabetizado;Parda
Pacajus;AIS 25;HOMICIDIO DOLOSO;2021-02-23;10:59:59;Terça;Arma de fogo;Masculino;22;Alfabetizado;Não Informada
Canindé;AIS 04;HOMICIDIO DOLOSO;2021-02-23;12:00:00;Terça;Arma branca;Feminino;50;Alfabetizado;Não Informada
Sobral;AIS 03;HOMICIDIO DOLOSO;2021-02-23;18:00:00;Terça;Arma de fogo;Masculino;30;Ensino Fundamental Incompleto;Parda
Maranguape;AIS 24;HOMICIDIO DOLOSO;2021-02-23;20:40:00;Terça;Arma de fogo;Masculino;29;Alfabetizado;Parda
Pacatuba;AIS 24;HOMICIDIO DOLOSO;2021-02-23;20:50:00;Terça;Arma de fogo;Masculino;22;Ensino Fundamental Completo;Parda
Sobral;AIS 03;HOMICIDIO DOLOSO;2021-02-23;21:29:59;Terça;Arma de fogo;Masculino;22;Ensino Médio Incompleto;Parda
Guaiúba;AIS 24;HOMICIDIO DOLOSO;2021-02-24;01:41:00;Quarta;Arma de fogo;Masculino;18;Ensino Fundamental Incompleto;Não Informada
Maranguape;AIS 24;HOMICIDIO DOLOSO;2021-02-24;07:00:00;Quarta;Arma de fogo;Masculino;23;Ensino Fundamental Incompleto;Não Informada
Fortaleza;AIS 16;HOMICIDIO DOLOSO;2021-02-24;07:26:00;Quarta;Outros meios;Masculino;24;Ensino Fundamental Completo;Não Informada
Barro;AIS 32;HOMICIDIO DOLOSO;2021-02-24;10:30:00;Quarta;Arma de fogo;Masculino;43;Ensino Fundamental Incompleto;Não Informada
Morada Nova;AIS 09;HOMICIDIO DOLOSO;2021-02-24;10:59:59;Quarta;Arma de fogo;Masculino;19;Alfabetizado;Parda
Sobral;AIS 03;ROUBO SEGUIDO DE MORTE (LATROCINIO);2021-02-24;11:30:00;Quarta;Arma de fogo;Masculino;35;Superior Incompleto;Não Informada
Caucaia;AIS 26;HOMICIDIO DOLOSO;2021-02-24;15:00:00;Quarta;Arma de fogo;Masculino;14;Alfabetizado;Não Informada
Fortaleza;AIS 06;HOMICIDIO DOLOSO;2021-02-24;17:30:00;Quarta;Arma de fogo;Masculino;35;Ensino Fundamental Completo;Parda
São Gonçalo do Amarante;AIS 23;HOMICIDIO DOLOSO;2021-02-24;19:55:00;Quarta;Arma de fogo;Feminino;18;Ensino Fundamental Incompleto;Preta
Jijoca de Jericoacoara;AIS 11;HOMICIDIO DOLOSO;2021-02-24;19:59:59;Quarta;Arma de fogo;Masculino;46;Ensino Fundamental Completo;Branca
Fortaleza;AIS 21;HOMICIDIO DOLOSO;2021-02-24;19:59:59;Quarta;Arma de fogo;Feminino;20;Ensino Fundamental Incompleto;Não Informada
Camocim;AIS 28;HOMICIDIO DOLOSO;2021-02-24;21:49:59;Quarta;Arma de fogo;Masculino;16;Alfabetizado;Parda
Caucaia;AIS 12;HOMICIDIO DOLOSO;2021-02-24;22:40:00;Quarta;Arma de fogo;Masculino;19;Alfabetizado;Não Informada
Caucaia;AIS 26;HOMICIDIO DOLOSO;2021-02-25;01:59:59;Quinta;Arma de fogo;Masculino;60;Ensino Fundamental Completo;Parda
Pacajus;AIS 25;HOMICIDIO DOLOSO;2021-02-25;15:19:59;Quinta;Arma de fogo;Masculino;56;Alfabetizado;Não Informada
Eusébio;AIS 15;HOMICIDIO DOLOSO;2021-02-25;17:30:00;Quinta;Arma de fogo;Masculino;27;Ensino Fundamental Incompleto;Branca
Juazeiro do Norte;AIS 02;HOMICIDIO DOLOSO;2021-02-25;19:40:00;Quinta;Arma de fogo;Masculino;20;Não Alfabetizado;Preta
Acaraú;AIS 11;HOMICIDIO DOLOSO;2021-02-25;20:50:00;Quinta;Arma de fogo;Masculino;20;Não Alfabetizado;Não Informada
Horizonte;AIS 25;HOMICIDIO DOLOSO;2021-02-25;22:30:00;Quinta;Arma de fogo;Masculino;16;Alfabetizado;Não Informada
Icapuí;AIS 30;HOMICIDIO DOLOSO;2021-02-25;22:59:59;Quinta;Arma de fogo;Masculino;20;Não Alfabetizado;Não Informada
Pacajus;AIS 25;HOMICIDIO DOLOSO;2021-02-26;10:59:59;Sexta;Arma de fogo;Masculino;25;Alfabetizado;Parda
Caucaia;AIS 12;HOMICIDIO DOLOSO;2021-02-26;13:09:00;Sexta;Arma branca;Masculino;46;Ensino Fundamental Incompleto;Parda
Itapiúna;AIS 29;HOMICIDIO DOLOSO;2021-02-26;15:45:00;Sexta;Arma de fogo;Masculino;19;Ensino Fundamental Incompleto;Não Informada
Pacajus;AIS 25;HOMICIDIO DOLOSO;2021-02-26;17:30:00;Sexta;Arma de fogo;Masculino;32;Alfabetizado;Não Informada
São Gonçalo do Amarante;AIS 23;HOMICIDIO DOLOSO;2021-02-26;20:19:59;Sexta;Arma de fogo;Masculino;27;Ensino Médio Incompleto;Não Informada
Fortaleza;AIS 18;HOMICIDIO DOLOSO;2021-02-26;22:59:59;Sexta;Arma de fogo;Feminino;17;Ensino Fundamental Incompleto;Parda
Pacatuba;AIS 24;HOMICIDIO DOLOSO;2021-02-27;01:49:59;Sábado;Arma de fogo;Masculino;38;Alfabetizado;Não Informada
Fortaleza;AIS 19;HOMICIDIO DOLOSO;2021-02-27;01:56:59;Sábado;Arma de fogo;Masculino;22;Não Informada;Parda
Fortaleza;AIS 19;HOMICIDIO DOLOSO;2021-02-27;01:56:59;Sábado;Arma de fogo;Feminino;23;Ensino Fundamental Completo;Não Informada
Fortaleza;AIS 16;HOMICIDIO DOLOSO;2021-02-27;02:18:00;Sábado;Arma de fogo;Masculino;23;Alfabetizado;Não Informada
Fortaleza;AIS 16;HOMICIDIO DOLOSO;2021-02-27;02:18:00;Sábado;Arma de fogo;Masculino;31;Alfabetizado;Não Informada
Irauçuba;AIS 11;LESAO CORPORAL SEGUIDA DE MORTE;2021-02-27;06:29:59;Sábado;Outros meios;Masculino;50;Alfabetizado;Não Informada
Fortaleza;AIS 19;HOMICIDIO DOLOSO;2021-02-27;09:47:00;Sábado;Arma de fogo;Masculino;33;Alfabetizado;Não Informada
Itaitinga;AIS 25;HOMICIDIO DOLOSO;2021-02-27;12:19:59;Sábado;Outros meios;Masculino;Não Informada;Não Informada;Não Informada
Ereré;AIS 31;HOMICIDIO DOLOSO;2021-02-27;13:30:00;Sábado;Arma branca;Masculino;35;Alfabetizado;Não Informada
Pacajus;AIS 25;HOMICIDIO DOLOSO;2021-02-27;16:00:00;Sábado;Arma de fogo;Masculino;22;Não Informada;Não Informada
Caucaia;AIS 12;HOMICIDIO DOLOSO;2021-02-27;18:00:00;Sábado;Arma de fogo;Masculino;25;Alfabetizado;Não Informada
Fortaleza;AIS 18;HOMICIDIO DOLOSO;2021-02-27;19:11:00;Sábado;Arma de fogo;Masculino;16;Não Informada;Não Informada
Juazeiro do Norte;AIS 02;HOMICIDIO DOLOSO;2021-02-28;02:10:00;Domingo;Arma de fogo;Masculino;24;Ensino Fundamental Completo;Parda
Fortaleza;AIS 05;ROUBO SEGUIDO DE MORTE (LATROCINIO);2021-02-28;06:00:00;Domingo;Outros meios;Masculino;81;Superior Completo;Não Informada
Caucaia;AIS 12;HOMICIDIO DOLOSO;2021-02-28;06:29:59;Domingo;Outros meios;Masculino;21;Ensino Médio Completo;Parda
Pacajus;AIS 25;HOMICIDIO DOLOSO;2021-02-28;07:59:59;Domingo;Outros meios;Masculino;34;Ensino Fundamental Completo;Parda
Viçosa do Ceará;AIS 27;HOMICIDIO DOLOSO;2021-02-28;07:59:59;Domingo;Arma de fogo;Masculino;19;Não Informada;Não Informada
Pacajus;AIS 25;HOMICIDIO DOLOSO;2021-02-28;10:59:59;Domingo;Arma de fogo;Masculino;23;Ensino Médio Completo;Não Informada
Fortaleza;AIS 17;HOMICIDIO DOLOSO;2021-02-28;16:00:00;Domingo;Arma de fogo;Masculino;21;Ensino Fundamental Incompleto;Não Informada
Milagres;AIS 32;HOMICIDIO DOLOSO;2021-02-28;19:00:00;Domingo;Outros meios;Masculino;19;Ensino Médio Incompleto;Parda
Fortaleza;AIS 17;HOMICIDIO DOLOSO;2021-02-28;19:30:00;Domingo;Outros meios;Masculino;Não Informada;Não Informada;Não Informada
Caucaia;AIS 12;HOMICIDIO DOLOSO;2021-02-28;19:30:00;Domingo;Arma de fogo;Masculino;29;Ensino Fundamental Incompleto;Não Informada
Beberibe;AIS 30;HOMICIDIO DOLOSO;2021-02-28;19:59:59;Domingo;Arma de fogo;Masculino;Não Informada;Não Informada;Não Informada
Caucaia;AIS 12;HOMICIDIO DOLOSO;2021-02-28;20:10:00;Domingo;Arma de fogo;Masculino;Não Informada;Não Informada;Não Informada
Fortaleza;AIS 21;HOMICIDIO DOLOSO;2021-02-28;20:30:00;Domingo;Arma de fogo;Feminino;40;Ensino Médio Completo;Não Informada
Eusébio;AIS 15;HOMICIDIO DOLOSO;2021-02-28;20:30:00;Domingo;Outros meios;Masculino;20;Ensino Médio Completo;Não Informada
Caucaia;AIS 12;HOMICIDIO DOLOSO;2021-02-28;21:29:59;Domingo;Arma de fogo;Masculino;75;Não Informada;Parda
Caucaia;AIS 12;HOMICIDIO DOLOSO;2021-02-28;22:20:00;Domingo;Arma de fogo;Masculino;Não Informada;Não Informada;Não Informada
Limoeiro do Norte;AIS 01;HOMICIDIO DOLOSO;2021-03-01;06:00:00;Segunda;Arma de fogo;Feminino;45;Ensino Fundamental Completo;Não Informada
Jaguaribara;AIS 31;HOMICIDIO DOLOSO;2021-03-01;06:40:00;Segunda;Arma de fogo;Masculino;59;Alfabetizado;Branca
Frecheirinha;AIS 03;HOMICIDIO DOLOSO;2021-03-01;16:00:00;Segunda;Arma de fogo;Masculino;29;Alfabetizado;Parda
São João do Jaguaribe;AIS 01;HOMICIDIO DOLOSO;2021-03-01;18:45:00;Segunda;Arma de fogo;Feminino;59;Não Informada;Não Informada
Pacatuba;AIS 24;HOMICIDIO DOLOSO;2021-03-01;20:30:00;Segunda;Arma de fogo;Masculino;42;Ensino Fundamental Incompleto;Não Informada
Fortaleza;AIS 19;HOMICIDIO DOLOSO;2021-03-01;22:00:00;Segunda;Arma de fogo;Masculino;42;Ensino Fundamental Completo;Parda
Aracati;AIS 30;HOMICIDIO DOLOSO;2021-03-02;09:00:00;Terça;Arma de fogo;Masculino;57;Ensino Fundamental Incompleto;Não Informada
Maracanaú;AIS 14;HOMICIDIO DOLOSO;2021-03-02;16:54:00;Terça;Arma de fogo;Feminino;45;Não Informada;Preta
Acopiara;AIS 10;HOMICIDIO DOLOSO;2021-03-02;18:39:40;Terça;Arma de fogo;Masculino;45;Ensino Fundamental Incompleto;Não Informada
Fortaleza;AIS 19;HOMICIDIO DOLOSO;2021-03-02;19:00:00;Terça;Arma de fogo;Feminino;16;Ensino Fundamental Incompleto;Não Informada
Fortaleza;AIS 19;HOMICIDIO DOLOSO;2021-03-02;21:00:00;Terça;Arma de fogo;Masculino;32;Não Informada;Não Informada
Beberibe;AIS 30;HOMICIDIO DOLOSO;2021-03-02;22:00:00;Terça;Arma de fogo;Masculino;18;Ensino Fundamental Incompleto;Não Informada
Pacajus;AIS 25;HOMICIDIO DOLOSO;2021-03-03;08:40:00;Quarta;Arma de fogo;Masculino;20;Não Informada;Não Informada
Pacajus;AIS 25;HOMICIDIO DOLOSO;2021-03-03;10:20:00;Quarta;Arma de fogo;Masculino;26;Ensino Fundamental Incompleto;Não Informada
Caucaia;AIS 12;HOMICIDIO DOLOSO;2021-03-03;18:24:00;Quarta;Arma de fogo;Masculino;31;Ensino Médio Incompleto;Não Informada
Fortaleza;AIS 06;HOMICIDIO DOLOSO;2021-03-03;19:59:59;Quarta;Arma de fogo;Masculino;22;Ensino Fundamental Incompleto;Não Informada
Fortaleza;AIS 19;FEMINICÍDIO;2021-03-03;20:39:00;Quarta;Arma de fogo;Feminino;12;Ensino Fundamental Incompleto;Não Informada
Caucaia;AIS 12;HOMICIDIO DOLOSO;2021-03-04;04:59:59;Quinta;Arma de fogo;Masculino;45;Ensino Fundamental Incompleto;Não Informada
Caucaia;AIS 12;HOMICIDIO DOLOSO;2021-03-04;04:59:59;Quinta;Arma de fogo;Feminino;15;Ensino Fundamental Incompleto;Não Informada
Eusébio;AIS 15;HOMICIDIO DOLOSO;2021-03-04;06:00:00;Quinta;Arma de fogo;Masculino;26;Ensino Médio Completo;Não Informada
Caucaia;AIS 26;HOMICIDIO DOLOSO;2021-03-04;06:29:59;Quinta;Outros meios;Masculino;34;Ensino Fundamental Incompleto;Não Informada
Caucaia;AIS 12;HOMICIDIO DOLOSO;2021-03-04;07:59:59;Quinta;Arma de fogo;Masculino;17;Ensino Fundamental Incompleto;Não Informada
Fortaleza;AIS 20;HOMICIDIO DOLOSO;2021-03-04;18:29:59;Quinta;Arma de fogo;Masculino;26;Ensino Fundamental Completo;Não Informada
Fortaleza;AIS 17;HOMICIDIO DOLOSO;2021-03-04;22:06:00;Quinta;Arma de fogo;Masculino;24;Ensino Fundamental Incompleto;Não Informada
Paracuru;AIS 23;HOMICIDIO DOLOSO;2021-03-04;22:30:00;Quinta;Arma de fogo;Masculino;24;Não Alfabetizado;Não Informada
Fortaleza;AIS 18;HOMICIDIO DOLOSO;2021-03-04;22:56:00;Quinta;Arma de fogo;Masculino;28;Alfabetizado;Parda
Caucaia;AIS 12;HOMICIDIO DOLOSO;2021-03-05;02:48:00;Sexta;Arma de fogo;Masculino;30;Ensino Fundamental Completo;Não Informada
Fortaleza;AIS 05;HOMICIDIO DOLOSO;2021-03-05;04:49:59;Sexta;Arma branca;Feminino;40;Alfabetizado;Não Informada
Fortaleza;AIS 16;HOMICIDIO DOLOSO;2021-03-05;10:34:59;Sexta;Arma de fogo;Masculino;32;Ensino Fundamental Completo;Não Informada
Fortaleza;AIS 06;HOMICIDIO DOLOSO;2021-03-05;13:20:00;Sexta;Arma de fogo;Masculino;17;Ensino Médio Incompleto;Não Informada
Ipueiras;AIS 07;HOMICIDIO DOLOSO;2021-03-05;16:00:00;Sexta;Arma de fogo;Masculino;30;Alfabetizado;Não Informada
Fortaleza;AIS 21;HOMICIDIO DOLOSO;2021-03-05;20:30:00;Sexta;Arma de fogo;Masculino;29;Não Informada;Não Informada
Maracanaú;AIS 14;HOMICIDIO DOLOSO;2021-03-05;22:04:59;Sexta;Arma de fogo;Masculino;23;Ensino Médio Completo;Não Informada
Fortaleza;AIS 21;HOMICIDIO DOLOSO;2021-03-05;22:45:00;Sexta;Arma de fogo;Masculino;23;Não Alfabetizado;Não Informada
Fortaleza;AIS 22;HOMICIDIO DOLOSO;2021-03-06;02:56:00;Sábado;Arma de fogo;Masculino;33;Alfabetizado;Não Informada
Fortim;AIS 30;HOMICIDIO DOLOSO;2021-03-06;03:00:00;Sábado;Arma de fogo;Masculino;53;Não Alfabetizado;Parda
Fortaleza;AIS 17;HOMICIDIO DOLOSO;2021-03-06;03:54:00;Sábado;Arma de fogo;Masculino;39;Ensino Médio Incompleto;Não Informada
Fortaleza;AIS 17;HOMICIDIO DOLOSO;2021-03-06;03:54:00;Sábado;Arma de fogo;Feminino;40;Ensino Fundamental Completo;Não Informada
Brejo Santo;AIS 32;HOMICIDIO DOLOSO;2021-03-06;13:00:00;Sábado;Arma branca;Feminino;35;Alfabetizado;Não Informada
Maracanaú;AIS 14;HOMICIDIO DOLOSO;2021-03-06;15:00:00;Sábado;Arma de fogo;Masculino;19;Ensino Fundamental Completo;Não Informada
Boa Viagem;AIS 04;HOMICIDIO DOLOSO;2021-03-06;16:30:00;Sábado;Arma de fogo;Masculino;35;Alfabetizado;Parda
Quixadá;AIS 09;HOMICIDIO DOLOSO;2021-03-06;16:30:00;Sábado;Arma de fogo;Masculino;30;Não Alfabetizado;Não Informada
Crato;AIS 02;HOMICIDIO DOLOSO;2021-03-06;17:30:00;Sábado;Arma de fogo;Masculino;21;Ensino Fundamental Completo;Não Informada
Crato;AIS 02;HOMICIDIO DOLOSO;2021-03-06;17:40:00;Sábado;Arma de fogo;Masculino;22;Ensino Fundamental Completo;Não Informada
Fortaleza;AIS 19;HOMICIDIO DOLOSO;2021-03-06;18:46:00;Sábado;Arma de fogo;Masculino;Não Informada;Não Informada;Não Informada
Fortaleza;AIS 05;HOMICIDIO DOLOSO;2021-03-06;19:00:00;Sábado;Arma de fogo;Masculino;36;Ensino Médio Completo;Não Informada
Fortaleza;AIS 17;HOMICIDIO DOLOSO;2021-03-06;19:00:00;Sábado;Arma de fogo;Masculino;Não Informada;Não Informada;Não Informada
Ibaretama;AIS 09;HOMICIDIO DOLOSO;2021-03-06;19:14:59;Sábado;Arma de fogo;Masculino;48;Não Alfabetizado;Não Informada
Baturité;AIS 29;HOMICIDIO DOLOSO;2021-03-06;21:00:00;Sábado;Arma de fogo;Masculino;26;Ensino Fundamental Completo;Não Informada
Fortaleza;AIS 21;HOMICIDIO DOLOSO;2021-03-07;03:12:59;Domingo;Arma de fogo;Masculino;36;Alfabetizado;Não Informada
Fortaleza;AIS 21;HOMICIDIO DOLOSO;2021-03-07;03:12:59;Domingo;Arma de fogo;Masculino;16;Ensino Fundamental Incompleto;Não Informada
Fortaleza;AIS 17;HOMICIDIO DOLOSO;2021-03-07;03:36:59;Domingo;Arma de fogo;Masculino;20;Não Informada;Não Informada
Umirim;AIS 11;HOMICIDIO DOLOSO;2021-03-07;04:59:59;Domingo;Arma de fogo;Masculino;21;Alfabetizado;Parda
Fortaleza;AIS 16;HOMICIDIO DOLOSO;2021-03-07;06:38:00;Domingo;Arma branca;Masculino;Não Informada;Não Informada;Não Informada
Maracanaú;AIS 14;HOMICIDIO DOLOSO;2021-03-07;07:14:59;Domingo;Arma de fogo;Masculino;14;Ensino Fundamental Completo;Não Informada
Maracanaú;AIS 14;HOMICIDIO DOLOSO;2021-03-07;07:14:59;Domingo;Arma de fogo;Masculino;18;Ensino Fundamental Incompleto;Não Informada
Maranguape;AIS 24;HOMICIDIO DOLOSO;2021-03-07;07:30:00;Domingo;Arma de fogo;Masculino;26;Ensino Fundamental Incompleto;Parda
Jaguaruana;AIS 01;HOMICIDIO DOLOSO;2021-03-07;09:29:59;Domingo;Arma de fogo;Masculino;41;Ensino Fundamental Incompleto;Parda
Canindé;AIS 04;HOMICIDIO DOLOSO;2021-03-07;19:30:00;Domingo;Arma branca;Masculino;35;Não Informada;Não Informada
Guaiúba;AIS 24;HOMICIDIO DOLOSO;2021-03-08;01:00:00;Segunda;Arma de fogo;Feminino;20;Ensino Médio Incompleto;Parda
Guaiúba;AIS 24;HOMICIDIO DOLOSO;2021-03-08;01:00:00;Segunda;Arma de fogo;Feminino;17;Ensino Médio Incompleto;Não Informada
Fortaleza;AIS 18;HOMICIDIO DOLOSO;2021-03-08;04:00:00;Segunda;Arma branca;Masculino;55;Ensino Fundamental Incompleto;Não Informada
Fortaleza;AIS 06;HOMICIDIO DOLOSO;2021-03-08;04:30:00;Segunda;Arma de fogo;Masculino;Não Informada;Não Informada;Não Informada
Fortaleza;AIS 16;HOMICIDIO DOLOSO;2021-03-08;07:59:59;Segunda;Arma de fogo;Masculino;60;Alfabetizado;Não Informada
Icó;AIS 34;HOMICIDIO DOLOSO;2021-03-08;13:30:00;Segunda;Arma de fogo;Masculino;26;Alfabetizado;Não Informada
Fortaleza;AIS 18;HOMICIDIO DOLOSO;2021-03-08;13:33:00;Segunda;Arma de fogo;Masculino;19;Não Informada;Não Informada
Maracanaú;AIS 14;HOMICIDIO DOLOSO;2021-03-08;16:00:00;Segunda;Arma de fogo;Masculino;20;Ensino Fundamental Incompleto;Parda
Fortaleza;AIS 16;HOMICIDIO DOLOSO;2021-03-08;17:30:00;Segunda;Arma de fogo;Masculino;20;Ensino Médio Completo;Não Informada
Fortaleza;AIS 22;HOMICIDIO DOLOSO;2021-03-09;10:34:00;Terça;Arma branca;Feminino;23;Alfabetizado;Não Informada
Fortaleza;AIS 18;HOMICIDIO DOLOSO;2021-03-09;14:30:00;Terça;Arma de fogo;Masculino;21;Alfabetizado;Não Informada
Acaraú;AIS 11;HOMICIDIO DOLOSO;2021-03-09;15:00:00;Terça;Arma de fogo;Masculino;58;Não Alfabetizado;Não Informada
Caucaia;AIS 26;HOMICIDIO DOLOSO;2021-03-09;16:00:00;Terça;Arma de fogo;Masculino;27;Ensino Fundamental Completo;Não Informada
Caucaia;AIS 12;HOMICIDIO DOLOSO;2021-03-09;16:30:00;Terça;Arma de fogo;Masculino;39;Alfabetizado;Não Informada
Fortaleza;AIS 19;HOMICIDIO DOLOSO;2021-03-09;18:18:00;Terça;Arma de fogo;Masculino;25;Ensino Médio Completo;Não Informada
Fortaleza;AIS 08;HOMICIDIO DOLOSO;2021-03-09;18:34:00;Terça;Arma de fogo;Masculino;48;Ensino Médio Completo;Não Informada
Caucaia;AIS 26;HOMICIDIO DOLOSO;2021-03-09;19:30:00;Terça;Outros meios;Masculino;34;Ensino Médio Incompleto;Parda
Fortaleza;AIS 08;HOMICIDIO DOLOSO;2021-03-09;22:18:00;Terça;Arma de fogo;Masculino;33;Alfabetizado;Não Informada
Caucaia;AIS 12;HOMICIDIO DOLOSO;2021-03-10;06:54:00;Quarta;Arma de fogo;Masculino;19;Alfabetizado;Não Informada
São Gonçalo do Amarante;AIS 23;HOMICIDIO DOLOSO;2021-03-10;07:30:00;Quarta;Arma de fogo;Feminino;44;Ensino Médio Completo;Não Informada
Boa Viagem;AIS 04;HOMICIDIO DOLOSO;2021-03-10;09:29:59;Quarta;Arma de fogo;Masculino;69;Alfabetizado;Parda
Boa Viagem;AIS 04;HOMICIDIO DOLOSO;2021-03-10;09:30:00;Quarta;Arma de fogo;Masculino;27;Ensino Fundamental Completo;Não Informada
Tejuçuoca;AIS 11;HOMICIDIO DOLOSO;2021-03-10;20:03:00;Quarta;Arma de fogo;Masculino;33;Ensino Médio Completo;Não Informada
Maracanaú;AIS 14;HOMICIDIO DOLOSO;2021-03-10;20:50:00;Quarta;Arma de fogo;Masculino;23;Ensino Fundamental Incompleto;Não Informada
Fortaleza;AIS 21;HOMICIDIO DOLOSO;2021-03-10;22:23:00;Quarta;Arma de fogo;Masculino;27;Ensino Fundamental Incompleto;Não Informada
Cascavel;AIS 15;HOMICIDIO DOLOSO;2021-03-11;10:30:00;Quinta;Outros meios;Masculino;17;Não Informada;Não Informada
Baturité;AIS 29;HOMICIDIO DOLOSO;2021-03-11;11:30:00;Quinta;Arma branca;Masculino;29;Ensino Fundamental Incompleto;Não Informada
Fortaleza;AIS 21;HOMICIDIO DOLOSO;2021-03-11;16:14:59;Quinta;Arma de fogo;Masculino;27;Ensino Médio Completo;Parda
Jaguaribara;AIS 31;HOMICIDIO DOLOSO;2021-03-11;19:20:00;Quinta;Arma de fogo;Masculino;23;Ensino Médio Completo;Não Informada
Aracati;AIS 30;HOMICIDIO DOLOSO;2021-03-11;20:30:00;Quinta;Arma de fogo;Masculino;29;Ensino Fundamental Incompleto;Não Informada
Horizonte;AIS 25;HOMICIDIO DOLOSO;2021-03-11;22:59:59;Quinta;Arma de fogo;Masculino;14;Ensino Fundamental Incompleto;Branca
Caucaia;AIS 26;HOMICIDIO DOLOSO;2021-03-12;02:22:00;Sexta;Arma de fogo;Masculino;20;Alfabetizado;Não Informada
Groaíras;AIS 03;HOMICIDIO DOLOSO;2021-03-12;16:30:00;Sexta;Arma de fogo;Masculino;34;Ensino Médio Completo;Não Informada
Fortaleza;AIS 21;HOMICIDIO DOLOSO;2021-03-12;22:00:00;Sexta;Arma de fogo;Masculino;20;Ensino Fundamental Completo;Não Informada
Fortaleza;AIS 21;HOMICIDIO DOLOSO;2021-03-12;22:06:59;Sexta;Arma de fogo;Masculino;19;Ensino Fundamental Completo;Não Informada
Fortaleza;AIS 21;HOMICIDIO DOLOSO;2021-03-12;22:06:59;Sexta;Arma de fogo;Masculino;17;Alfabetizado;Não Informada
Horizonte;AIS 25;HOMICIDIO DOLOSO;2021-03-12;23:30:00;Sexta;Arma de fogo;Masculino;20;Alfabetizado;Não Informada
Aracoiaba;AIS 29;HOMICIDIO DOLOSO;2021-03-13;01:00:00;Sábado;Arma de fogo;Masculino;26;Alfabetizado;Não Informada
Quixelô;AIS 10;HOMICIDIO DOLOSO;2021-03-13;04:59:59;Sábado;Arma de fogo;Masculino;25;Ensino Médio Completo;Parda
Caucaia;AIS 12;HOMICIDIO DOLOSO;2021-03-13;06:15:00;Sábado;Arma branca;Feminino;34;Alfabetizado;Não Informada
Nova Russas;AIS 07;HOMICIDIO DOLOSO;2021-03-13;06:29:59;Sábado;Arma de fogo;Masculino;65;Alfabetizado;Parda
Maracanaú;AIS 14;HOMICIDIO DOLOSO;2021-03-13;06:49:59;Sábado;Arma de fogo;Masculino;22;Ensino Fundamental Completo;Não Informada
Caucaia;AIS 26;HOMICIDIO DOLOSO;2021-03-13;13:30:00;Sábado;Arma de fogo;Masculino;22;Alfabetizado;Não Informada
Fortaleza;AIS 19;HOMICIDIO DOLOSO;2021-03-13;16:00:00;Sábado;Arma de fogo;Masculino;32;Não Informada;Não Informada
Fortaleza;AIS 19;ROUBO SEGUIDO DE MORTE (LATROCINIO);2021-03-13;16:30:00;Sábado;Arma de fogo;Masculino;50;Ensino Fundamental Completo;Não Informada
Maranguape;AIS 24;HOMICIDIO DOLOSO;2021-03-13;16:30:00;Sábado;Arma branca;Masculino;33;Não Informada;Não Informada
Icó;AIS 34;HOMICIDIO DOLOSO;2021-03-13;19:00:00;Sábado;Arma de fogo;Masculino;47;Alfabetizado;Não Informada
Icó;AIS 34;HOMICIDIO DOLOSO;2021-03-13;19:00:00;Sábado;Arma de fogo;Masculino;55;Alfabetizado;Não Informada
Cascavel;AIS 15;HOMICIDIO DOLOSO;2021-03-13;19:30:00;Sábado;Arma de fogo;Masculino;39;Ensino Fundamental Incompleto;Não Informada
Caucaia;AIS 12;HOMICIDIO DOLOSO;2021-03-13;19:30:00;Sábado;Arma de fogo;Feminino;16;Ensino Médio Incompleto;Não Informada
Fortaleza;AIS 18;HOMICIDIO DOLOSO;2021-03-13;22:00:00;Sábado;Arma branca;Masculino;32;Ensino Fundamental Completo;Parda
Fortaleza;AIS 06;HOMICIDIO DOLOSO;2021-03-14;00:32:00;Domingo;Arma branca;Masculino;67;Não Informada;Não Informada
Fortaleza;AIS 21;HOMICIDIO DOLOSO;2021-03-14;02:31:00;Domingo;Arma de fogo;Masculino;34;Alfabetizado;Não Informada
Forquilha;AIS 03;HOMICIDIO DOLOSO;2021-03-14;02:50:00;Domingo;Arma de fogo;Masculino;21;Ensino Fundamental Completo;Não Informada
Fortaleza;AIS 19;HOMICIDIO DOLOSO;2021-03-14;04:59:59;Domingo;Arma de fogo;Masculino;16;Não Informada;Não Informada
Caucaia;AIS 26;HOMICIDIO DOLOSO;2021-03-14;13:00:00;Domingo;Outros meios;Masculino;Não Informada;Não Informada;Não Informada
Itaitinga;AIS 25;HOMICIDIO DOLOSO;2021-03-14;16:30:00;Domingo;Arma de fogo;Masculino;24;Ensino Fundamental Completo;Não Informada
Caucaia;AIS 12;ROUBO SEGUIDO DE MORTE (LATROCINIO);2021-03-15;04:59:59;Segunda;Arma de fogo;Masculino;27;Alfabetizado;Branca
Boa Viagem;AIS 04;HOMICIDIO DOLOSO;2021-03-15;06:00:00;Segunda;Arma branca;Masculino;44;Não Alfabetizado;Não Informada
Fortaleza;AIS 20;HOMICIDIO DOLOSO;2021-03-15;08:39:00;Segunda;Arma de fogo;Masculino;22;Ensino Fundamental Incompleto;Não Informada
Fortaleza;AIS 21;HOMICIDIO DOLOSO;2021-03-15;11:51:59;Segunda;Arma de fogo;Masculino;22;Alfabetizado;Não Informada
Fortaleza;AIS 16;HOMICIDIO DOLOSO;2021-03-15;13:30:00;Segunda;Arma de fogo;Masculino;48;Ensino Fundamental Incompleto;Não Informada
Sobral;AIS 03;HOMICIDIO DOLOSO;2021-03-15;13:59:59;Segunda;Arma de fogo;Masculino;19;Não Informada;Não Informada
Fortaleza;AIS 17;HOMICIDIO DOLOSO;2021-03-15;16:11:59;Segunda;Arma de fogo;Masculino;41;Alfabetizado;Parda
Santana do Acaraú;AIS 03;HOMICIDIO DOLOSO;2021-03-15;17:05:00;Segunda;Arma de fogo;Masculino;39;Alfabetizado;Parda
Aratuba;AIS 29;HOMICIDIO DOLOSO;2021-03-15;19:20:00;Segunda;Arma de fogo;Masculino;24;Ensino Fundamental Completo;Não Informada
Aracoiaba;AIS 29;HOMICIDIO DOLOSO;2021-03-15;20:19:59;Segunda;Arma de fogo;Masculino;40;Ensino Fundamental Incompleto;Não Informada
Aracoiaba;AIS 29;HOMICIDIO DOLOSO;2021-03-15;20:19:59;Segunda;Arma de fogo;Feminino;40;Ensino Fundamental Incompleto;Não Informada
Santana do Acaraú;AIS 03;HOMICIDIO DOLOSO;2021-03-15;20:57:00;Segunda;Arma de fogo;Masculino;37;Alfabetizado;Não Informada
Choró;AIS 09;HOMICIDIO DOLOSO;2021-03-15;21:19:59;Segunda;Arma de fogo;Masculino;21;Alfabetizado;Não Informada
Aquiraz;AIS 15;HOMICIDIO DOLOSO;2021-03-16;00:01:00;Terça;Arma de fogo;Masculino;43;Alfabetizado;Parda
Aquiraz;AIS 15;HOMICIDIO DOLOSO;2021-03-16;00:01:00;Terça;Arma de fogo;Feminino;27;Não Informada;Não Informada
Quixeré;AIS 01;HOMICIDIO DOLOSO;2021-03-16;03:29:59;Terça;Arma de fogo;Masculino;40;Alfabetizado;Branca
Itaitinga;AIS 25;ROUBO SEGUIDO DE MORTE (LATROCINIO);2021-03-16;05:19:59;Terça;Arma de fogo;Masculino;20;Alfabetizado;Parda
Fortaleza;AIS 18;HOMICIDIO DOLOSO;2021-03-16;12:15:00;Terça;Arma de fogo;Masculino;32;Ensino Fundamental Incompleto;Não Informada
Caucaia;AIS 26;HOMICIDIO DOLOSO;2021-03-16;14:17:00;Terça;Arma de fogo;Masculino;29;Alfabetizado;Não Informada
Fortaleza;AIS 21;HOMICIDIO DOLOSO;2021-03-16;18:30:00;Terça;Arma de fogo;Masculino;18;Ensino Fundamental Incompleto;Não Informada
Fortaleza;AIS 16;HOMICIDIO DOLOSO;2021-03-16;19:00:00;Terça;Arma de fogo;Masculino;23;Ensino Médio Completo;Parda
Forquilha;AIS 03;HOMICIDIO DOLOSO;2021-03-16;19:40:00;Terça;Arma de fogo;Masculino;34;Ensino Médio Completo;Não Informada
Fortaleza;AIS 17;HOMICIDIO DOLOSO;2021-03-17;01:59:59;Quarta;Arma de fogo;Masculino;19;Ensino Médio Incompleto;Branca
Fortaleza;AIS 16;HOMICIDIO DOLOSO;2021-03-17;06:00:00;Quarta;Arma de fogo;Masculino;25;Alfabetizado;Não Informada
Quixadá;AIS 09;HOMICIDIO DOLOSO;2021-03-17;09:10:00;Quarta;Arma de fogo;Masculino;35;Ensino Fundamental Incompleto;Parda
Itarema;AIS 11;HOMICIDIO DOLOSO;2021-03-17;10:59:59;Quarta;Arma de fogo;Masculino;22;Alfabetizado;Não Informada
Jaguaruana;AIS 01;HOMICIDIO DOLOSO;2021-03-17;11:00:00;Quarta;Arma de fogo;Masculino;17;Ensino Fundamental Completo;Branca
Quixadá;AIS 09;HOMICIDIO DOLOSO;2021-03-17;13:40:00;Quarta;Arma de fogo;Masculino;25;Ensino Fundamental Incompleto;Branca
Caucaia;AIS 12;HOMICIDIO DOLOSO;2021-03-17;15:29:59;Quarta;Arma de fogo;Masculino;32;Ensino Fundamental Incompleto;Preta
Fortaleza;AIS 16;HOMICIDIO DOLOSO;2021-03-17;19:59:59;Quarta;Arma de fogo;Masculino;17;Alfabetizado;Não Informada
Fortaleza;AIS 17;HOMICIDIO DOLOSO;2021-03-18;01:18:00;Quinta;Arma branca;Masculino;25;Ensino Fundamental Completo;Não Informada
Aquiraz;AIS 15;HOMICIDIO DOLOSO;2021-03-18;04:20:00;Quinta;Arma de fogo;Masculino;40;Ensino Fundamental Incompleto;Não Informada
Tabuleiro do Norte;AIS 01;HOMICIDIO DOLOSO;2021-03-18;09:10:00;Quinta;Arma de fogo;Masculino;15;Alfabetizado;Não Informada
Fortaleza;AIS 18;HOMICIDIO DOLOSO;2021-03-18;13:06:59;Quinta;Arma de fogo;Masculino;17;Ensino Fundamental Incompleto;Não Informada
Fortaleza;AIS 16;HOMICIDIO DOLOSO;2021-03-18;18:40:00;Quinta;Arma de fogo;Masculino;15;Ensino Fundamental Completo;Parda
Fortaleza;AIS 22;HOMICIDIO DOLOSO;2021-03-18;22:17:00;Quinta;Arma de fogo;Masculino;27;Não Informada;Não Informada
Maracanaú;AIS 14;HOMICIDIO DOLOSO;2021-03-19;03:50:59;Sexta;Arma de fogo;Masculino;33;Alfabetizado;Não Informada
Caucaia;AIS 12;HOMICIDIO DOLOSO;2021-03-19;07:59:59;Sexta;Arma de fogo;Masculino;31;Ensino Fundamental Incompleto;Parda
Cascavel;AIS 15;HOMICIDIO DOLOSO;2021-03-19;10:30:00;Sexta;Arma de fogo;Masculino;18;Ensino Fundamental Incompleto;Não Informada
Caucaia;AIS 12;HOMICIDIO DOLOSO;2021-03-19;14:19:59;Sexta;Arma de fogo;Masculino;41;Ensino Fundamental Completo;Parda
Caucaia;AIS 26;HOMICIDIO DOLOSO;2021-03-19;19:30:00;Sexta;Arma branca;Masculino;33;Ensino Fundamental Incompleto;Não Informada
Capistrano;AIS 29;HOMICIDIO DOLOSO;2021-03-19;21:29:59;Sexta;Arma de fogo;Masculino;16;Alfabetizado;Não Informada
Fortaleza;AIS 19;HOMICIDIO DOLOSO;2021-03-20;00:45:00;Sábado;Arma de fogo;Masculino;19;Ensino Médio Incompleto;Não Informada
Limoeiro do Norte;AIS 01;HOMICIDIO DOLOSO;2021-03-20;02:00:00;Sábado;Arma de fogo;Masculino;25;Ensino Fundamental Incompleto;Parda
Forquilha;AIS 03;HOMICIDIO DOLOSO;2021-03-20;07:30:00;Sábado;Arma de fogo;Masculino;26;Não Informada;Não Informada
Caucaia;AIS 26;HOMICIDIO DOLOSO;2021-03-20;13:40:00;Sábado;Arma de fogo;Masculino;17;Não Informada;Não Informada
Caucaia;AIS 26;HOMICIDIO DOLOSO;2021-03-20;13:40:00;Sábado;Arma de fogo;Masculino;21;Alfabetizado;Não Informada
Fortaleza;AIS 19;HOMICIDIO DOLOSO;2021-03-21;01:30:00;Domingo;Arma de fogo;Feminino;32;Ensino Fundamental Incompleto;Não Informada
Aquiraz;AIS 15;HOMICIDIO DOLOSO;2021-03-21;08:13:59;Domingo;Arma de fogo;Masculino;17;Ensino Fundamental Incompleto;Não Informada
Aquiraz;AIS 15;HOMICIDIO DOLOSO;2021-03-21;08:13:59;Domingo;Arma de fogo;Masculino;17;Ensino Médio Incompleto;Não Informada
Fortaleza;AIS 22;HOMICIDIO DOLOSO;2021-03-21;13:30:00;Domingo;Arma de fogo;Feminino;25;Ensino Médio Completo;Parda
Salitre;AIS 33;HOMICIDIO DOLOSO;2021-03-21;19:59:59;Domingo;Arma de fogo;Masculino;41;Alfabetizado;Não Informada
Maracanaú;AIS 14;HOMICIDIO DOLOSO;2021-03-21;20:40:00;Domingo;Arma branca;Masculino;22;Não Alfabetizado;Não Informada
Beberibe;AIS 30;HOMICIDIO DOLOSO;2021-03-21;21:00:00;Domingo;Arma de fogo;Masculino;30;Ensino Médio Completo;Branca
Campos Sales;AIS 33;HOMICIDIO DOLOSO;2021-03-22;00:00:00;Segunda;Arma de fogo;Masculino;19;Ensino Fundamental Incompleto;Preta
Horizonte;AIS 25;HOMICIDIO DOLOSO;2021-03-22;02:25:00;Segunda;Arma de fogo;Masculino;21;Alfabetizado;Branca
Pacatuba;AIS 24;HOMICIDIO DOLOSO;2021-03-22;19:47:00;Segunda;Arma de fogo;Masculino;36;Alfabetizado;Parda
Fortaleza;AIS 18;HOMICIDIO DOLOSO;2021-03-22;20:19:59;Segunda;Arma de fogo;Masculino;14;Alfabetizado;Não Informada
Horizonte;AIS 25;HOMICIDIO DOLOSO;2021-03-22;20:30:00;Segunda;Arma de fogo;Feminino;21;Não Informada;Não Informada
Caucaia;AIS 12;HOMICIDIO DOLOSO;2021-03-22;20:40:00;Segunda;Arma de fogo;Masculino;38;Ensino Fundamental Completo;Parda
Maranguape;AIS 24;HOMICIDIO DOLOSO;2021-03-22;21:00:00;Segunda;Arma de fogo;Masculino;23;Alfabetizado;Não Informada
Groaíras;AIS 03;HOMICIDIO DOLOSO;2021-03-22;21:29:59;Segunda;Arma de fogo;Masculino;37;Não Informada;Não Informada
Acarape;AIS 29;HOMICIDIO DOLOSO;2021-03-23;03:29:59;Terça;Arma de fogo;Masculino;44;Alfabetizado;Não Informada
Fortaleza;AIS 22;HOMICIDIO DOLOSO;2021-03-23;07:00:00;Terça;Arma de fogo;Masculino;Não Informada;Não Informada;Não Informada
Pacatuba;AIS 24;LESAO CORPORAL SEGUIDA DE MORTE;2021-03-23;07:59:59;Terça;Arma branca;Masculino;52;Ensino Fundamental Completo;Parda
Trairi;AIS 23;HOMICIDIO DOLOSO;2021-03-23;10:00:00;Terça;Arma de fogo;Masculino;19;Não Informada;Não Informada
Tauá;AIS 13;HOMICIDIO DOLOSO;2021-03-23;10:20:00;Terça;Arma de fogo;Masculino;30;Alfabetizado;Parda
Maracanaú;AIS 14;HOMICIDIO DOLOSO;2021-03-23;11:40:00;Terça;Arma de fogo;Masculino;20;Ensino Médio Completo;Parda
Orós;AIS 34;HOMICIDIO DOLOSO;2021-03-23;12:29:59;Terça;Arma branca;Masculino;40;Alfabetizado;Não Informada
Fortaleza;AIS 20;HOMICIDIO DOLOSO;2021-03-23;16:00:00;Terça;Arma de fogo;Masculino;30;Ensino Médio Completo;Não Informada
Orós;AIS 34;HOMICIDIO DOLOSO;2021-03-23;16:59:59;Terça;Arma de fogo;Feminino;57;Alfabetizado;Não Informada
Orós;AIS 34;HOMICIDIO DOLOSO;2021-03-23;16:59:59;Terça;Arma de fogo;Masculino;53;Alfabetizado;Não Informada
Fortaleza;AIS 21;HOMICIDIO DOLOSO;2021-03-24;01:23:00;Quarta;Arma de fogo;Masculino;20;Alfabetizado;Parda
Cascavel;AIS 15;HOMICIDIO DOLOSO;2021-03-24;01:59:59;Quarta;Arma de fogo;Masculino;30;Alfabetizado;Não Informada
Cascavel;AIS 15;HOMICIDIO DOLOSO;2021-03-24;03:00:00;Quarta;Arma de fogo;Masculino;21;Ensino Fundamental Completo;Não Informada
Chorozinho;AIS 25;HOMICIDIO DOLOSO;2021-03-24;07:04:59;Quarta;Arma branca;Masculino;40;Não Alfabetizado;Branca
Sobral;AIS 03;HOMICIDIO DOLOSO;2021-03-24;07:30:00;Quarta;Arma de fogo;Masculino;38;Ensino Fundamental Incompleto;Não Informada
Fortaleza;AIS 18;HOMICIDIO DOLOSO;2021-03-24;08:30:00;Quarta;Arma de fogo;Masculino;37;Ensino Fundamental Incompleto;Não Informada
Paraipaba;AIS 23;HOMICIDIO DOLOSO;2021-03-24;16:00:00;Quarta;Arma de fogo;Masculino;29;Ensino Médio Incompleto;Não Informada
Fortaleza;AIS 18;HOMICIDIO DOLOSO;2021-03-24;20:30:00;Quarta;Arma de fogo;Masculino;14;Ensino Fundamental Incompleto;Parda
Ibaretama;AIS 09;ROUBO SEGUIDO DE MORTE (LATROCINIO);2021-03-24;20:30:00;Quarta;Arma de fogo;Masculino;31;Não Informada;Não Informada
Fortaleza;AIS 17;HOMICIDIO DOLOSO;2021-03-24;22:00:00;Quarta;Outros meios;Masculino;20;Ensino Médio Completo;Não Informada
Fortaleza;AIS 20;HOMICIDIO DOLOSO;2021-03-24;23:10:00;Quarta;Arma branca;Masculino;31;Alfabetizado;Não Informada
Fortaleza;AIS 21;HOMICIDIO DOLOSO;2021-03-25;04:00:00;Quinta;Arma de fogo;Masculino;29;Ensino Médio Incompleto;Não Informada
Sobral;AIS 03;HOMICIDIO DOLOSO;2021-03-25;07:59:59;Quinta;Arma de fogo;Masculino;32;Ensino Fundamental Completo;Parda
Fortaleza;AIS 19;HOMICIDIO DOLOSO;2021-03-25;12:35:59;Quinta;Arma de fogo;Masculino;18;Ensino Fundamental Incompleto;Não Informada
Cascavel;AIS 15;HOMICIDIO DOLOSO;2021-03-25;18:00:00;Quinta;Arma de fogo;Masculino;29;Ensino Médio Completo;Não Informada
Icó;AIS 34;HOMICIDIO DOLOSO;2021-03-25;18:29:59;Quinta;Arma de fogo;Feminino;35;Ensino Médio Completo;Não Informada
São Gonçalo do Amarante;AIS 23;HOMICIDIO DOLOSO;2021-03-26;00:40:00;Sexta;Arma de fogo;Masculino;38;Não Informada;Parda
Crato;AIS 02;HOMICIDIO DOLOSO;2021-03-26;18:00:00;Sexta;Arma de fogo;Masculino;23;Ensino Médio Incompleto;Parda
Santana do Acaraú;AIS 03;HOMICIDIO DOLOSO;2021-03-26;21:00:00;Sexta;Arma de fogo;Masculino;23;Não Informada;Não Informada
Fortaleza;AIS 06;HOMICIDIO DOLOSO;2021-03-27;04:45:00;Sábado;Arma branca;Masculino;24;Ensino Fundamental Completo;Não Informada
Chorozinho;AIS 25;HOMICIDIO DOLOSO;2021-03-27;05:30:00;Sábado;Arma de fogo;Masculino;39;Alfabetizado;Não Informada
Pacatuba;AIS 24;HOMICIDIO DOLOSO;2021-03-27;10:11:59;Sábado;Arma de fogo;Masculino;Não Informada;Não Informada;Não Informada
Fortaleza;AIS 20;HOMICIDIO DOLOSO;2021-03-27;12:29:59;Sábado;Arma de fogo;Masculino;25;Ensino Médio Incompleto;Não Informada
Fortaleza;AIS 19;HOMICIDIO DOLOSO;2021-03-27;14:08:00;Sábado;Arma branca;Masculino;60;Alfabetizado;Não Informada
Pacajus;AIS 25;HOMICIDIO DOLOSO;2021-03-27;15:00:00;Sábado;Arma de fogo;Masculino;24;Ensino Médio Completo;Parda
Pacatuba;AIS 24;HOMICIDIO DOLOSO;2021-03-27;15:00:00;Sábado;Arma branca;Masculino;Não Informada;Não Informada;Não Informada
Fortaleza;AIS 18;HOMICIDIO DOLOSO;2021-03-27;15:29:59;Sábado;Arma de fogo;Masculino;30;Ensino Médio Completo;Não Informada
Maranguape;AIS 24;HOMICIDIO DOLOSO;2021-03-27;17:50:00;Sábado;Arma de fogo;Masculino;25;Ensino Fundamental Completo;Não Informada
Crateús;AIS 07;HOMICIDIO DOLOSO;2021-03-27;18:40:00;Sábado;Arma de fogo;Masculino;59;Ensino Fundamental Incompleto;Parda
Caucaia;AIS 12;HOMICIDIO DOLOSO;2021-03-27;19:59:59;Sábado;Arma de fogo;Masculino;47;Ensino Médio Completo;Não Informada
Missão Velha;AIS 02;HOMICIDIO DOLOSO;2021-03-28;01:00:00;Domingo;Arma de fogo;Masculino;32;Alfabetizado;Não Informada
Juazeiro do Norte;AIS 02;HOMICIDIO DOLOSO;2021-03-28;01:59:59;Domingo;Arma de fogo;Masculino;19;Ensino Fundamental Completo;Não Informada
Ubajara;AIS 27;HOMICIDIO DOLOSO;2021-03-28;15:00:00;Domingo;Arma branca;Masculino;24;Ensino Médio Completo;Preta
Fortaleza;AIS 21;HOMICIDIO DOLOSO;2021-03-28;16:59:59;Domingo;Arma de fogo;Masculino;28;Ensino Fundamental Completo;Parda
Fortaleza;AIS 21;HOMICIDIO DOLOSO;2021-03-28;16:59:59;Domingo;Arma de fogo;Masculino;26;Ensino Fundamental Completo;Não Informada
Itarema;AIS 11;HOMICIDIO DOLOSO;2021-03-28;17:40:00;Domingo;Arma branca;Masculino;12;Alfabetizado;Não Informada
Barbalha;AIS 02;HOMICIDIO DOLOSO;2021-03-28;18:00:00;Domingo;Arma de fogo;Masculino;41;Alfabetizado;Preta
Guaraciaba do Norte;AIS 27;HOMICIDIO DOLOSO;2021-03-28;20:30:00;Domingo;Arma branca;Masculino;57;Alfabetizado;Parda
Caucaia;AIS 26;HOMICIDIO DOLOSO;2021-03-28;20:34:59;Domingo;Arma de fogo;Masculino;33;Ensino Fundamental Completo;Não Informada
Maracanaú;AIS 14;HOMICIDIO DOLOSO;2021-03-28;21:55:00;Domingo;Arma de fogo;Masculino;Não Informada;Não Informada;Não Informada
Ibaretama;AIS 09;HOMICIDIO DOLOSO;2021-03-29;01:49:59;Segunda;Outros meios;Masculino;30;Ensino Fundamental Completo;Parda
Novo Oriente;AIS 07;HOMICIDIO DOLOSO;2021-03-29;13:00:00;Segunda;Arma de fogo;Masculino;26;Ensino Fundamental Completo;Parda
Crato;AIS 02;HOMICIDIO DOLOSO;2021-03-29;13:00:00;Segunda;Arma de fogo;Masculino;26;Ensino Fundamental Incompleto;Não Informada
Crato;AIS 02;HOMICIDIO DOLOSO;2021-03-29;13:00:00;Segunda;Arma de fogo;Masculino;20;Alfabetizado;Não Informada
Canindé;AIS 04;HOMICIDIO DOLOSO;2021-03-29;15:00:00;Segunda;Arma de fogo;Masculino;19;Ensino Fundamental Completo;Não Informada
Fortaleza;AIS 21;HOMICIDIO DOLOSO;2021-03-29;16:42:00;Segunda;Arma de fogo;Masculino;18;Alfabetizado;Não Informada
Fortaleza;AIS 20;HOMICIDIO DOLOSO;2021-03-29;20:10:00;Segunda;Arma de fogo;Masculino;17;Não Informada;Não Informada
Caucaia;AIS 12;HOMICIDIO DOLOSO;2021-03-30;09:46:00;Terça;Arma de fogo;Feminino;31;Ensino Fundamental Incompleto;Não Informada
Fortaleza;AIS 16;HOMICIDIO DOLOSO;2021-03-30;15:29:59;Terça;Arma de fogo;Masculino;18;Ensino Médio Incompleto;Não Informada
Russas;AIS 01;HOMICIDIO DOLOSO;2021-03-30;17:44:59;Terça;Arma de fogo;Masculino;43;Alfabetizado;Não Informada
Assaré;AIS 33;HOMICIDIO DOLOSO;2021-03-30;18:00:00;Terça;Arma de fogo;Masculino;25;Alfabetizado;Não Informada
Itaitinga;AIS 25;HOMICIDIO DOLOSO;2021-03-30;19:00:00;Terça;Arma de fogo;Masculino;19;Ensino Médio Incompleto;Não Informada
Fortaleza;AIS 21;HOMICIDIO DOLOSO;2021-03-30;20:13:00;Terça;Arma de fogo;Masculino;23;Alfabetizado;Não Informada
Fortaleza;AIS 08;HOMICIDIO DOLOSO;2021-03-31;13:00:00;Quarta;Arma de fogo;Masculino;19;Ensino Fundamental Incompleto;Parda
Fortaleza;AIS 17;HOMICIDIO DOLOSO;2021-03-31;13:14:00;Quarta;Arma branca;Masculino;Não Informada;Não Informada;Não Informada
Ibaretama;AIS 09;HOMICIDIO DOLOSO;2021-03-31;13:59:59;Quarta;Arma de fogo;Masculino;34;Ensino Médio Completo;Não Informada
Juazeiro do Norte;AIS 02;HOMICIDIO DOLOSO;2021-03-31;15:29:59;Quarta;Arma branca;Masculino;53;Não Informada;Não Informada
Itaitinga;AIS 25;HOMICIDIO DOLOSO;2021-03-31;17:50:59;Quarta;Arma de fogo;Masculino;16;Ensino Fundamental Incompleto;Parda
Aquiraz;AIS 15;HOMICIDIO DOLOSO;2021-03-31;19:45:00;Quarta;Arma de fogo;Masculino;42;Ensino Médio Completo;Não Informada
Quixadá;AIS 09;HOMICIDIO DOLOSO;2021-03-31;22:00:00;Quarta;Arma de fogo;Feminino;22;Ensino Fundamental Incompleto;Não Informada
Fortaleza;AIS 16;HOMICIDIO DOLOSO;2021-03-31;23:30:00;Quarta;Arma de fogo;Masculino;32;Ensino Fundamental Completo;Não Informada
Jaguaruana;AIS 01;HOMICIDIO DOLOSO;2021-04-01;07:00:00;Quinta;Arma de fogo;Masculino;22;Ensino Fundamental Incompleto;Parda
Maracanaú;AIS 14;HOMICIDIO DOLOSO;2021-04-01;08:06:59;Quinta;Arma de fogo;Feminino;18;Ensino Médio Completo;Não Informada
Acopiara;AIS 10;ROUBO SEGUIDO DE MORTE (LATROCINIO);2021-04-01;13:00:00;Quinta;Outros meios;Masculino;46;Ensino Fundamental Incompleto;Não Informada
Maracanaú;AIS 14;HOMICIDIO DOLOSO;2021-04-01;13:24:00;Quinta;Arma de fogo;Masculino;24;Não Informada;Não Informada
Caucaia;AIS 26;HOMICIDIO DOLOSO;2021-04-01;13:44:00;Quinta;Arma de fogo;Masculino;30;Ensino Médio Completo;Não Informada
Caucaia;AIS 12;HOMICIDIO DOLOSO;2021-04-01;14:56:00;Quinta;Arma de fogo;Masculino;Não Informada;Não Informada;Não Informada
Icó;AIS 34;HOMICIDIO DOLOSO;2021-04-01;19:59:59;Quinta;Arma de fogo;Masculino;33;Alfabetizado;Não Informada
Viçosa do Ceará;AIS 27;HOMICIDIO DOLOSO;2021-04-01;20:30:00;Quinta;Arma branca;Masculino;24;Ensino Médio Completo;Não Informada
Fortaleza;AIS 08;HOMICIDIO DOLOSO;2021-04-01;21:40:00;Quinta;Arma de fogo;Masculino;27;Ensino Médio Incompleto;Parda
Fortaleza;AIS 16;HOMICIDIO DOLOSO;2021-04-02;00:35:59;Sexta;Outros meios;Masculino;18;Alfabetizado;Não Informada
Sobral;AIS 03;HOMICIDIO DOLOSO;2021-04-02;00:49:59;Sexta;Arma branca;Masculino;44;Alfabetizado;Parda
Fortaleza;AIS 19;HOMICIDIO DOLOSO;2021-04-02;12:10:00;Sexta;Arma de fogo;Masculino;36;Não Informada;Não Informada
Saboeiro;AIS 10;HOMICIDIO DOLOSO;2021-04-02;15:00:00;Sexta;Arma branca;Masculino;63;Alfabetizado;Não Informada
Horizonte;AIS 25;HOMICIDIO DOLOSO;2021-04-02;19:30:00;Sexta;Arma de fogo;Masculino;33;Ensino Fundamental Incompleto;Não Informada
Juazeiro do Norte;AIS 02;HOMICIDIO DOLOSO;2021-04-02;20:15:00;Sexta;Arma de fogo;Masculino;28;Ensino Fundamental Incompleto;Preta
Aquiraz;AIS 15;HOMICIDIO DOLOSO;2021-04-02;22:00:00;Sexta;Arma de fogo;Masculino;19;Ensino Fundamental Incompleto;Não Informada
Sobral;AIS 03;HOMICIDIO DOLOSO;2021-04-03;01:00:00;Sábado;Arma de fogo;Masculino;22;Alfabetizado;Parda
Itaitinga;AIS 25;HOMICIDIO DOLOSO;2021-04-03;03:47:00;Sábado;Arma de fogo;Masculino;26;Ensino Fundamental Incompleto;Não Informada
Fortaleza;AIS 20;HOMICIDIO DOLOSO;2021-04-03;12:00:00;Sábado;Arma de fogo;Masculino;20;Ensino Fundamental Incompleto;Não Informada
Jardim;AIS 02;HOMICIDIO DOLOSO;2021-04-03;12:40:00;Sábado;Arma de fogo;Masculino;31;Não Informada;Parda
Fortaleza;AIS 19;HOMICIDIO DOLOSO;2021-04-03;13:00:00;Sábado;Arma de fogo;Masculino;18;Não Informada;Parda
Quixeré;AIS 01;HOMICIDIO DOLOSO;2021-04-03;14:27:00;Sábado;Arma de fogo;Masculino;19;Ensino Fundamental Incompleto;Não Informada
Maracanaú;AIS 14;HOMICIDIO DOLOSO;2021-04-03;17:30:00;Sábado;Arma de fogo;Masculino;22;Ensino Médio Incompleto;Parda
Cedro;AIS 34;HOMICIDIO DOLOSO;2021-04-03;18:29:59;Sábado;Arma de fogo;Masculino;18;Ensino Fundamental Completo;Parda
Cedro;AIS 34;HOMICIDIO DOLOSO;2021-04-03;18:29:59;Sábado;Arma de fogo;Feminino;15;Ensino Fundamental Incompleto;Não Informada
Martinópole;AIS 28;HOMICIDIO DOLOSO;2021-04-03;19:00:00;Sábado;Arma de fogo;Masculino;36;Alfabetizado;Não Informada
Ibicuitinga;AIS 09;HOMICIDIO DOLOSO;2021-04-03;19:30:00;Sábado;Arma de fogo;Masculino;28;Não Informada;Não Informada
Crato;AIS 02;HOMICIDIO DOLOSO;2021-04-03;21:10:00;Sábado;Arma de fogo;Feminino;55;Ensino Fundamental Incompleto;Parda
Aquiraz;AIS 15;HOMICIDIO DOLOSO;2021-04-03;23:06:59;Sábado;Arma de fogo;Masculino;31;Ensino Fundamental Incompleto;Não Informada
Potengi;AIS 33;HOMICIDIO DOLOSO;2021-04-04;01:00:00;Domingo;Outros meios;Masculino;63;Alfabetizado;Não Informada
São João do Jaguaribe;AIS 01;HOMICIDIO DOLOSO;2021-04-04;16:59:59;Domingo;Arma de fogo;Masculino;23;Ensino Fundamental Incompleto;Não Informada
Ipu;AIS 07;HOMICIDIO DOLOSO;2021-04-04;19:00:00;Domingo;Arma branca;Masculino;22;Ensino Fundamental Incompleto;Não Informada
Horizonte;AIS 25;HOMICIDIO DOLOSO;2021-04-04;22:40:00;Domingo;Arma de fogo;Masculino;22;Ensino Fundamental Incompleto;Não Informada
Itapajé;AIS 11;HOMICIDIO DOLOSO;2021-04-05;00:29:59;Segunda;Arma de fogo;Masculino;17;Alfabetizado;Parda
Juazeiro do Norte;AIS 02;HOMICIDIO DOLOSO;2021-04-05;03:00:00;Segunda;Arma branca;Masculino;16;Alfabetizado;Não Informada
Fortaleza;AIS 19;HOMICIDIO DOLOSO;2021-04-05;03:19:59;Segunda;Arma de fogo;Masculino;21;Ensino Fundamental Completo;Não Informada
Caridade;AIS 04;HOMICIDIO DOLOSO;2021-04-05;08:30:00;Segunda;Arma de fogo;Masculino;20;Alfabetizado;Não Informada
Tabuleiro do Norte;AIS 01;HOMICIDIO DOLOSO;2021-04-05;13:30:00;Segunda;Arma de fogo;Masculino;17;Ensino Médio Incompleto;Não Informada
Tabuleiro do Norte;AIS 01;HOMICIDIO DOLOSO;2021-04-05;13:30:00;Segunda;Arma de fogo;Masculino;16;Ensino Fundamental Incompleto;Não Informada
Assaré;AIS 33;HOMICIDIO DOLOSO;2021-04-05;18:29:59;Segunda;Arma de fogo;Masculino;17;Ensino Fundamental Incompleto;Não Informada
Fortaleza;AIS 19;HOMICIDIO DOLOSO;2021-04-05;18:57:59;Segunda;Arma de fogo;Masculino;18;Ensino Fundamental Incompleto;Não Informada
Sobral;AIS 03;HOMICIDIO DOLOSO;2021-04-05;19:59:59;Segunda;Arma de fogo;Masculino;27;Ensino Fundamental Incompleto;Não Informada
Crato;AIS 02;HOMICIDIO DOLOSO;2021-04-05;20:46:00;Segunda;Arma de fogo;Masculino;17;Ensino Fundamental Incompleto;Parda
São Gonçalo do Amarante;AIS 23;HOMICIDIO DOLOSO;2021-04-06;01:00:00;Terça;Arma de fogo;Masculino;34;Ensino Fundamental Incompleto;Não Informada
Beberibe;AIS 30;HOMICIDIO DOLOSO;2021-04-06;12:00:00;Terça;Arma branca;Masculino;19;Não Informada;Parda
Fortaleza;AIS 20;HOMICIDIO DOLOSO;2021-04-06;13:00:00;Terça;Arma de fogo;Masculino;26;Ensino Fundamental Completo;Parda
Caucaia;AIS Não Identificada (Caucaia);HOMICIDIO DOLOSO;2021-04-06;14:06:59;Terça;Arma branca;Masculino;33;Ensino Fundamental Completo;Não Informada
Caucaia;AIS 12;HOMICIDIO DOLOSO;2021-04-06;15:40:00;Terça;Arma de fogo;Masculino;20;Ensino Médio Completo;Não Informada
Umirim;AIS 11;HOMICIDIO DOLOSO;2021-04-06;21:00:00;Terça;Arma de fogo;Masculino;22;Ensino Fundamental Completo;Não Informada
Itarema;AIS 11;HOMICIDIO DOLOSO;2021-04-06;21:55:00;Terça;Arma de fogo;Masculino;40;Ensino Fundamental Incompleto;Não Informada
Caucaia;AIS 12;HOMICIDIO DOLOSO;2021-04-07;06:29:59;Quarta;Arma de fogo;Masculino;18;Ensino Fundamental Incompleto;Branca
Itaitinga;AIS 25;HOMICIDIO DOLOSO;2021-04-07;10:35:59;Quarta;Arma de fogo;Masculino;24;Ensino Fundamental Completo;Não Informada
Maracanaú;AIS 14;HOMICIDIO DOLOSO;2021-04-07;12:00:00;Quarta;Arma de fogo;Masculino;28;Ensino Médio Incompleto;Parda
Fortaleza;AIS 17;HOMICIDIO DOLOSO;2021-04-07;12:59:00;Quarta;Arma de fogo;Masculino;22;Ensino Fundamental Completo;Não Informada
Pacatuba;AIS 24;HOMICIDIO DOLOSO;2021-04-07;17:30:00;Quarta;Arma de fogo;Masculino;28;Alfabetizado;Parda
Sobral;AIS 03;HOMICIDIO DOLOSO;2021-04-07;19:59:59;Quarta;Arma de fogo;Masculino;23;Alfabetizado;Não Informada
Fortaleza;AIS 18;HOMICIDIO DOLOSO;2021-04-07;19:59:59;Quarta;Arma de fogo;Masculino;32;Ensino Fundamental Incompleto;Não Informada
Aquiraz;AIS 15;HOMICIDIO DOLOSO;2021-04-07;20:44:59;Quarta;Arma de fogo;Masculino;31;Ensino Fundamental Incompleto;Não Informada
Tianguá;AIS 27;HOMICIDIO DOLOSO;2021-04-07;21:19:59;Quarta;Arma de fogo;Masculino;25;Não Informada;Parda
Fortaleza;AIS 05;HOMICIDIO DOLOSO;2021-04-07;23:50:00;Quarta;Arma de fogo;Masculino;40;Ensino Médio Completo;Não Informada
Fortaleza;AIS 18;HOMICIDIO DOLOSO;2021-04-08;00:35:00;Quinta;Arma de fogo;Masculino;31;Não Informada;Não Informada
Fortaleza;AIS 16;HOMICIDIO DOLOSO;2021-04-08;06:08:00;Quinta;Arma de fogo;Masculino;27;Ensino Médio Completo;Não Informada
Fortaleza;AIS 16;HOMICIDIO DOLOSO;2021-04-08;06:29:59;Quinta;Arma de fogo;Masculino;24;Ensino Fundamental Completo;Parda
Itarema;AIS 11;HOMICIDIO DOLOSO;2021-04-08;11:30:00;Quinta;Arma de fogo;Masculino;32;Alfabetizado;Não Informada
São Gonçalo do Amarante;AIS 23;HOMICIDIO DOLOSO;2021-04-08;18:49:59;Quinta;Arma de fogo;Masculino;41;Ensino Fundamental Completo;Não Informada
Frecheirinha;AIS 03;HOMICIDIO DOLOSO;2021-04-08;19:30:00;Quinta;Arma de fogo;Masculino;30;Alfabetizado;Não Informada
Fortaleza;AIS 20;HOMICIDIO DOLOSO;2021-04-08;22:49:00;Quinta;Arma de fogo;Masculino;18;Alfabetizado;Não Informada
Jijoca de Jericoacoara;AIS 11;HOMICIDIO DOLOSO;2021-04-08;22:59:59;Quinta;Arma de fogo;Masculino;25;Ensino Médio Completo;Parda
Quixadá;AIS 09;HOMICIDIO DOLOSO;2021-04-08;22:59:59;Quinta;Arma de fogo;Masculino;34;Alfabetizado;Não Informada
Horizonte;AIS 25;HOMICIDIO DOLOSO;2021-04-09;04:59:59;Sexta;Arma de fogo;Masculino;17;Não Informada;Preta
Horizonte;AIS 25;HOMICIDIO DOLOSO;2021-04-09;04:59:59;Sexta;Arma de fogo;Masculino;16;Não Informada;Não Informada
Caucaia;AIS 12;HOMICIDIO DOLOSO;2021-04-09;05:20:59;Sexta;Arma de fogo;Masculino;48;Alfabetizado;Não Informada
Tabuleiro do Norte;AIS 01;HOMICIDIO DOLOSO;2021-04-09;07:59:59;Sexta;Arma de fogo;Masculino;25;Ensino Fundamental Incompleto;Não Informada
Mucambo;AIS 03;HOMICIDIO DOLOSO;2021-04-09;10:30:00;Sexta;Arma de fogo;Masculino;32;Alfabetizado;Parda
Horizonte;AIS 25;HOMICIDIO DOLOSO;2021-04-09;14:50:00;Sexta;Arma de fogo;Masculino;18;Não Informada;Não Informada
Juazeiro do Norte;AIS 02;HOMICIDIO DOLOSO;2021-04-09;15:00:00;Sexta;Arma de fogo;Masculino;16;Ensino Médio Completo;Não Informada
São Gonçalo do Amarante;AIS 23;HOMICIDIO DOLOSO;2021-04-09;20:40:00;Sexta;Arma de fogo;Feminino;49;Ensino Fundamental Incompleto;Não Informada
Canindé;AIS 04;HOMICIDIO DOLOSO;2021-04-10;01:00:00;Sábado;Arma de fogo;Masculino;26;Ensino Fundamental Incompleto;Não Informada
Caucaia;AIS 26;HOMICIDIO DOLOSO;2021-04-10;04:00:00;Sábado;Arma de fogo;Masculino;21;Não Informada;Não Informada
Alto Santo;AIS 31;HOMICIDIO DOLOSO;2021-04-10;05:19:59;Sábado;Arma de fogo;Masculino;46;Ensino Médio Incompleto;Branca
Itatira;AIS 04;HOMICIDIO DOLOSO;2021-04-10;09:19:59;Sábado;Arma de fogo;Masculino;55;Ensino Fundamental Incompleto;Não Informada
Fortaleza;AIS 21;LESAO CORPORAL SEGUIDA DE MORTE;2021-04-10;10:40:00;Sábado;Arma branca;Masculino;59;Ensino Médio Completo;Não Informada
Tauá;AIS 13;HOMICIDIO DOLOSO;2021-04-10;13:00:00;Sábado;Outros meios;Masculino;22;Alfabetizado;Parda
Fortaleza;AIS 21;HOMICIDIO DOLOSO;2021-04-10;15:19:00;Sábado;Arma branca;Masculino;Não Informada;Não Informada;Não Informada
Ocara;AIS 29;HOMICIDIO DOLOSO;2021-04-10;19:00:00;Sábado;Arma de fogo;Masculino;24;Ensino Médio Incompleto;Não Informada
Ocara;AIS 29;HOMICIDIO DOLOSO;2021-04-10;19:00:00;Sábado;Arma de fogo;Masculino;16;Ensino Fundamental Incompleto;Não Informada
Tamboril;AIS 07;HOMICIDIO DOLOSO;2021-04-10;19:00:00;Sábado;Arma de fogo;Masculino;32;Ensino Fundamental Completo;Não Informada
Caucaia;AIS 12;ROUBO SEGUIDO DE MORTE (LATROCINIO);2021-04-10;21:29:59;Sábado;Arma de fogo;Feminino;19;Alfabetizado;Não Informada
Fortaleza;AIS 06;HOMICIDIO DOLOSO;2021-04-10;22:59:59;Sábado;Arma de fogo;Masculino;26;Não Informada;Não Informada
Fortaleza;AIS 08;HOMICIDIO DOLOSO;2021-04-10;23:30:00;Sábado;Arma de fogo;Masculino;20;Alfabetizado;Não Informada
Fortaleza;AIS 18;HOMICIDIO DOLOSO;2021-04-11;00:36:59;Domingo;Arma de fogo;Masculino;42;Ensino Fundamental Completo;Não Informada
Maracanaú;AIS 14;HOMICIDIO DOLOSO;2021-04-11;03:00:00;Domingo;Arma de fogo;Masculino;24;Ensino Fundamental Incompleto;Não Informada
Maracanaú;AIS 14;HOMICIDIO DOLOSO;2021-04-11;03:00:00;Domingo;Arma de fogo;Feminino;Não Informada;Não Informada;Não Informada
Jijoca de Jericoacoara;AIS 11;HOMICIDIO DOLOSO;2021-04-11;07:00:00;Domingo;Arma de fogo;Masculino;17;Não Informada;Não Informada
Barbalha;AIS 02;HOMICIDIO DOLOSO;2021-04-11;08:30:00;Domingo;Arma de fogo;Masculino;21;Ensino Fundamental Incompleto;Não Informada
Ocara;AIS 29;HOMICIDIO DOLOSO;2021-04-11;08:30:00;Domingo;Arma de fogo;Masculino;27;Ensino Fundamental Incompleto;Não Informada
Caucaia;AIS 26;HOMICIDIO DOLOSO;2021-04-11;12:43:59;Domingo;Arma de fogo;Masculino;21;Ensino Médio Incompleto;Não Informada
Caucaia;AIS 26;HOMICIDIO DOLOSO;2021-04-11;13:51:59;Domingo;Arma de fogo;Masculino;Não Informada;Não Informada;Não Informada
Pacatuba;AIS 24;HOMICIDIO DOLOSO;2021-04-11;18:40:00;Domingo;Arma de fogo;Masculino;20;Ensino Médio Completo;Branca
Cascavel;AIS 15;HOMICIDIO DOLOSO;2021-04-11;19:20:00;Domingo;Arma de fogo;Masculino;38;Alfabetizado;Parda
Paraipaba;AIS 23;HOMICIDIO DOLOSO;2021-04-11;20:19:59;Domingo;Arma de fogo;Masculino;41;Não Alfabetizado;Não Informada
Caucaia;AIS 12;HOMICIDIO DOLOSO;2021-04-11;21:19:59;Domingo;Arma de fogo;Feminino;20;Ensino Médio Completo;Parda
Caucaia;AIS 12;HOMICIDIO DOLOSO;2021-04-11;21:19:59;Domingo;Arma de fogo;Masculino;15;Ensino Fundamental Incompleto;Parda
Caucaia;AIS 12;HOMICIDIO DOLOSO;2021-04-11;21:19:59;Domingo;Arma de fogo;Masculino;32;Ensino Médio Incompleto;Não Informada
Caucaia;AIS 12;HOMICIDIO DOLOSO;2021-04-11;21:19:59;Domingo;Arma de fogo;Masculino;29;Ensino Médio Completo;Não Informada
Jaguaribe;AIS 31;HOMICIDIO DOLOSO;2021-04-12;03:00:00;Segunda;Arma de fogo;Masculino;41;Alfabetizado;Parda
Jaguaribe;AIS 31;HOMICIDIO DOLOSO;2021-04-12;03:00:00;Segunda;Arma de fogo;Feminino;30;Alfabetizado;Não Informada
Pentecoste;AIS 11;HOMICIDIO DOLOSO;2021-04-12;04:00:00;Segunda;Arma de fogo;Masculino;26;Ensino Médio Completo;Não Informada
Juazeiro do Norte;AIS 02;HOMICIDIO DOLOSO;2021-04-12;06:00:00;Segunda;Arma branca;Masculino;37;Ensino Fundamental Completo;Não Informada
Maracanaú;AIS 14;HOMICIDIO DOLOSO;2021-04-12;07:40:00;Segunda;Arma de fogo;Masculino;25;Ensino Fundamental Completo;Não Informada
Cedro;AIS 34;HOMICIDIO DOLOSO;2021-04-12;17:30:00;Segunda;Arma de fogo;Masculino;42;Não Informada;Branca
Russas;AIS 01;HOMICIDIO DOLOSO;2021-04-12;17:30:00;Segunda;Arma de fogo;Masculino;37;Alfabetizado;Não Informada
Fortaleza;AIS 16;HOMICIDIO DOLOSO;2021-04-12;18:29:59;Segunda;Arma de fogo;Masculino;27;Ensino Fundamental Completo;Parda
Fortaleza;AIS 06;HOMICIDIO DOLOSO;2021-04-12;19:59:59;Segunda;Arma de fogo;Masculino;34;Alfabetizado;Não Informada
Fortaleza;AIS 06;HOMICIDIO DOLOSO;2021-04-12;20:30:00;Segunda;Arma branca;Masculino;24;Ensino Médio Completo;Parda
Sobral;AIS 03;HOMICIDIO DOLOSO;2021-04-12;20:30:00;Segunda;Arma de fogo;Masculino;33;Alfabetizado;Não Informada
Fortaleza;AIS 18;HOMICIDIO DOLOSO;2021-04-12;21:17:00;Segunda;Arma de fogo;Feminino;24;Ensino Fundamental Incompleto;Não Informada
Fortaleza;AIS 06;HOMICIDIO DOLOSO;2021-04-13;04:30:00;Terça;Arma de fogo;Masculino;24;Ensino Médio Completo;Parda
Maranguape;AIS 24;HOMICIDIO DOLOSO;2021-04-13;10:59:59;Terça;Arma de fogo;Masculino;34;Alfabetizado;Parda
Caucaia;AIS 12;HOMICIDIO DOLOSO;2021-04-13;13:20:00;Terça;Arma de fogo;Masculino;46;Não Alfabetizado;Não Informada
Fortaleza;AIS 19;HOMICIDIO DOLOSO;2021-04-13;14:00:00;Terça;Arma de fogo;Masculino;20;Ensino Médio Incompleto;Parda
Fortaleza;AIS 18;HOMICIDIO DOLOSO;2021-04-13;16:00:00;Terça;Arma de fogo;Masculino;29;Ensino Médio Completo;Não Informada
Maracanaú;AIS 14;HOMICIDIO DOLOSO;2021-04-13;18:00:00;Terça;Arma de fogo;Masculino;33;Ensino Médio Incompleto;Não Informada
São Gonçalo do Amarante;AIS 23;HOMICIDIO DOLOSO;2021-04-13;19:00:00;Terça;Arma de fogo;Masculino;20;Alfabetizado;Não Informada
Fortaleza;AIS 20;HOMICIDIO DOLOSO;2021-04-13;19:40:00;Terça;Arma de fogo;Feminino;25;Alfabetizado;Não Informada
Missão Velha;AIS 02;HOMICIDIO DOLOSO;2021-04-13;21:19:59;Terça;Arma de fogo;Masculino;26;Não Informada;Não Informada
Fortaleza;AIS 18;HOMICIDIO DOLOSO;2021-04-14;00:43:00;Quarta;Arma de fogo;Masculino;31;Ensino Fundamental Incompleto;Não Informada
Aracoiaba;AIS 29;HOMICIDIO DOLOSO;2021-04-14;07:00:00;Quarta;Arma de fogo;Masculino;33;Ensino Médio Incompleto;Parda
Juazeiro do Norte;AIS 02;HOMICIDIO DOLOSO;2021-04-14;19:34:59;Quarta;Arma de fogo;Masculino;25;Alfabetizado;Não Informada
Aquiraz;AIS 15;HOMICIDIO DOLOSO;2021-04-14;20:30:00;Quarta;Arma de fogo;Masculino;19;Alfabetizado;Não Informada
Fortaleza;AIS 20;HOMICIDIO DOLOSO;2021-04-14;20:30:00;Quarta;Arma de fogo;Masculino;15;Alfabetizado;Não Informada
Paracuru;AIS 23;HOMICIDIO DOLOSO;2021-04-14;20:30:00;Quarta;Arma de fogo;Masculino;24;Ensino Médio Incompleto;Não Informada
Aquiraz;AIS 15;HOMICIDIO DOLOSO;2021-04-14;21:15:00;Quarta;Arma de fogo;Masculino;36;Ensino Fundamental Incompleto;Não Informada
Caucaia;AIS 12;HOMICIDIO DOLOSO;2021-04-15;06:25:00;Quinta;Arma de fogo;Feminino;27;Ensino Médio Incompleto;Não Informada
Caucaia;AIS 12;HOMICIDIO DOLOSO;2021-04-15;06:25:00;Quinta;Arma de fogo;Masculino;25;Alfabetizado;Não Informada
Caucaia;AIS 12;HOMICIDIO DOLOSO;2021-04-15;07:04:59;Quinta;Arma branca;Feminino;25;Ensino Fundamental Completo;Parda
Caucaia;AIS 12;HOMICIDIO DOLOSO;2021-04-15;07:04:59;Quinta;Arma branca;Feminino;21;Ensino Médio Incompleto;Não Informada
Iguatu;AIS 10;HOMICIDIO DOLOSO;2021-04-15;13:30:00;Quinta;Arma de fogo;Masculino;20;Ensino Fundamental Incompleto;Preta
Pacatuba;AIS 24;HOMICIDIO DOLOSO;2021-04-15;16:00:00;Quinta;Outros meios;Masculino;41;Ensino Fundamental Incompleto;Preta
Itaitinga;AIS 25;HOMICIDIO DOLOSO;2021-04-16;14:25:00;Sexta;Arma de fogo;Masculino;30;Ensino Fundamental Incompleto;Não Informada
Barreira;AIS 29;HOMICIDIO DOLOSO;2021-04-16;16:00:00;Sexta;Arma de fogo;Masculino;29;Não Informada;Não Informada
Fortaleza;AIS 19;HOMICIDIO DOLOSO;2021-04-16;20:20:59;Sexta;Arma de fogo;Masculino;18;Alfabetizado;Não Informada
Fortaleza;AIS 19;ROUBO SEGUIDO DE MORTE (LATROCINIO);2021-04-16;20:50:00;Sexta;Arma de fogo;Masculino;33;Ensino Médio Completo;Não Informada
Aquiraz;AIS 15;HOMICIDIO DOLOSO;2021-04-16;21:29:59;Sexta;Arma de fogo;Masculino;36;Ensino Médio Completo;Parda
Groaíras;AIS 03;HOMICIDIO DOLOSO;2021-04-16;21:49:59;Sexta;Arma de fogo;Masculino;26;Alfabetizado;Parda
Fortaleza;AIS 19;HOMICIDIO DOLOSO;2021-04-17;04:37:00;Sábado;Arma de fogo;Feminino;33;Ensino Médio Incompleto;Não Informada
Eusébio;AIS 15;HOMICIDIO DOLOSO;2021-04-17;10:59:59;Sábado;Arma de fogo;Masculino;42;Ensino Fundamental Incompleto;Não Informada
Cruz;AIS 11;HOMICIDIO DOLOSO;2021-04-17;13:59:59;Sábado;Arma de fogo;Masculino;20;Alfabetizado;Parda
Quixelô;AIS 10;HOMICIDIO DOLOSO;2021-04-17;16:59:59;Sábado;Arma de fogo;Feminino;37;Ensino Fundamental Incompleto;Branca
Fortaleza;AIS 06;HOMICIDIO DOLOSO;2021-04-17;18:08:00;Sábado;Arma de fogo;Masculino;Não Informada;Não Informada;Não Informada
Acopiara;AIS 10;HOMICIDIO DOLOSO;2021-04-17;22:30:00;Sábado;Arma de fogo;Masculino;52;Alfabetizado;Branca
Cascavel;AIS 15;HOMICIDIO DOLOSO;2021-04-18;03:00:00;Domingo;Arma de fogo;Masculino;26;Alfabetizado;Não Informada
Fortaleza;AIS 18;HOMICIDIO DOLOSO;2021-04-18;03:29:59;Domingo;Arma de fogo;Masculino;26;Ensino Médio Completo;Não Informada
Fortaleza;AIS 21;HOMICIDIO DOLOSO;2021-04-18;07:59:59;Domingo;Arma de fogo;Masculino;22;Alfabetizado;Não Informada
Farias Brito;AIS 02;HOMICIDIO DOLOSO;2021-04-18;13:30:00;Domingo;Arma de fogo;Masculino;17;Ensino Fundamental Incompleto;Preta
Guaraciaba do Norte;AIS 27;HOMICIDIO DOLOSO;2021-04-18;13:59:59;Domingo;Arma de fogo;Masculino;24;Ensino Fundamental Incompleto;Não Informada
Baturité;AIS 29;HOMICIDIO DOLOSO;2021-04-18;14:30:00;Domingo;Arma de fogo;Masculino;31;Ensino Fundamental Completo;Não Informada
Baturité;AIS 29;HOMICIDIO DOLOSO;2021-04-18;14:30:00;Domingo;Arma de fogo;Masculino;29;Alfabetizado;Não Informada
Crateús;AIS 07;HOMICIDIO DOLOSO;2021-04-18;17:30:00;Domingo;Arma branca;Masculino;52;Não Informada;Não Informada
Cascavel;AIS 15;HOMICIDIO DOLOSO;2021-04-18;18:00:00;Domingo;Arma de fogo;Masculino;49;Ensino Fundamental Incompleto;Não Informada
São Gonçalo do Amarante;AIS 23;HOMICIDIO DOLOSO;2021-04-18;20:40:00;Domingo;Arma de fogo;Masculino;48;Ensino Fundamental Incompleto;Não Informada
Fortaleza;AIS 06;HOMICIDIO DOLOSO;2021-04-19;02:50:00;Segunda;Arma de fogo;Masculino;34;Ensino Médio Incompleto;Parda
Sobral;AIS 03;HOMICIDIO DOLOSO;2021-04-19;04:37:00;Segunda;Arma de fogo;Masculino;42;Alfabetizado;Não Informada
Fortaleza;AIS 21;HOMICIDIO DOLOSO;2021-04-19;09:55:00;Segunda;Arma de fogo;Masculino;27;Ensino Fundamental Completo;Não Informada
Fortaleza;AIS 22;HOMICIDIO DOLOSO;2021-04-19;12:54:00;Segunda;Arma branca;Masculino;48;Não Informada;Parda
Marco;AIS 11;HOMICIDIO DOLOSO;2021-04-19;14:23:00;Segunda;Arma de fogo;Masculino;Não Informada;Não Informada;Não Informada
Fortaleza;AIS 21;HOMICIDIO DOLOSO;2021-04-19;15:07:00;Segunda;Arma de fogo;Masculino;19;Ensino Médio Completo;Não Informada
Paraipaba;AIS 23;HOMICIDIO DOLOSO;2021-04-19;16:30:00;Segunda;Arma de fogo;Masculino;39;Ensino Fundamental Completo;Não Informada
Pedra Branca;AIS 09;HOMICIDIO DOLOSO;2021-04-19;17:40:00;Segunda;Arma de fogo;Masculino;41;Alfabetizado;Não Informada
Fortaleza;AIS 21;HOMICIDIO DOLOSO;2021-04-19;17:48:00;Segunda;Arma de fogo;Masculino;24;Ensino Fundamental Completo;Não Informada
Caucaia;AIS 12;HOMICIDIO DOLOSO;2021-04-20;01:39:00;Terça;Arma de fogo;Masculino;34;Ensino Fundamental Completo;Não Informada
Sobral;AIS 03;HOMICIDIO DOLOSO;2021-04-20;09:00:00;Terça;Arma de fogo;Masculino;22;Alfabetizado;Parda
Sobral;AIS 03;HOMICIDIO DOLOSO;2021-04-20;09:00:00;Terça;Arma de fogo;Masculino;18;Alfabetizado;Não Informada
Sobral;AIS 03;HOMICIDIO DOLOSO;2021-04-20;17:40:00;Terça;Arma de fogo;Masculino;18;Alfabetizado;Não Informada
Cedro;AIS 34;HOMICIDIO DOLOSO;2021-04-20;19:30:00;Terça;Arma de fogo;Masculino;24;Ensino Médio Incompleto;Branca
Fortaleza;AIS 20;HOMICIDIO DOLOSO;2021-04-21;03:25:00;Quarta;Arma de fogo;Masculino;31;Ensino Fundamental Incompleto;Parda
Fortaleza;AIS 21;HOMICIDIO DOLOSO;2021-04-21;11:12:00;Quarta;Arma de fogo;Masculino;57;Alfabetizado;Não Informada
Campos Sales;AIS 33;HOMICIDIO DOLOSO;2021-04-21;11:25:00;Quarta;Arma de fogo;Masculino;26;Alfabetizado;Não Informada
Maranguape;AIS 24;HOMICIDIO DOLOSO;2021-04-21;12:00:00;Quarta;Arma de fogo;Masculino;Não Informada;Não Informada;Não Informada
Fortaleza;AIS 06;HOMICIDIO DOLOSO;2021-04-21;13:00:00;Quarta;Arma de fogo;Masculino;42;Não Informada;Não Informada
Fortaleza;AIS 21;HOMICIDIO DOLOSO;2021-04-21;15:00:00;Quarta;Arma de fogo;Masculino;23;Não Informada;Parda
Aquiraz;AIS 15;HOMICIDIO DOLOSO;2021-04-21;19:00:00;Quarta;Arma de fogo;Masculino;22;Alfabetizado;Não Informada
Paraipaba;AIS 23;HOMICIDIO DOLOSO;2021-04-21;19:30:00;Quarta;Arma de fogo;Feminino;20;Ensino Fundamental Incompleto;Não Informada
Maranguape;AIS 24;HOMICIDIO DOLOSO;2021-04-21;21:00:00;Quarta;Arma de fogo;Feminino;31;Ensino Médio Incompleto;Parda
Caucaia;AIS 26;HOMICIDIO DOLOSO;2021-04-21;21:00:00;Quarta;Arma de fogo;Masculino;23;Ensino Fundamental Completo;Parda
Maranguape;AIS 24;HOMICIDIO DOLOSO;2021-04-21;22:16:00;Quarta;Arma de fogo;Masculino;42;Ensino Fundamental Incompleto;Não Informada
Caucaia;AIS 12;HOMICIDIO DOLOSO;2021-04-21;22:25:00;Quarta;Arma de fogo;Masculino;23;Ensino Médio Completo;Não Informada
Tamboril;AIS 07;HOMICIDIO DOLOSO;2021-04-22;04:30:00;Quinta;Arma de fogo;Masculino;18;Alfabetizado;Não Informada
Ibaretama;AIS 09;HOMICIDIO DOLOSO;2021-04-22;08:30:00;Quinta;Arma de fogo;Masculino;26;Alfabetizado;Não Informada
São João do Jaguaribe;AIS 01;HOMICIDIO DOLOSO;2021-04-22;10:59:59;Quinta;Arma de fogo;Masculino;44;Ensino Fundamental Completo;Não Informada
Fortaleza;AIS 21;HOMICIDIO DOLOSO;2021-04-22;15:57:59;Quinta;Arma de fogo;Masculino;26;Ensino Fundamental Completo;Não Informada
Independência;AIS 07;HOMICIDIO DOLOSO;2021-04-22;16:00:00;Quinta;Arma de fogo;Masculino;44;Ensino Fundamental Incompleto;Não Informada
Pentecoste;AIS 11;HOMICIDIO DOLOSO;2021-04-22;18:29:59;Quinta;Arma de fogo;Masculino;22;Não Informada;Não Informada
Limoeiro do Norte;AIS 01;HOMICIDIO DOLOSO;2021-04-22;19:30:00;Quinta;Arma de fogo;Masculino;25;Ensino Fundamental Incompleto;Não Informada
Missão Velha;AIS 02;HOMICIDIO DOLOSO;2021-04-22;22:00:00;Quinta;Arma branca;Masculino;49;Não Alfabetizado;Parda
Fortaleza;AIS 21;HOMICIDIO DOLOSO;2021-04-23;00:16:00;Sexta;Arma de fogo;Masculino;28;Não Informada;Parda
Fortaleza;AIS 08;HOMICIDIO DOLOSO;2021-04-23;01:09:00;Sexta;Arma de fogo;Masculino;21;Alfabetizado;Não Informada
Fortaleza;AIS 08;HOMICIDIO DOLOSO;2021-04-23;01:09:00;Sexta;Arma de fogo;Masculino;71;Alfabetizado;Não Informada
Tamboril;AIS 07;HOMICIDIO DOLOSO;2021-04-23;01:20:00;Sexta;Arma de fogo;Masculino;30;Alfabetizado;Não Informada
Aracati;AIS 30;HOMICIDIO DOLOSO;2021-04-23;10:30:00;Sexta;Arma de fogo;Masculino;25;Ensino Fundamental Incompleto;Não Informada
Sobral;AIS 03;HOMICIDIO DOLOSO;2021-04-23;10:30:00;Sexta;Arma de fogo;Masculino;21;Alfabetizado;Não Informada
Barbalha;AIS 02;HOMICIDIO DOLOSO;2021-04-23;10:59:59;Sexta;Arma de fogo;Masculino;19;Ensino Fundamental Incompleto;Parda
Umirim;AIS 11;HOMICIDIO DOLOSO;2021-04-23;13:00:00;Sexta;Arma de fogo;Masculino;38;Alfabetizado;Não Informada
Chorozinho;AIS 25;HOMICIDIO DOLOSO;2021-04-23;18:40:00;Sexta;Arma de fogo;Masculino;28;Ensino Fundamental Incompleto;Não Informada
São Benedito;AIS 27;HOMICIDIO DOLOSO;2021-04-23;23:30:00;Sexta;Arma branca;Masculino;26;Alfabetizado;Não Informada
Tamboril;AIS 07;HOMICIDIO DOLOSO;2021-04-24;01:20:00;Sábado;Arma de fogo;Masculino;28;Ensino Fundamental Incompleto;Não Informada
Aquiraz;AIS 15;HOMICIDIO DOLOSO;2021-04-24;05:40:00;Sábado;Arma de fogo;Masculino;56;Ensino Fundamental Completo;Não Informada
Novo Oriente;AIS 07;HOMICIDIO DOLOSO;2021-04-24;09:00:00;Sábado;Arma de fogo;Masculino;53;Alfabetizado;Parda
Cascavel;AIS 15;HOMICIDIO DOLOSO;2021-04-24;12:00:00;Sábado;Arma de fogo;Feminino;37;Ensino Fundamental Incompleto;Parda
Cascavel;AIS 15;HOMICIDIO DOLOSO;2021-04-24;12:00:00;Sábado;Arma de fogo;Masculino;60;Ensino Fundamental Completo;Não Informada
Juazeiro do Norte;AIS 02;HOMICIDIO DOLOSO;2021-04-24;12:00:00;Sábado;Arma branca;Masculino;49;Alfabetizado;Não Informada
Poranga;AIS 07;FEMINICÍDIO;2021-04-24;15:29:59;Sábado;Arma branca;Feminino;43;Não Informada;Não Informada
Fortaleza;AIS 05;HOMICIDIO DOLOSO;2021-04-24;17:15:00;Sábado;Arma de fogo;Masculino;36;Ensino Fundamental Incompleto;Não Informada
Caucaia;AIS 26;HOMICIDIO DOLOSO;2021-04-24;17:34:00;Sábado;Arma branca;Masculino;44;Não Alfabetizado;Não Informada
Jaguaretama;AIS 09;HOMICIDIO DOLOSO;2021-04-24;18:29:59;Sábado;Arma de fogo;Masculino;22;Não Informada;Não Informada
Itapipoca;AIS 11;HOMICIDIO DOLOSO;2021-04-24;19:00:00;Sábado;Arma branca;Masculino;29;Alfabetizado;Não Informada
Maracanaú;AIS 14;HOMICIDIO DOLOSO;2021-04-24;20:55:00;Sábado;Arma de fogo;Masculino;50;Ensino Fundamental Incompleto;Branca
Fortaleza;AIS 22;HOMICIDIO DOLOSO;2021-04-24;21:40:00;Sábado;Outros meios;Masculino;Não Informada;Não Informada;Não Informada
Sobral;AIS 03;HOMICIDIO DOLOSO;2021-04-25;01:00:00;Domingo;Arma de fogo;Feminino;36;Ensino Médio Completo;Não Informada
Fortaleza;AIS 19;HOMICIDIO DOLOSO;2021-04-25;02:30:00;Domingo;Arma de fogo;Masculino;27;Alfabetizado;Parda
Fortaleza;AIS 19;HOMICIDIO DOLOSO;2021-04-25;02:30:00;Domingo;Arma de fogo;Feminino;24;Alfabetizado;Parda
Fortaleza;AIS 19;HOMICIDIO DOLOSO;2021-04-25;02:30:00;Domingo;Arma de fogo;Masculino;47;Ensino Fundamental Incompleto;Não Informada
Fortaleza;AIS 19;HOMICIDIO DOLOSO;2021-04-25;02:30:00;Domingo;Arma de fogo;Masculino;47;Ensino Fundamental Incompleto;Não Informada
Fortaleza;AIS 16;HOMICIDIO DOLOSO;2021-04-25;02:40:00;Domingo;Arma de fogo;Masculino;22;Alfabetizado;Não Informada
Umirim;AIS 11;HOMICIDIO DOLOSO;2021-04-25;10:59:59;Domingo;Arma de fogo;Masculino;21;Alfabetizado;Não Informada
Morada Nova;AIS 09;HOMICIDIO DOLOSO;2021-04-25;13:59:59;Domingo;Arma de fogo;Masculino;17;Alfabetizado;Não Informada
Pacajus;AIS 25;HOMICIDIO DOLOSO;2021-04-25;17:40:00;Domingo;Arma de fogo;Masculino;18;Ensino Fundamental Incompleto;Não Informada
Guaiúba;AIS 24;HOMICIDIO DOLOSO;2021-04-25;18:00:00;Domingo;Arma de fogo;Masculino;47;Não Alfabetizado;Não Informada
Maracanaú;AIS 14;HOMICIDIO DOLOSO;2021-04-25;18:19:59;Domingo;Arma de fogo;Masculino;26;Ensino Fundamental Incompleto;Não Informada
Marco;AIS 11;HOMICIDIO DOLOSO;2021-04-25;19:00:00;Domingo;Arma de fogo;Masculino;33;Não Informada;Não Informada
Juazeiro do Norte;AIS 02;HOMICIDIO DOLOSO;2021-04-25;19:59:59;Domingo;Arma de fogo;Masculino;29;Ensino Médio Completo;Não Informada
Crato;AIS 02;HOMICIDIO DOLOSO;2021-04-25;20:30:00;Domingo;Arma de fogo;Masculino;60;Alfabetizado;Não Informada
Fortaleza;AIS 06;HOMICIDIO DOLOSO;2021-04-25;23:24:00;Domingo;Arma de fogo;Masculino;26;Não Informada;Não Informada
Santana do Acaraú;AIS 03;HOMICIDIO DOLOSO;2021-04-26;07:59:59;Segunda;Arma de fogo;Masculino;42;Ensino Fundamental Completo;Não Informada
Fortaleza;AIS 16;HOMICIDIO DOLOSO;2021-04-26;08:30:00;Segunda;Arma de fogo;Masculino;Não Informada;Não Informada;Não Informada
Caucaia;AIS 12;HOMICIDIO DOLOSO;2021-04-26;14:19:59;Segunda;Arma de fogo;Masculino;23;Alfabetizado;Não Informada
Fortaleza;AIS 20;HOMICIDIO DOLOSO;2021-04-26;14:30:00;Segunda;Arma de fogo;Masculino;26;Ensino Fundamental Completo;Não Informada
Fortaleza;AIS 17;HOMICIDIO DOLOSO;2021-04-26;17:48:00;Segunda;Arma de fogo;Masculino;42;Ensino Médio Completo;Não Informada
Itaitinga;AIS 25;HOMICIDIO DOLOSO;2021-04-26;18:56:00;Segunda;Arma de fogo;Masculino;37;Alfabetizado;Não Informada
Juazeiro do Norte;AIS 02;HOMICIDIO DOLOSO;2021-04-26;19:00:00;Segunda;Arma de fogo;Masculino;20;Não Alfabetizado;Não Informada
Crato;AIS 02;HOMICIDIO DOLOSO;2021-04-26;22:30:00;Segunda;Arma de fogo;Masculino;20;Ensino Fundamental Completo;Parda
Pacoti;AIS 29;HOMICIDIO DOLOSO;2021-04-26;22:59:59;Segunda;Arma de fogo;Feminino;25;Ensino Fundamental Completo;Não Informada
Fortaleza;AIS 08;HOMICIDIO DOLOSO;2021-04-26;22:59:59;Segunda;Arma de fogo;Feminino;42;Ensino Fundamental Incompleto;Não Informada
Limoeiro do Norte;AIS 01;HOMICIDIO DOLOSO;2021-04-27;06:29:59;Terça;Arma de fogo;Masculino;34;Alfabetizado;Não Informada
Fortaleza;AIS 16;HOMICIDIO DOLOSO;2021-04-27;11:15:00;Terça;Outros meios;Masculino;Não Informada;Não Informada;Não Informada
Fortaleza;AIS 20;HOMICIDIO DOLOSO;2021-04-27;13:06:00;Terça;Arma de fogo;Masculino;35;Alfabetizado;Não Informada
Fortaleza;AIS 17;HOMICIDIO DOLOSO;2021-04-27;15:34:00;Terça;Arma de fogo;Masculino;17;Não Informada;Parda
Fortaleza;AIS 18;HOMICIDIO DOLOSO;2021-04-27;16:14:59;Terça;Arma de fogo;Masculino;17;Ensino Fundamental Incompleto;Não Informada
Quixelô;AIS 10;HOMICIDIO DOLOSO;2021-04-27;18:00:00;Terça;Arma de fogo;Masculino;22;Ensino Fundamental Incompleto;Não Informada
Caucaia;AIS 26;HOMICIDIO DOLOSO;2021-04-27;19:00:00;Terça;Arma de fogo;Masculino;37;Alfabetizado;Não Informada
Capistrano;AIS 29;HOMICIDIO DOLOSO;2021-04-27;20:30:00;Terça;Arma de fogo;Masculino;20;Ensino Fundamental Completo;Parda
Fortaleza;AIS 21;HOMICIDIO DOLOSO;2021-04-27;20:32:00;Terça;Arma de fogo;Masculino;24;Ensino Médio Incompleto;Não Informada
Maracanaú;AIS 14;HOMICIDIO DOLOSO;2021-04-27;21:29:59;Terça;Arma de fogo;Masculino;41;Ensino Médio Completo;Não Informada
Fortaleza;AIS 19;HOMICIDIO DOLOSO;2021-04-28;00:35:59;Quarta;Arma de fogo;Masculino;39;Não Informada;Não Informada
Fortaleza;AIS 20;HOMICIDIO DOLOSO;2021-04-28;03:00:00;Quarta;Arma branca;Masculino;44;Alfabetizado;Não Informada
Caridade;AIS 04;HOMICIDIO DOLOSO;2021-04-28;04:40:00;Quarta;Arma de fogo;Feminino;26;Ensino Fundamental Incompleto;Não Informada
Aquiraz;AIS 15;HOMICIDIO DOLOSO;2021-04-28;06:04:59;Quarta;Arma de fogo;Masculino;49;Ensino Médio Completo;Parda
Caucaia;AIS 12;HOMICIDIO DOLOSO;2021-04-28;18:29:59;Quarta;Arma de fogo;Masculino;27;Alfabetizado;Parda
Itaitinga;AIS 25;HOMICIDIO DOLOSO;2021-04-28;20:40:00;Quarta;Arma de fogo;Masculino;31;Ensino Médio Completo;Não Informada
Morada Nova;AIS 09;HOMICIDIO DOLOSO;2021-04-29;02:30:00;Quinta;Arma de fogo;Masculino;32;Ensino Fundamental Completo;Não Informada
Itaitinga;AIS 25;HOMICIDIO DOLOSO;2021-04-29;18:00:00;Quinta;Arma de fogo;Masculino;27;Alfabetizado;Parda
Caucaia;AIS 12;HOMICIDIO DOLOSO;2021-04-29;19:59:59;Quinta;Arma de fogo;Masculino;24;Ensino Fundamental Incompleto;Não Informada
Fortaleza;AIS 05;HOMICIDIO DOLOSO;2021-04-29;20:30:00;Quinta;Arma de fogo;Masculino;39;Ensino Médio Incompleto;Não Informada
Pacujá;AIS 03;HOMICIDIO DOLOSO;2021-04-29;22:49:59;Quinta;Arma branca;Masculino;20;Ensino Fundamental Incompleto;Parda
Caucaia;AIS 12;HOMICIDIO DOLOSO;2021-04-29;23:50:00;Quinta;Arma de fogo;Feminino;39;Ensino Médio Completo;Parda
Caucaia;AIS 12;HOMICIDIO DOLOSO;2021-04-29;23:50:00;Quinta;Arma de fogo;Feminino;44;Ensino Fundamental Incompleto;Não Informada
Tauá;AIS 13;HOMICIDIO DOLOSO;2021-04-30;03:00:00;Sexta;Arma de fogo;Masculino;60;Alfabetizado;Parda
Baturité;AIS 29;HOMICIDIO DOLOSO;2021-04-30;03:00:00;Sexta;Arma de fogo;Masculino;38;Alfabetizado;Não Informada
Baturité;AIS 29;HOMICIDIO DOLOSO;2021-04-30;03:00:00;Sexta;Arma de fogo;Masculino;17;Ensino Fundamental Incompleto;Não Informada
Acopiara;AIS 10;HOMICIDIO DOLOSO;2021-04-30;14:30:00;Sexta;Arma de fogo;Feminino;50;Alfabetizado;Não Informada
Caucaia;AIS 12;HOMICIDIO DOLOSO;2021-04-30;16:20:00;Sexta;Arma de fogo;Masculino;Não Informada;Não Informada;Não Informada
Caucaia;AIS 12;HOMICIDIO DOLOSO;2021-04-30;19:59:59;Sexta;Arma de fogo;Masculino;19;Ensino Médio Incompleto;Não Informada
Caucaia;AIS 12;HOMICIDIO DOLOSO;2021-04-30;19:59:59;Sexta;Arma de fogo;Masculino;18;Ensino Médio Incompleto;Não Informada
Ibicuitinga;AIS 09;HOMICIDIO DOLOSO;2021-04-30;20:19:59;Sexta;Arma de fogo;Masculino;34;Alfabetizado;Não Informada
Crato;AIS 02;HOMICIDIO DOLOSO;2021-04-30;22:10:00;Sexta;Arma de fogo;Masculino;26;Ensino Fundamental Incompleto;Parda
Pentecoste;AIS 11;HOMICIDIO DOLOSO;2021-05-01;03:00:00;Sábado;Arma de fogo;Masculino;20;Ensino Fundamental Incompleto;Parda
Fortaleza;AIS 17;HOMICIDIO DOLOSO;2021-05-01;11:46:00;Sábado;Arma branca;Masculino;20;Não Informada;Parda
Juazeiro do Norte;AIS 02;HOMICIDIO DOLOSO;2021-05-01;12:00:00;Sábado;Arma branca;Masculino;46;Não Informada;Parda
Fortaleza;AIS 05;HOMICIDIO DOLOSO;2021-05-01;13:30:00;Sábado;Arma de fogo;Masculino;19;Ensino Fundamental Completo;Não Informada
Chorozinho;AIS 25;HOMICIDIO DOLOSO;2021-05-01;16:00:00;Sábado;Arma de fogo;Masculino;18;Alfabetizado;Não Informada
Paraipaba;AIS 23;LESAO CORPORAL SEGUIDA DE MORTE;2021-05-01;16:40:00;Sábado;Arma branca;Masculino;51;Alfabetizado;Não Informada
Icapuí;AIS 30;HOMICIDIO DOLOSO;2021-05-01;18:40:00;Sábado;Arma de fogo;Masculino;35;Alfabetizado;Não Informada
Fortaleza;AIS 17;HOMICIDIO DOLOSO;2021-05-01;19:55:00;Sábado;Arma branca;Feminino;82;Ensino Fundamental Completo;Não Informada
Fortaleza;AIS 16;HOMICIDIO DOLOSO;2021-05-01;20:39:00;Sábado;Arma de fogo;Masculino;33;Ensino Médio Completo;Não Informada
Beberibe;AIS 30;HOMICIDIO DOLOSO;2021-05-01;21:29:59;Sábado;Arma de fogo;Masculino;30;Ensino Médio Completo;Não Informada
Fortaleza;AIS 16;HOMICIDIO DOLOSO;2021-05-01;21:35:00;Sábado;Arma branca;Feminino;14;Ensino Fundamental Incompleto;Não Informada
Independência;AIS 07;HOMICIDIO DOLOSO;2021-05-01;21:38:00;Sábado;Arma de fogo;Masculino;59;Alfabetizado;Não Informada
Maracanaú;AIS 14;HOMICIDIO DOLOSO;2021-05-02;11:34:59;Domingo;Arma de fogo;Masculino;31;Ensino Fundamental Completo;Não Informada
Crato;AIS 02;HOMICIDIO DOLOSO;2021-05-02;12:49:59;Domingo;Arma de fogo;Masculino;34;Ensino Fundamental Incompleto;Não Informada
Aquiraz;AIS 15;HOMICIDIO DOLOSO;2021-05-02;17:44:59;Domingo;Arma de fogo;Masculino;40;Ensino Médio Completo;Não Informada
Santana do Acaraú;AIS 03;HOMICIDIO DOLOSO;2021-05-02;17:46:00;Domingo;Arma de fogo;Masculino;33;Não Informada;Não Informada
Fortaleza;AIS 18;FEMINICÍDIO;2021-05-02;20:25:00;Domingo;Arma branca;Feminino;23;Ensino Fundamental Completo;Não Informada
Caridade;AIS 04;HOMICIDIO DOLOSO;2021-05-03;05:30:00;Segunda;Arma de fogo;Masculino;32;Ensino Médio Incompleto;Branca
Ipueiras;AIS 07;HOMICIDIO DOLOSO;2021-05-03;10:59:59;Segunda;Outros meios;Masculino;38;Não Informada;Não Informada
Nova Olinda;AIS 02;HOMICIDIO DOLOSO;2021-05-03;12:00:00;Segunda;Arma de fogo;Masculino;15;Alfabetizado;Parda
Fortaleza;AIS 17;HOMICIDIO DOLOSO;2021-05-03;14:40:00;Segunda;Arma de fogo;Masculino;23;Ensino Médio Completo;Parda
Morada Nova;AIS 09;HOMICIDIO DOLOSO;2021-05-03;19:30:00;Segunda;Arma de fogo;Masculino;55;Alfabetizado;Não Informada
Umirim;AIS 11;HOMICIDIO DOLOSO;2021-05-03;19:59:59;Segunda;Arma de fogo;Masculino;27;Ensino Fundamental Incompleto;Branca
Cascavel;AIS 15;HOMICIDIO DOLOSO;2021-05-03;22:10:00;Segunda;Arma de fogo;Masculino;47;Alfabetizado;Parda
Ibaretama;AIS 09;HOMICIDIO DOLOSO;2021-05-04;01:00:00;Terça;Arma de fogo;Masculino;20;Alfabetizado;Não Informada
Ipu;AIS 07;HOMICIDIO DOLOSO;2021-05-04;01:30:00;Terça;Arma de fogo;Masculino;27;Ensino Médio Completo;Não Informada
Capistrano;AIS 29;HOMICIDIO DOLOSO;2021-05-04;02:36:59;Terça;Arma de fogo;Masculino;53;Ensino Fundamental Completo;Não Informada
Jucás;AIS 10;HOMICIDIO DOLOSO;2021-05-04;07:10:00;Terça;Arma de fogo;Masculino;42;Ensino Fundamental Incompleto;Não Informada
Eusébio;AIS 15;ROUBO SEGUIDO DE MORTE (LATROCINIO);2021-05-04;18:40:00;Terça;Arma de fogo;Masculino;25;Ensino Fundamental Incompleto;Não Informada
Eusébio;AIS 15;HOMICIDIO DOLOSO;2021-05-04;19:00:00;Terça;Arma de fogo;Masculino;18;Alfabetizado;Não Informada
Fortaleza;AIS 16;HOMICIDIO DOLOSO;2021-05-04;20:40:00;Terça;Arma de fogo;Masculino;17;Ensino Fundamental Completo;Não Informada
Beberibe;AIS 30;HOMICIDIO DOLOSO;2021-05-04;21:00:00;Terça;Arma de fogo;Masculino;23;Alfabetizado;Não Informada
Fortaleza;AIS 20;HOMICIDIO DOLOSO;2021-05-04;21:29:59;Terça;Arma de fogo;Masculino;35;Não Informada;Não Informada
Guaiúba;AIS 24;ROUBO SEGUIDO DE MORTE (LATROCINIO);2021-05-04;23:19:59;Terça;Arma de fogo;Masculino;57;Alfabetizado;Não Informada
Fortaleza;AIS 22;HOMICIDIO DOLOSO;2021-05-04;23:40:00;Terça;Arma de fogo;Masculino;35;Alfabetizado;Não Informada
Fortaleza;AIS 17;HOMICIDIO DOLOSO;2021-05-05;03:47:00;Quarta;Arma de fogo;Masculino;35;Ensino Fundamental Incompleto;Não Informada
Fortaleza;AIS 08;HOMICIDIO DOLOSO;2021-05-05;07:00:00;Quarta;Arma de fogo;Masculino;19;Alfabetizado;Não Informada
Eusébio;AIS 15;HOMICIDIO DOLOSO;2021-05-05;13:00:00;Quarta;Arma de fogo;Masculino;22;Alfabetizado;Parda
Tabuleiro do Norte;AIS 01;HOMICIDIO DOLOSO;2021-05-05;19:00:00;Quarta;Arma de fogo;Masculino;36;Não Informada;Não Informada
Cascavel;AIS 15;HOMICIDIO DOLOSO;2021-05-05;19:30:00;Quarta;Arma de fogo;Masculino;14;Não Alfabetizado;Não Informada
Paraipaba;AIS 23;HOMICIDIO DOLOSO;2021-05-06;03:29:59;Quinta;Arma de fogo;Masculino;30;Alfabetizado;Não Informada
Fortaleza;AIS 18;HOMICIDIO DOLOSO;2021-05-06;04:58:00;Quinta;Arma de fogo;Masculino;12;Alfabetizado;Não Informada
Fortaleza;AIS 19;HOMICIDIO DOLOSO;2021-05-06;07:59:59;Quinta;Arma de fogo;Masculino;48;Ensino Médio Incompleto;Não Informada
Aquiraz;AIS 15;HOMICIDIO DOLOSO;2021-05-06;13:26:00;Quinta;Arma de fogo;Masculino;56;Alfabetizado;Não Informada
Aquiraz;AIS 15;HOMICIDIO DOLOSO;2021-05-06;18:35:00;Quinta;Arma de fogo;Masculino;33;Ensino Médio Incompleto;Não Informada
Pacatuba;AIS 24;HOMICIDIO DOLOSO;2021-05-06;19:14:59;Quinta;Arma de fogo;Feminino;14;Alfabetizado;Não Informada
Nova Olinda;AIS 02;HOMICIDIO DOLOSO;2021-05-06;19:59:59;Quinta;Arma de fogo;Masculino;37;Alfabetizado;Não Informada
Cascavel;AIS 15;HOMICIDIO DOLOSO;2021-05-07;08:30:00;Sexta;Outros meios;Masculino;18;Não Informada;Parda
Fortaleza;AIS 22;HOMICIDIO DOLOSO;2021-05-07;15:29:59;Sexta;Arma de fogo;Masculino;35;Ensino Médio Completo;Parda
Pacatuba;AIS 24;HOMICIDIO DOLOSO;2021-05-07;16:00:00;Sexta;Arma de fogo;Feminino;41;Não Informada;Não Informada
Jucás;AIS 10;HOMICIDIO DOLOSO;2021-05-07;22:30:00;Sexta;Arma de fogo;Masculino;36;Ensino Médio Incompleto;Não Informada
Fortaleza;AIS 17;HOMICIDIO DOLOSO;2021-05-07;23:30:00;Sexta;Arma de fogo;Masculino;31;Ensino Fundamental Completo;Parda
Cariús;AIS 10;HOMICIDIO DOLOSO;2021-05-08;02:10:00;Sábado;Arma de fogo;Masculino;14;Ensino Fundamental Incompleto;Preta
Cariús;AIS 10;HOMICIDIO DOLOSO;2021-05-08;02:10:00;Sábado;Arma de fogo;Masculino;16;Alfabetizado;Não Informada
Crato;AIS 02;HOMICIDIO DOLOSO;2021-05-08;02:15:00;Sábado;Arma de fogo;Masculino;22;Ensino Fundamental Completo;Parda
Fortaleza;AIS 21;HOMICIDIO DOLOSO;2021-05-08;02:57:00;Sábado;Arma de fogo;Masculino;33;Ensino Fundamental Incompleto;Não Informada
Fortaleza;AIS 16;HOMICIDIO DOLOSO;2021-05-08;07:59:59;Sábado;Arma branca;Masculino;34;Ensino Fundamental Incompleto;Não Informada
Caucaia;AIS 12;HOMICIDIO DOLOSO;2021-05-08;08:40:00;Sábado;Arma de fogo;Masculino;23;Alfabetizado;Não Informada
Caucaia;AIS 12;HOMICIDIO DOLOSO;2021-05-08;09:00:00;Sábado;Arma de fogo;Masculino;24;Ensino Fundamental Completo;Não Informada
Caucaia;AIS 12;HOMICIDIO DOLOSO;2021-05-08;09:00:00;Sábado;Arma de fogo;Masculino;28;Ensino Médio Completo;Não Informada
Beberibe;AIS 30;HOMICIDIO DOLOSO;2021-05-08;09:00:00;Sábado;Arma de fogo;Masculino;62;Alfabetizado;Não Informada
Beberibe;AIS 30;HOMICIDIO DOLOSO;2021-05-08;09:00:00;Sábado;Arma de fogo;Masculino;25;Ensino Médio Incompleto;Não Informada
Russas;AIS 01;FEMINICÍDIO;2021-05-08;11:30:00;Sábado;Arma de fogo;Feminino;26;Ensino Médio Completo;Não Informada
Fortaleza;AIS 18;HOMICIDIO DOLOSO;2021-05-08;11:38:00;Sábado;Arma de fogo;Masculino;20;Ensino Médio Incompleto;Não Informada
Fortaleza;AIS 05;HOMICIDIO DOLOSO;2021-05-08;12:00:00;Sábado;Arma branca;Masculino;44;Ensino Fundamental Incompleto;Não Informada
Pentecoste;AIS 11;HOMICIDIO DOLOSO;2021-05-08;13:00:00;Sábado;Arma branca;Masculino;39;Alfabetizado;Não Informada
Fortaleza;AIS 19;HOMICIDIO DOLOSO;2021-05-08;17:44:00;Sábado;Arma de fogo;Masculino;32;Alfabetizado;Branca
Acaraú;AIS 11;HOMICIDIO DOLOSO;2021-05-08;19:59:59;Sábado;Outros meios;Masculino;50;Alfabetizado;Parda
Crato;AIS 02;HOMICIDIO DOLOSO;2021-05-08;21:00:00;Sábado;Arma de fogo;Masculino;35;Alfabetizado;Não Informada
Madalena;AIS 04;HOMICIDIO DOLOSO;2021-05-08;22:30:00;Sábado;Arma de fogo;Masculino;32;Alfabetizado;Parda
Cascavel;AIS 15;HOMICIDIO DOLOSO;2021-05-09;13:00:00;Domingo;Arma de fogo;Masculino;43;Não Informada;Não Informada
Quixadá;AIS 09;HOMICIDIO DOLOSO;2021-05-09;19:00:00;Domingo;Arma de fogo;Masculino;22;Não Alfabetizado;Não Informada
Caridade;AIS 04;HOMICIDIO DOLOSO;2021-05-09;21:40:00;Domingo;Arma branca;Masculino;53;Alfabetizado;Parda
Fortaleza;AIS 16;HOMICIDIO DOLOSO;2021-05-09;22:20:00;Domingo;Arma de fogo;Masculino;61;Ensino Fundamental Incompleto;Não Informada
Camocim;AIS 28;HOMICIDIO DOLOSO;2021-05-09;23:40:00;Domingo;Arma branca;Masculino;22;Não Informada;Não Informada
Ibaretama;AIS 09;HOMICIDIO DOLOSO;2021-05-10;05:40:00;Segunda;Arma de fogo;Masculino;24;Alfabetizado;Não Informada
Maracanaú;AIS 14;HOMICIDIO DOLOSO;2021-05-10;10:00:00;Segunda;Arma de fogo;Feminino;35;Superior Incompleto;Não Informada
Cascavel;AIS 15;HOMICIDIO DOLOSO;2021-05-10;16:59:59;Segunda;Arma de fogo;Masculino;21;Ensino Médio Completo;Não Informada
Crato;AIS 02;FEMINICÍDIO;2021-05-11;07:30:00;Terça;Arma de fogo;Feminino;26;Ensino Fundamental Incompleto;Não Informada
Eusébio;AIS 15;HOMICIDIO DOLOSO;2021-05-11;10:59:59;Terça;Arma de fogo;Masculino;21;Ensino Fundamental Incompleto;Não Informada
Fortaleza;AIS 18;ROUBO SEGUIDO DE MORTE (LATROCINIO);2021-05-11;11:20:59;Terça;Arma de fogo;Feminino;21;Ensino Médio Incompleto;Não Informada
Maracanaú;AIS 14;HOMICIDIO DOLOSO;2021-05-11;16:59:59;Terça;Outros meios;Masculino;65;Ensino Fundamental Completo;Não Informada
Jaguaribara;AIS 31;HOMICIDIO DOLOSO;2021-05-11;18:40:00;Terça;Arma de fogo;Masculino;23;Ensino Fundamental Completo;Não Informada
Caucaia;AIS 26;HOMICIDIO DOLOSO;2021-05-11;23:03:00;Terça;Arma de fogo;Masculino;32;Ensino Médio Completo;Não Informada
Pentecoste;AIS 11;HOMICIDIO DOLOSO;2021-05-12;00:30:00;Quarta;Arma de fogo;Masculino;14;Ensino Fundamental Incompleto;Não Informada
Pentecoste;AIS 11;HOMICIDIO DOLOSO;2021-05-12;00:30:00;Quarta;Arma de fogo;Masculino;18;Ensino Fundamental Completo;Não Informada
Eusébio;AIS 15;HOMICIDIO DOLOSO;2021-05-12;01:59:59;Quarta;Arma de fogo;Masculino;61;Não Informada;Não Informada
Marco;AIS 11;HOMICIDIO DOLOSO;2021-05-12;01:59:59;Quarta;Outros meios;Masculino;19;Alfabetizado;Não Informada
Maracanaú;AIS 14;HOMICIDIO DOLOSO;2021-05-12;07:30:00;Quarta;Arma branca;Feminino;16;Não Informada;Parda
Fortaleza;AIS 20;HOMICIDIO DOLOSO;2021-05-12;08:40:00;Quarta;Arma de fogo;Masculino;49;Ensino Fundamental Incompleto;Não Informada
Itaitinga;AIS 25;HOMICIDIO DOLOSO;2021-05-12;08:40:00;Quarta;Arma de fogo;Feminino;49;Superior Incompleto;Não Informada
Forquilha;AIS 03;HOMICIDIO DOLOSO;2021-05-12;16:59:59;Quarta;Arma de fogo;Masculino;40;Alfabetizado;Não Informada
Cascavel;AIS 15;HOMICIDIO DOLOSO;2021-05-12;19:59:59;Quarta;Arma de fogo;Masculino;22;Ensino Fundamental Incompleto;Não Informada
Quixeré;AIS 01;HOMICIDIO DOLOSO;2021-05-12;23:02:00;Quarta;Arma de fogo;Masculino;21;Alfabetizado;Não Informada
Tabuleiro do Norte;AIS 01;HOMICIDIO DOLOSO;2021-05-12;23:50:00;Quarta;Arma de fogo;Masculino;34;Alfabetizado;Branca
Caucaia;AIS 12;HOMICIDIO DOLOSO;2021-05-14;01:45:00;Sexta;Arma de fogo;Masculino;23;Alfabetizado;Não Informada
Forquilha;AIS 03;HOMICIDIO DOLOSO;2021-05-14;07:40:00;Sexta;Arma de fogo;Masculino;21;Alfabetizado;Não Informada
Santana do Acaraú;AIS 03;HOMICIDIO DOLOSO;2021-05-14;08:50:00;Sexta;Arma de fogo;Masculino;21;Alfabetizado;Não Informada
Guaiúba;AIS 24;HOMICIDIO DOLOSO;2021-05-14;14:30:00;Sexta;Arma de fogo;Masculino;20;Ensino Fundamental Incompleto;Não Informada
Juazeiro do Norte;AIS 02;HOMICIDIO DOLOSO;2021-05-15;00:00:00;Sábado;Arma de fogo;Feminino;56;Ensino Fundamental Incompleto;Não Informada
Tabuleiro do Norte;AIS 01;HOMICIDIO DOLOSO;2021-05-15;06:29:59;Sábado;Arma de fogo;Masculino;33;Alfabetizado;Parda
Pacajus;AIS 25;HOMICIDIO DOLOSO;2021-05-15;07:30:00;Sábado;Arma de fogo;Masculino;26;Ensino Médio Incompleto;Parda
Aracoiaba;AIS 29;HOMICIDIO DOLOSO;2021-05-15;07:30:00;Sábado;Arma de fogo;Masculino;23;Alfabetizado;Não Informada
Pacatuba;AIS 24;HOMICIDIO DOLOSO;2021-05-15;11:44:59;Sábado;Arma de fogo;Masculino;29;Ensino Fundamental Completo;Não Informada
Caucaia;AIS 12;HOMICIDIO DOLOSO;2021-05-15;13:00:00;Sábado;Outros meios;Masculino;24;Alfabetizado;Parda
Caucaia;AIS 12;HOMICIDIO DOLOSO;2021-05-15;13:00:00;Sábado;Outros meios;Feminino;14;Ensino Fundamental Incompleto;Não Informada
Ibaretama;AIS 09;HOMICIDIO DOLOSO;2021-05-15;15:00:00;Sábado;Arma de fogo;Masculino;22;Alfabetizado;Não Informada
Paracuru;AIS 23;HOMICIDIO DOLOSO;2021-05-15;16:00:00;Sábado;Arma de fogo;Masculino;33;Ensino Médio Completo;Parda
Caucaia;AIS 26;HOMICIDIO DOLOSO;2021-05-15;17:43:00;Sábado;Arma de fogo;Masculino;53;Alfabetizado;Não Informada
Chorozinho;AIS 25;HOMICIDIO DOLOSO;2021-05-15;18:29:59;Sábado;Outros meios;Feminino;32;Alfabetizado;Parda
Aquiraz;AIS 15;HOMICIDIO DOLOSO;2021-05-15;19:49:59;Sábado;Arma de fogo;Masculino;33;Ensino Médio Incompleto;Preta
Brejo Santo;AIS 32;HOMICIDIO DOLOSO;2021-05-15;21:00:00;Sábado;Arma de fogo;Masculino;38;Ensino Médio Completo;Parda
Fortaleza;AIS 21;HOMICIDIO DOLOSO;2021-05-15;21:21:59;Sábado;Arma de fogo;Masculino;32;Ensino Fundamental Incompleto;Parda
Horizonte;AIS 25;HOMICIDIO DOLOSO;2021-05-15;22:30:00;Sábado;Arma de fogo;Masculino;17;Ensino Médio Incompleto;Não Informada
Fortaleza;AIS 16;HOMICIDIO DOLOSO;2021-05-16;00:23:00;Domingo;Arma de fogo;Masculino;26;Ensino Fundamental Incompleto;Não Informada
Pedra Branca;AIS 09;HOMICIDIO DOLOSO;2021-05-16;00:29:59;Domingo;Arma branca;Masculino;24;Alfabetizado;Parda
Paraipaba;AIS 23;HOMICIDIO DOLOSO;2021-05-16;01:00:00;Domingo;Arma de fogo;Masculino;23;Alfabetizado;Não Informada
Tabuleiro do Norte;AIS 01;HOMICIDIO DOLOSO;2021-05-16;01:59:59;Domingo;Arma branca;Feminino;49;Ensino Fundamental Incompleto;Parda
Beberibe;AIS 30;HOMICIDIO DOLOSO;2021-05-16;01:59:59;Domingo;Arma de fogo;Masculino;22;Alfabetizado;Não Informada
Crato;AIS 02;HOMICIDIO DOLOSO;2021-05-16;03:00:00;Domingo;Arma de fogo;Masculino;25;Alfabetizado;Não Informada
Fortaleza;AIS 20;HOMICIDIO DOLOSO;2021-05-16;04:28:59;Domingo;Arma de fogo;Masculino;33;Não Alfabetizado;Não Informada
Paraipaba;AIS 23;HOMICIDIO DOLOSO;2021-05-16;04:59:59;Domingo;Arma de fogo;Masculino;18;Alfabetizado;Não Informada
Penaforte;AIS 32;HOMICIDIO DOLOSO;2021-05-16;10:00:00;Domingo;Arma de fogo;Masculino;65;Ensino Médio Completo;Branca
São João do Jaguaribe;AIS 01;HOMICIDIO DOLOSO;2021-05-16;14:40:00;Domingo;Arma de fogo;Masculino;24;Alfabetizado;Não Informada
Aquiraz;AIS 15;HOMICIDIO DOLOSO;2021-05-16;16:30:00;Domingo;Arma de fogo;Feminino;30;Ensino Fundamental Completo;Parda
Itapiúna;AIS 29;HOMICIDIO DOLOSO;2021-05-16;16:59:59;Domingo;Arma de fogo;Masculino;33;Ensino Fundamental Completo;Não Informada
Paraipaba;AIS 23;HOMICIDIO DOLOSO;2021-05-16;18:00:00;Domingo;Arma de fogo;Masculino;32;Ensino Médio Completo;Não Informada
Sobral;AIS 03;HOMICIDIO DOLOSO;2021-05-16;19:00:00;Domingo;Arma de fogo;Masculino;22;Alfabetizado;Não Informada
Sobral;AIS 03;HOMICIDIO DOLOSO;2021-05-16;20:30:00;Domingo;Arma de fogo;Masculino;36;Alfabetizado;Branca
Sobral;AIS 03;HOMICIDIO DOLOSO;2021-05-16;20:30:00;Domingo;Arma de fogo;Masculino;42;Alfabetizado;Parda
Fortaleza;AIS 16;HOMICIDIO DOLOSO;2021-05-16;20:30:00;Domingo;Arma de fogo;Feminino;36;Ensino Fundamental Completo;Não Informada
Caucaia;AIS 26;HOMICIDIO DOLOSO;2021-05-16;20:50:00;Domingo;Arma de fogo;Feminino;17;Ensino Fundamental Incompleto;Parda
Viçosa do Ceará;AIS 27;HOMICIDIO DOLOSO;2021-05-16;21:00:00;Domingo;Arma de fogo;Masculino;30;Alfabetizado;Parda
Santana do Cariri;AIS 02;HOMICIDIO DOLOSO;2021-05-16;22:30:00;Domingo;Arma de fogo;Masculino;25;Não Informada;Não Informada
Fortaleza;AIS 19;HOMICIDIO DOLOSO;2021-05-17;01:30:00;Segunda;Arma de fogo;Masculino;23;Alfabetizado;Não Informada
Sobral;AIS 03;HOMICIDIO DOLOSO;2021-05-17;03:29:59;Segunda;Arma de fogo;Masculino;32;Ensino Médio Completo;Parda
Barbalha;AIS 02;HOMICIDIO DOLOSO;2021-05-17;06:00:00;Segunda;Arma de fogo;Masculino;26;Alfabetizado;Não Informada
Fortaleza;AIS 19;HOMICIDIO DOLOSO;2021-05-17;13:30:00;Segunda;Arma de fogo;Masculino;37;Alfabetizado;Não Informada
Itatira;AIS 04;HOMICIDIO DOLOSO;2021-05-17;14:10:00;Segunda;Arma de fogo;Masculino;18;Ensino Médio Incompleto;Não Informada
Jaguaretama;AIS 09;HOMICIDIO DOLOSO;2021-05-17;15:40:00;Segunda;Arma de fogo;Masculino;21;Não Alfabetizado;Parda
Jaguaretama;AIS 09;HOMICIDIO DOLOSO;2021-05-17;15:40:00;Segunda;Arma de fogo;Masculino;21;Alfabetizado;Não Informada
Monsenhor Tabosa;AIS 07;HOMICIDIO DOLOSO;2021-05-17;17:30:00;Segunda;Arma de fogo;Feminino;15;Ensino Médio Incompleto;Não Informada
Fortaleza;AIS 17;HOMICIDIO DOLOSO;2021-05-18;04:18:00;Terça;Arma de fogo;Masculino;16;Ensino Médio Incompleto;Não Informada
Caucaia;AIS 12;HOMICIDIO DOLOSO;2021-05-18;05:39:00;Terça;Arma de fogo;Masculino;44;Ensino Fundamental Completo;Preta
Fortaleza;AIS 20;HOMICIDIO DOLOSO;2021-05-18;11:10:00;Terça;Arma de fogo;Masculino;21;Não Alfabetizado;Não Informada
Fortaleza;AIS 05;HOMICIDIO DOLOSO;2021-05-18;21:40:00;Terça;Arma de fogo;Masculino;21;Não Informada;Não Informada
Aquiraz;AIS 15;HOMICIDIO DOLOSO;2021-05-19;17:31:00;Quarta;Arma de fogo;Masculino;45;Ensino Fundamental Incompleto;Não Informada
Juazeiro do Norte;AIS 02;HOMICIDIO DOLOSO;2021-05-19;18:45:00;Quarta;Arma de fogo;Masculino;28;Ensino Fundamental Completo;Parda
Caucaia;AIS 12;HOMICIDIO DOLOSO;2021-05-19;19:30:00;Quarta;Arma de fogo;Masculino;34;Ensino Fundamental Incompleto;Não Informada
Fortaleza;AIS 21;ROUBO SEGUIDO DE MORTE (LATROCINIO);2021-05-19;20:40:00;Quarta;Arma de fogo;Masculino;44;Ensino Fundamental Completo;Não Informada
Paracuru;AIS 23;HOMICIDIO DOLOSO;2021-05-19;21:00:00;Quarta;Outros meios;Masculino;43;Alfabetizado;Não Informada
Fortaleza;AIS 06;HOMICIDIO DOLOSO;2021-05-19;21:29:59;Quarta;Arma de fogo;Masculino;34;Ensino Fundamental Completo;Parda
Eusébio;AIS 15;HOMICIDIO DOLOSO;2021-05-19;22:00:00;Quarta;Arma de fogo;Masculino;16;Ensino Fundamental Incompleto;Não Informada
Iguatu;AIS 10;HOMICIDIO DOLOSO;2021-05-19;22:59:59;Quarta;Arma branca;Masculino;31;Alfabetizado;Não Informada
Pacatuba;AIS 24;HOMICIDIO DOLOSO;2021-05-19;23:30:00;Quarta;Arma de fogo;Masculino;30;Ensino Médio Completo;Parda
Ibicuitinga;AIS 09;HOMICIDIO DOLOSO;2021-05-20;04:30:00;Quinta;Arma de fogo;Masculino;29;Alfabetizado;Parda
Jaguaruana;AIS 01;HOMICIDIO DOLOSO;2021-05-20;12:00:00;Quinta;Arma de fogo;Masculino;17;Alfabetizado;Não Informada
Aquiraz;AIS 15;HOMICIDIO DOLOSO;2021-05-20;13:59:59;Quinta;Arma de fogo;Masculino;31;Alfabetizado;Branca
Campos Sales;AIS 33;HOMICIDIO DOLOSO;2021-05-20;14:00:00;Quinta;Arma de fogo;Masculino;19;Alfabetizado;Não Informada
Tamboril;AIS 07;HOMICIDIO DOLOSO;2021-05-20;17:40:00;Quinta;Arma de fogo;Masculino;34;Ensino Médio Completo;Não Informada
Morada Nova;AIS 09;HOMICIDIO DOLOSO;2021-05-20;19:21:59;Quinta;Arma de fogo;Masculino;18;Ensino Médio Incompleto;Não Informada
Fortaleza;AIS 19;HOMICIDIO DOLOSO;2021-05-20;22:31:00;Quinta;Arma de fogo;Feminino;42;Ensino Fundamental Completo;Não Informada
Alcântaras;AIS 03;ROUBO SEGUIDO DE MORTE (LATROCINIO);2021-05-21;03:00:00;Sexta;Outros meios;Masculino;50;Alfabetizado;Não Informada
Tianguá;AIS 27;HOMICIDIO DOLOSO;2021-05-21;12:00:00;Sexta;Arma de fogo;Masculino;27;Alfabetizado;Amarela
São Luís do Curu;AIS 23;HOMICIDIO DOLOSO;2021-05-21;13:20:59;Sexta;Arma de fogo;Masculino;22;Alfabetizado;Parda
Fortaleza;AIS 22;HOMICIDIO DOLOSO;2021-05-21;14:44:59;Sexta;Outros meios;Masculino;23;Ensino Fundamental Incompleto;Não Informada
Ibicuitinga;AIS 09;HOMICIDIO DOLOSO;2021-05-21;19:00:00;Sexta;Arma de fogo;Feminino;16;Alfabetizado;Não Informada
Croatá;AIS 27;HOMICIDIO DOLOSO;2021-05-22;09:00:00;Sábado;Arma de fogo;Masculino;21;Alfabetizado;Não Informada
Fortaleza;AIS 19;HOMICIDIO DOLOSO;2021-05-22;13:17:00;Sábado;Arma de fogo;Masculino;50;Superior Completo;Não Informada
Crato;AIS 02;HOMICIDIO DOLOSO;2021-05-22;13:59:59;Sábado;Arma de fogo;Masculino;24;Alfabetizado;Não Informada
Caucaia;AIS 12;ROUBO SEGUIDO DE MORTE (LATROCINIO);2021-05-22;19:40:00;Sábado;Arma de fogo;Masculino;36;Ensino Médio Incompleto;Não Informada
Fortaleza;AIS 08;HOMICIDIO DOLOSO;2021-05-22;20:36:59;Sábado;Arma de fogo;Masculino;18;Alfabetizado;Não Informada
Fortaleza;AIS 17;HOMICIDIO DOLOSO;2021-05-22;21:29:59;Sábado;Arma branca;Masculino;37;Ensino Médio Incompleto;Preta
Sobral;AIS 03;ROUBO SEGUIDO DE MORTE (LATROCINIO);2021-05-23;00:29:59;Domingo;Arma de fogo;Masculino;51;Alfabetizado;Branca
Salitre;AIS 33;HOMICIDIO DOLOSO;2021-05-23;03:19:59;Domingo;Arma de fogo;Masculino;21;Ensino Médio Incompleto;Parda
Fortaleza;AIS 06;HOMICIDIO DOLOSO;2021-05-23;04:58:00;Domingo;Arma de fogo;Masculino;21;Alfabetizado;Não Informada
Maranguape;AIS 24;HOMICIDIO DOLOSO;2021-05-23;05:40:00;Domingo;Arma de fogo;Masculino;18;Alfabetizado;Parda
Fortaleza;AIS 17;HOMICIDIO DOLOSO;2021-05-23;09:52:00;Domingo;Arma de fogo;Masculino;26;Ensino Fundamental Completo;Parda
Pacajus;AIS 25;HOMICIDIO DOLOSO;2021-05-23;12:40:00;Domingo;Arma branca;Masculino;29;Ensino Fundamental Completo;Não Informada
Itatira;AIS 04;HOMICIDIO DOLOSO;2021-05-23;13:20:00;Domingo;Arma de fogo;Masculino;27;Ensino Fundamental Incompleto;Parda
Russas;AIS 01;HOMICIDIO DOLOSO;2021-05-23;18:35:59;Domingo;Arma de fogo;Masculino;36;Alfabetizado;Não Informada
Juazeiro do Norte;AIS 02;HOMICIDIO DOLOSO;2021-05-23;19:00:00;Domingo;Arma de fogo;Masculino;20;Alfabetizado;Não Informada
Fortaleza;AIS 21;HOMICIDIO DOLOSO;2021-05-23;20:25:00;Domingo;Arma de fogo;Masculino;29;Ensino Médio Completo;Parda
Icapuí;AIS 30;HOMICIDIO DOLOSO;2021-05-24;04:59:59;Segunda;Arma de fogo;Feminino;24;Ensino Fundamental Incompleto;Não Informada
Fortaleza;AIS 21;HOMICIDIO DOLOSO;2021-05-24;06:00:00;Segunda;Arma de fogo;Masculino;23;Ensino Fundamental Incompleto;Não Informada
Sobral;AIS 03;HOMICIDIO DOLOSO;2021-05-24;06:30:00;Segunda;Arma de fogo;Masculino;21;Alfabetizado;Não Informada
Jaguaruana;AIS 01;HOMICIDIO DOLOSO;2021-05-24;07:00:00;Segunda;Arma branca;Masculino;29;Ensino Fundamental Completo;Não Informada
Forquilha;AIS 03;HOMICIDIO DOLOSO;2021-05-24;10:00:00;Segunda;Arma de fogo;Masculino;16;Ensino Fundamental Incompleto;Não Informada
Aracati;AIS 30;HOMICIDIO DOLOSO;2021-05-24;12:00:00;Segunda;Outros meios;Feminino;26;Alfabetizado;Não Informada
São Gonçalo do Amarante;AIS 23;HOMICIDIO DOLOSO;2021-05-24;15:19:59;Segunda;Arma de fogo;Masculino;22;Ensino Fundamental Incompleto;Não Informada
Crato;AIS 02;HOMICIDIO DOLOSO;2021-05-24;17:15:00;Segunda;Arma de fogo;Masculino;22;Ensino Fundamental Incompleto;Não Informada
Fortaleza;AIS 17;HOMICIDIO DOLOSO;2021-05-24;20:16:00;Segunda;Arma de fogo;Masculino;19;Ensino Fundamental Incompleto;Não Informada
Fortaleza;AIS 17;HOMICIDIO DOLOSO;2021-05-24;21:29:59;Segunda;Arma de fogo;Masculino;Não Informada;Não Informada;Não Informada
Quixadá;AIS 09;HOMICIDIO DOLOSO;2021-05-24;22:59:59;Segunda;Arma de fogo;Masculino;34;Alfabetizado;Parda
Guaiúba;AIS 24;HOMICIDIO DOLOSO;2021-05-25;07:09:00;Terça;Arma de fogo;Masculino;22;Não Informada;Não Informada
Cedro;AIS 34;HOMICIDIO DOLOSO;2021-05-25;16:00:00;Terça;Arma de fogo;Masculino;29;Alfabetizado;Branca
Itaitinga;AIS 25;HOMICIDIO DOLOSO;2021-05-25;16:58:00;Terça;Arma de fogo;Masculino;29;Ensino Médio Completo;Não Informada
Aquiraz;AIS 15;HOMICIDIO DOLOSO;2021-05-25;19:00:00;Terça;Arma de fogo;Masculino;16;Ensino Fundamental Incompleto;Não Informada
Aquiraz;AIS 15;HOMICIDIO DOLOSO;2021-05-25;19:00:00;Terça;Arma de fogo;Masculino;17;Ensino Fundamental Incompleto;Não Informada
Fortaleza;AIS 20;HOMICIDIO DOLOSO;2021-05-25;21:00:00;Terça;Arma de fogo;Masculino;19;Ensino Médio Incompleto;Não Informada
Sobral;AIS 03;HOMICIDIO DOLOSO;2021-05-25;23:30:00;Terça;Arma de fogo;Masculino;20;Não Informada;Parda
Maracanaú;AIS 14;HOMICIDIO DOLOSO;2021-05-26;00:41:00;Quarta;Arma de fogo;Masculino;25;Ensino Fundamental Completo;Não Informada
Aquiraz;AIS 15;HOMICIDIO DOLOSO;2021-05-26;04:00:00;Quarta;Arma de fogo;Masculino;26;Ensino Médio Completo;Parda
Aquiraz;AIS 15;HOMICIDIO DOLOSO;2021-05-26;04:00:00;Quarta;Arma de fogo;Masculino;22;Alfabetizado;Não Informada
Maracanaú;AIS 14;HOMICIDIO DOLOSO;2021-05-26;12:49:00;Quarta;Arma de fogo;Masculino;58;Ensino Médio Completo;Não Informada
Forquilha;AIS 03;HOMICIDIO DOLOSO;2021-05-26;14:30:00;Quarta;Arma de fogo;Masculino;27;Alfabetizado;Não Informada
Capistrano;AIS 29;HOMICIDIO DOLOSO;2021-05-26;18:00:00;Quarta;Outros meios;Masculino;Não Informada;Não Informada;Não Informada
Iguatu;AIS 10;HOMICIDIO DOLOSO;2021-05-26;18:00:00;Quarta;Arma de fogo;Masculino;22;Alfabetizado;Não Informada
Fortaleza;AIS 21;HOMICIDIO DOLOSO;2021-05-26;20:08:00;Quarta;Arma de fogo;Masculino;21;Ensino Fundamental Completo;Não Informada
Fortaleza;AIS 17;HOMICIDIO DOLOSO;2021-05-26;22:59:59;Quarta;Outros meios;Masculino;20;Ensino Fundamental Incompleto;Não Informada
Fortaleza;AIS 22;HOMICIDIO DOLOSO;2021-05-27;01:30:00;Quinta;Arma de fogo;Masculino;23;Alfabetizado;Não Informada
Nova Olinda;AIS 02;HOMICIDIO DOLOSO;2021-05-27;06:29:59;Quinta;Arma branca;Feminino;20;Alfabetizado;Não Informada
Nova Olinda;AIS 02;HOMICIDIO DOLOSO;2021-05-27;06:29:59;Quinta;Arma branca;Masculino;78;Alfabetizado;Não Informada
Coreaú;AIS 03;HOMICIDIO DOLOSO;2021-05-27;07:59:59;Quinta;Arma branca;Masculino;48;Não Informada;Não Informada
Guaiúba;AIS 24;HOMICIDIO DOLOSO;2021-05-28;02:30:00;Sexta;Arma de fogo;Masculino;29;Ensino Fundamental Completo;Não Informada
Sobral;AIS 03;HOMICIDIO DOLOSO;2021-05-28;16:00:00;Sexta;Arma de fogo;Masculino;35;Ensino Fundamental Incompleto;Não Informada
Morada Nova;AIS 09;HOMICIDIO DOLOSO;2021-05-28;20:30:00;Sexta;Arma de fogo;Feminino;35;Ensino Médio Incompleto;Não Informada
Cascavel;AIS 15;HOMICIDIO DOLOSO;2021-05-28;20:50:00;Sexta;Arma de fogo;Masculino;33;Ensino Fundamental Incompleto;Não Informada
Caucaia;AIS 26;HOMICIDIO DOLOSO;2021-05-29;02:30:00;Sábado;Arma de fogo;Masculino;28;Ensino Médio Completo;Não Informada
Canindé;AIS 04;HOMICIDIO DOLOSO;2021-05-29;05:30:00;Sábado;Arma branca;Masculino;56;Ensino Fundamental Completo;Não Informada
Pentecoste;AIS 11;HOMICIDIO DOLOSO;2021-05-29;10:00:00;Sábado;Arma de fogo;Masculino;20;Ensino Fundamental Incompleto;Não Informada
Fortaleza;AIS 17;HOMICIDIO DOLOSO;2021-05-29;10:30:00;Sábado;Arma de fogo;Masculino;23;Não Informada;Não Informada
Fortaleza;AIS 06;HOMICIDIO DOLOSO;2021-05-29;11:05:00;Sábado;Arma de fogo;Masculino;33;Alfabetizado;Não Informada
Juazeiro do Norte;AIS 02;HOMICIDIO DOLOSO;2021-05-29;12:40:00;Sábado;Arma de fogo;Masculino;31;Ensino Fundamental Completo;Parda
Fortaleza;AIS 20;HOMICIDIO DOLOSO;2021-05-29;14:30:00;Sábado;Arma de fogo;Feminino;27;Ensino Fundamental Incompleto;Não Informada
Sobral;AIS 03;HOMICIDIO DOLOSO;2021-05-29;15:12:59;Sábado;Arma de fogo;Masculino;23;Alfabetizado;Não Informada
Caucaia;AIS 12;HOMICIDIO DOLOSO;2021-05-29;20:10:00;Sábado;Arma de fogo;Masculino;32;Alfabetizado;Não Informada
Fortaleza;AIS 20;HOMICIDIO DOLOSO;2021-05-29;22:00:00;Sábado;Arma de fogo;Masculino;28;Ensino Fundamental Incompleto;Branca
Juazeiro do Norte;AIS 02;HOMICIDIO DOLOSO;2021-05-30;04:30:00;Domingo;Arma branca;Masculino;22;Ensino Médio Completo;Não Informada
Caucaia;AIS 26;HOMICIDIO DOLOSO;2021-05-30;05:30:00;Domingo;Arma de fogo;Masculino;47;Ensino Fundamental Completo;Parda
Brejo Santo;AIS 32;HOMICIDIO DOLOSO;2021-05-30;07:00:00;Domingo;Outros meios;Masculino;28;Alfabetizado;Parda
Iguatu;AIS 10;HOMICIDIO DOLOSO;2021-05-30;08:30:00;Domingo;Arma de fogo;Feminino;18;Ensino Médio Incompleto;Parda
Quixeré;AIS 01;HOMICIDIO DOLOSO;2021-05-30;18:00:00;Domingo;Arma branca;Masculino;45;Ensino Fundamental Incompleto;Não Informada
Missão Velha;AIS 02;HOMICIDIO DOLOSO;2021-05-30;19:00:00;Domingo;Arma de fogo;Masculino;28;Ensino Médio Completo;Parda
Fortaleza;AIS 21;HOMICIDIO DOLOSO;2021-05-30;19:00:00;Domingo;Arma de fogo;Masculino;53;Ensino Fundamental Incompleto;Não Informada
Pacajus;AIS 25;HOMICIDIO DOLOSO;2021-05-30;19:00:00;Domingo;Arma de fogo;Masculino;24;Não Alfabetizado;Não Informada
Caucaia;AIS 12;HOMICIDIO DOLOSO;2021-05-30;19:59:59;Domingo;Arma de fogo;Masculino;33;Ensino Fundamental Completo;Parda
Fortaleza;AIS 06;HOMICIDIO DOLOSO;2021-05-30;22:38:00;Domingo;Arma de fogo;Masculino;26;Ensino Fundamental Completo;Não Informada
Fortaleza;AIS 18;HOMICIDIO DOLOSO;2021-05-31;01:49:59;Segunda;Arma de fogo;Masculino;23;Não Alfabetizado;Não Informada
Sobral;AIS 03;HOMICIDIO DOLOSO;2021-05-31;02:30:00;Segunda;Arma de fogo;Masculino;21;Alfabetizado;Parda
Itaitinga;AIS 25;HOMICIDIO DOLOSO;2021-05-31;07:59:59;Segunda;Arma de fogo;Masculino;40;Ensino Médio Completo;Não Informada
São João do Jaguaribe;AIS 01;HOMICIDIO DOLOSO;2021-05-31;15:00:00;Segunda;Arma de fogo;Masculino;21;Alfabetizado;Parda
São João do Jaguaribe;AIS 01;HOMICIDIO DOLOSO;2021-05-31;15:00:00;Segunda;Arma de fogo;Masculino;19;Ensino Médio Incompleto;Parda
Deputado Irapuan Pinheiro;AIS 09;HOMICIDIO DOLOSO;2021-05-31;19:00:00;Segunda;Arma de fogo;Masculino;62;Alfabetizado;Não Informada
Fortaleza;AIS 20;HOMICIDIO DOLOSO;2021-06-01;02:34:59;Terça;Arma de fogo;Masculino;58;Não Alfabetizado;Parda
Fortaleza;AIS 16;HOMICIDIO DOLOSO;2021-06-01;19:00:00;Terça;Arma de fogo;Masculino;17;Ensino Fundamental Incompleto;Não Informada
Cascavel;AIS 15;HOMICIDIO DOLOSO;2021-06-01;19:59:59;Terça;Arma de fogo;Masculino;19;Não Informada;Não Informada
Crato;AIS 02;HOMICIDIO DOLOSO;2021-06-01;22:49:59;Terça;Arma de fogo;Masculino;30;Alfabetizado;Parda
Aratuba;AIS 29;HOMICIDIO DOLOSO;2021-06-02;00:00:00;Quarta;Arma de fogo;Feminino;19;Ensino Fundamental Incompleto;Não Informada
Ibicuitinga;AIS 09;HOMICIDIO DOLOSO;2021-06-02;05:30:00;Quarta;Arma de fogo;Masculino;23;Ensino Fundamental Incompleto;Não Informada
Aracoiaba;AIS 29;HOMICIDIO DOLOSO;2021-06-02;06:29:59;Quarta;Arma de fogo;Masculino;42;Não Informada;Não Informada
Jaguaruana;AIS 01;HOMICIDIO DOLOSO;2021-06-02;19:59:59;Quarta;Arma de fogo;Feminino;26;Ensino Fundamental Incompleto;Parda
Morada Nova;AIS 09;HOMICIDIO DOLOSO;2021-06-02;21:00:00;Quarta;Arma de fogo;Masculino;35;Alfabetizado;Não Informada
Camocim;AIS 28;HOMICIDIO DOLOSO;2021-06-02;21:29:59;Quarta;Arma de fogo;Masculino;34;Alfabetizado;Parda
Quixadá;AIS 09;HOMICIDIO DOLOSO;2021-06-02;22:00:00;Quarta;Arma de fogo;Masculino;32;Não Informada;Parda
Fortaleza;AIS 21;HOMICIDIO DOLOSO;2021-06-03;03:35:59;Quinta;Arma de fogo;Masculino;Não Informada;Não Informada;Não Informada
Araripe;AIS 33;HOMICIDIO DOLOSO;2021-06-03;16:42:59;Quinta;Arma de fogo;Masculino;27;Não Informada;Parda
Fortaleza;AIS 21;HOMICIDIO DOLOSO;2021-06-03;19:59:59;Quinta;Arma de fogo;Masculino;16;Alfabetizado;Não Informada
Cascavel;AIS 15;HOMICIDIO DOLOSO;2021-06-03;20:50:59;Quinta;Arma de fogo;Masculino;36;Alfabetizado;Não Informada
Pacajus;AIS 25;HOMICIDIO DOLOSO;2021-06-04;00:00:00;Sexta;Arma de fogo;Masculino;26;Não Informada;Parda
Fortaleza;AIS 17;ROUBO SEGUIDO DE MORTE (LATROCINIO);2021-06-04;04:28:59;Sexta;Arma de fogo;Masculino;44;Alfabetizado;Parda
Caucaia;AIS 26;HOMICIDIO DOLOSO;2021-06-04;05:44:59;Sexta;Arma de fogo;Masculino;35;Ensino Médio Incompleto;Não Informada
Caucaia;AIS 12;HOMICIDIO DOLOSO;2021-06-04;07:00:00;Sexta;Arma de fogo;Masculino;22;Ensino Médio Incompleto;Não Informada
Ibicuitinga;AIS 09;HOMICIDIO DOLOSO;2021-06-04;07:00:00;Sexta;Arma de fogo;Masculino;49;Alfabetizado;Não Informada
Ibicuitinga;AIS 09;HOMICIDIO DOLOSO;2021-06-04;16:40:00;Sexta;Arma de fogo;Masculino;23;Alfabetizado;Não Informada
Aratuba;AIS 29;HOMICIDIO DOLOSO;2021-06-04;19:59:59;Sexta;Arma de fogo;Masculino;18;Alfabetizado;Parda
Baturité;AIS 29;HOMICIDIO DOLOSO;2021-06-05;01:30:00;Sábado;Arma branca;Masculino;19;Ensino Médio Incompleto;Não Informada
Penaforte;AIS 32;HOMICIDIO DOLOSO;2021-06-05;03:49:59;Sábado;Arma de fogo;Masculino;60;Ensino Fundamental Completo;Não Informada
Cascavel;AIS 15;HOMICIDIO DOLOSO;2021-06-05;04:00:00;Sábado;Arma de fogo;Masculino;33;Ensino Médio Completo;Não Informada
Frecheirinha;AIS 03;HOMICIDIO DOLOSO;2021-06-05;13:59:59;Sábado;Arma branca;Masculino;40;Alfabetizado;Não Informada
Ibaretama;AIS 09;HOMICIDIO DOLOSO;2021-06-05;16:00:00;Sábado;Arma de fogo;Masculino;21;Ensino Médio Incompleto;Não Informada
Fortaleza;AIS 17;HOMICIDIO DOLOSO;2021-06-05;16:59:59;Sábado;Arma de fogo;Masculino;25;Alfabetizado;Não Informada
Aquiraz;AIS 15;HOMICIDIO DOLOSO;2021-06-05;18:07:00;Sábado;Arma de fogo;Masculino;32;Ensino Fundamental Incompleto;Não Informada
Acaraú;AIS 11;HOMICIDIO DOLOSO;2021-06-05;18:10:00;Sábado;Arma de fogo;Masculino;50;Ensino Fundamental Completo;Parda
Forquilha;AIS 03;HOMICIDIO DOLOSO;2021-06-05;18:45:00;Sábado;Arma de fogo;Masculino;40;Alfabetizado;Não Informada
Crato;AIS 02;HOMICIDIO DOLOSO;2021-06-05;19:10:00;Sábado;Arma branca;Masculino;34;Ensino Fundamental Completo;Parda
Fortaleza;AIS 20;HOMICIDIO DOLOSO;2021-06-06;01:59:59;Domingo;Arma branca;Masculino;21;Ensino Médio Incompleto;Não Informada
Fortaleza;AIS 19;HOMICIDIO DOLOSO;2021-06-06;02:40:00;Domingo;Arma de fogo;Masculino;20;Não Informada;Não Informada
Horizonte;AIS 25;HOMICIDIO DOLOSO;2021-06-06;03:00:00;Domingo;Arma de fogo;Masculino;26;Alfabetizado;Não Informada
Amontada;AIS 11;HOMICIDIO DOLOSO;2021-06-06;07:59:59;Domingo;Arma branca;Masculino;46;Alfabetizado;Não Informada
Fortaleza;AIS 06;HOMICIDIO DOLOSO;2021-06-06;19:14:59;Domingo;Arma de fogo;Masculino;35;Ensino Fundamental Incompleto;Não Informada
Caucaia;AIS 12;HOMICIDIO DOLOSO;2021-06-06;22:30:00;Domingo;Arma de fogo;Masculino;45;Alfabetizado;Não Informada
Caucaia;AIS 26;HOMICIDIO DOLOSO;2021-06-06;23:13:59;Domingo;Arma de fogo;Masculino;32;Ensino Médio Completo;Não Informada
Camocim;AIS 28;HOMICIDIO DOLOSO;2021-06-07;01:00:00;Segunda;Outros meios;Masculino;36;Não Informada;Parda
Monsenhor Tabosa;AIS 07;HOMICIDIO DOLOSO;2021-06-07;16:00:00;Segunda;Arma de fogo;Masculino;40;Não Alfabetizado;Parda
Missão Velha;AIS 02;HOMICIDIO DOLOSO;2021-06-07;17:00:00;Segunda;Arma de fogo;Masculino;33;Ensino Fundamental Incompleto;Não Informada
Granja;AIS 28;HOMICIDIO DOLOSO;2021-06-07;19:45:00;Segunda;Arma de fogo;Masculino;37;Alfabetizado;Parda
Fortaleza;AIS 22;HOMICIDIO DOLOSO;2021-06-07;19:46:00;Segunda;Arma de fogo;Masculino;28;Ensino Médio Completo;Branca
Fortaleza;AIS 18;HOMICIDIO DOLOSO;2021-06-08;04:59:59;Terça;Arma branca;Masculino;30;Ensino Fundamental Incompleto;Não Informada
Fortaleza;AIS 21;HOMICIDIO DOLOSO;2021-06-08;06:00:00;Terça;Outros meios;Masculino;20;Não Alfabetizado;Não Informada
Fortaleza;AIS 19;HOMICIDIO DOLOSO;2021-06-08;12:15:00;Terça;Arma de fogo;Masculino;35;Ensino Fundamental Incompleto;Não Informada
Fortaleza;AIS 21;HOMICIDIO DOLOSO;2021-06-08;13:08:00;Terça;Arma de fogo;Masculino;19;Não Informada;Não Informada
Campos Sales;AIS 33;HOMICIDIO DOLOSO;2021-06-08;16:20:00;Terça;Arma de fogo;Masculino;37;Não Informada;Branca
Fortaleza;AIS 21;HOMICIDIO DOLOSO;2021-06-08;16:41:00;Terça;Arma de fogo;Masculino;31;Ensino Fundamental Incompleto;Não Informada
Caucaia;AIS Não Identificada (Caucaia);LESAO CORPORAL SEGUIDA DE MORTE;2021-06-08;19:00:00;Terça;Outros meios;Masculino;25;Ensino Fundamental Completo;Parda
Itatira;AIS 04;HOMICIDIO DOLOSO;2021-06-08;19:00:00;Terça;Arma de fogo;Masculino;31;Alfabetizado;Não Informada
Independência;AIS 07;FEMINICÍDIO;2021-06-09;04:00:00;Quarta;Arma branca;Feminino;30;Não Alfabetizado;Não Informada
Santana do Acaraú;AIS 03;HOMICIDIO DOLOSO;2021-06-09;04:30:00;Quarta;Arma de fogo;Masculino;26;Alfabetizado;Parda
Pacatuba;AIS 24;HOMICIDIO DOLOSO;2021-06-09;04:45:00;Quarta;Arma de fogo;Masculino;21;Ensino Fundamental Completo;Não Informada
Fortaleza;AIS 17;HOMICIDIO DOLOSO;2021-06-09;09:56:00;Quarta;Arma de fogo;Masculino;16;Ensino Fundamental Completo;Não Informada
Horizonte;AIS 25;HOMICIDIO DOLOSO;2021-06-09;11:19:59;Quarta;Arma de fogo;Feminino;24;Alfabetizado;Parda
Cariús;AIS 10;HOMICIDIO DOLOSO;2021-06-09;13:40:00;Quarta;Arma de fogo;Masculino;35;Ensino Médio Completo;Não Informada
Várzea Alegre;AIS 34;HOMICIDIO DOLOSO;2021-06-09;15:25:00;Quarta;Arma de fogo;Masculino;18;Ensino Fundamental Incompleto;Não Informada
Pacatuba;AIS 24;HOMICIDIO DOLOSO;2021-06-09;15:40:00;Quarta;Arma de fogo;Masculino;37;Superior Incompleto;Não Informada
Pacatuba;AIS 24;HOMICIDIO DOLOSO;2021-06-09;15:40:00;Quarta;Arma de fogo;Masculino;25;Ensino Fundamental Completo;Não Informada
Fortaleza;AIS 08;HOMICIDIO DOLOSO;2021-06-09;17:30:00;Quarta;Arma de fogo;Masculino;33;Alfabetizado;Parda
Eusébio;AIS 15;HOMICIDIO DOLOSO;2021-06-09;18:24:00;Quarta;Arma de fogo;Masculino;21;Ensino Fundamental Completo;Parda
Caucaia;AIS 12;HOMICIDIO DOLOSO;2021-06-09;18:31:00;Quarta;Arma de fogo;Masculino;21;Ensino Médio Completo;Não Informada
Maracanaú;AIS 14;HOMICIDIO DOLOSO;2021-06-09;22:49:00;Quarta;Arma de fogo;Masculino;30;Ensino Fundamental Completo;Não Informada
Croatá;AIS 27;HOMICIDIO DOLOSO;2021-06-10;03:00:00;Quinta;Arma de fogo;Masculino;20;Ensino Fundamental Completo;Não Informada
Juazeiro do Norte;AIS 02;HOMICIDIO DOLOSO;2021-06-10;06:00:00;Quinta;Arma de fogo;Masculino;18;Ensino Fundamental Incompleto;Parda
Ereré;AIS 31;HOMICIDIO DOLOSO;2021-06-10;06:00:00;Quinta;Arma de fogo;Masculino;24;Alfabetizado;Não Informada
Caucaia;AIS 26;HOMICIDIO DOLOSO;2021-06-10;06:28:00;Quinta;Arma de fogo;Masculino;Não Informada;Não Informada;Não Informada
Caucaia;AIS 12;HOMICIDIO DOLOSO;2021-06-10;06:32:00;Quinta;Arma de fogo;Masculino;14;Ensino Fundamental Incompleto;Não Informada
Caucaia;AIS 12;HOMICIDIO DOLOSO;2021-06-10;06:32:00;Quinta;Arma de fogo;Masculino;33;Ensino Fundamental Completo;Não Informada
Eusébio;AIS 15;HOMICIDIO DOLOSO;2021-06-10;06:43:59;Quinta;Arma de fogo;Masculino;Não Informada;Não Informada;Não Informada
Santana do Acaraú;AIS 03;HOMICIDIO DOLOSO;2021-06-10;10:00:00;Quinta;Arma de fogo;Masculino;24;Alfabetizado;Não Informada
Fortaleza;AIS 21;HOMICIDIO DOLOSO;2021-06-10;12:21:59;Quinta;Arma branca;Masculino;28;Ensino Fundamental Completo;Parda
Fortaleza;AIS 18;HOMICIDIO DOLOSO;2021-06-10;13:59:59;Quinta;Arma de fogo;Masculino;20;Ensino Fundamental Completo;Não Informada
Fortaleza;AIS 21;HOMICIDIO DOLOSO;2021-06-10;17:25:00;Quinta;Outros meios;Masculino;23;Ensino Fundamental Incompleto;Não Informada
Itarema;AIS 11;HOMICIDIO DOLOSO;2021-06-10;19:30:00;Quinta;Arma de fogo;Masculino;26;Alfabetizado;Não Informada
Fortaleza;AIS 21;HOMICIDIO DOLOSO;2021-06-10;19:59:59;Quinta;Outros meios;Masculino;48;Alfabetizado;Não Informada
Caucaia;AIS 26;HOMICIDIO DOLOSO;2021-06-10;23:04:00;Quinta;Arma de fogo;Masculino;17;Ensino Fundamental Incompleto;Não Informada
Caucaia;AIS 12;HOMICIDIO DOLOSO;2021-06-11;01:30:00;Sexta;Arma de fogo;Masculino;25;Ensino Fundamental Incompleto;Não Informada
Itatira;AIS 04;HOMICIDIO DOLOSO;2021-06-11;08:30:00;Sexta;Arma de fogo;Masculino;30;Não Informada;Não Informada
Sobral;AIS 03;HOMICIDIO DOLOSO;2021-06-11;16:00:00;Sexta;Arma de fogo;Feminino;18;Não Informada;Não Informada
Fortaleza;AIS 18;HOMICIDIO DOLOSO;2021-06-11;16:30:00;Sexta;Arma de fogo;Masculino;20;Alfabetizado;Não Informada
Fortaleza;AIS 06;HOMICIDIO DOLOSO;2021-06-11;16:33:00;Sexta;Arma de fogo;Masculino;17;Alfabetizado;Não Informada
Caucaia;AIS 12;HOMICIDIO DOLOSO;2021-06-11;17:53:00;Sexta;Arma de fogo;Masculino;22;Ensino Fundamental Incompleto;Parda
Caucaia;AIS 12;HOMICIDIO DOLOSO;2021-06-11;18:19:59;Sexta;Arma de fogo;Feminino;21;Ensino Fundamental Incompleto;Não Informada
Fortaleza;AIS 21;HOMICIDIO DOLOSO;2021-06-11;18:29:59;Sexta;Arma de fogo;Masculino;40;Ensino Fundamental Completo;Não Informada
Forquilha;AIS 03;HOMICIDIO DOLOSO;2021-06-11;20:30:00;Sexta;Arma de fogo;Masculino;23;Alfabetizado;Não Informada
Senador Pompeu;AIS 09;HOMICIDIO DOLOSO;2021-06-11;22:59:59;Sexta;Arma de fogo;Masculino;24;Ensino Fundamental Incompleto;Parda
Fortaleza;AIS 18;HOMICIDIO DOLOSO;2021-06-12;01:30:00;Sábado;Arma de fogo;Masculino;24;Ensino Fundamental Completo;Não Informada
Fortaleza;AIS 16;HOMICIDIO DOLOSO;2021-06-12;04:45:00;Sábado;Arma de fogo;Masculino;20;Alfabetizado;Não Informada
Jucás;AIS 10;HOMICIDIO DOLOSO;2021-06-12;10:40:00;Sábado;Arma de fogo;Masculino;21;Ensino Médio Completo;Não Informada
Brejo Santo;AIS 32;HOMICIDIO DOLOSO;2021-06-12;16:30:00;Sábado;Outros meios;Masculino;21;Alfabetizado;Não Informada
Maracanaú;AIS 14;HOMICIDIO DOLOSO;2021-06-12;18:23:00;Sábado;Arma de fogo;Masculino;39;Alfabetizado;Parda
Beberibe;AIS 30;HOMICIDIO DOLOSO;2021-06-12;22:59:59;Sábado;Arma de fogo;Masculino;48;Alfabetizado;Branca
São Benedito;AIS 27;HOMICIDIO DOLOSO;2021-06-13;00:00:00;Domingo;Arma de fogo;Masculino;17;Não Informada;Não Informada
Limoeiro do Norte;AIS 01;HOMICIDIO DOLOSO;2021-06-13;07:59:59;Domingo;Arma de fogo;Masculino;23;Ensino Médio Completo;Não Informada
Uruburetama;AIS 11;HOMICIDIO DOLOSO;2021-06-13;13:59:59;Domingo;Arma branca;Masculino;74;Não Informada;Não Informada
Itatira;AIS 04;HOMICIDIO DOLOSO;2021-06-13;15:29:59;Domingo;Arma de fogo;Masculino;57;Ensino Fundamental Incompleto;Não Informada
Guaraciaba do Norte;AIS 27;LESAO CORPORAL SEGUIDA DE MORTE;2021-06-13;16:00:00;Domingo;Outros meios;Masculino;51;Não Informada;Não Informada
Monsenhor Tabosa;AIS 07;HOMICIDIO DOLOSO;2021-06-13;16:00:00;Domingo;Arma de fogo;Masculino;33;Ensino Fundamental Incompleto;Não Informada
Caucaia;AIS 12;HOMICIDIO DOLOSO;2021-06-13;16:59:59;Domingo;Arma de fogo;Masculino;20;Ensino Fundamental Completo;Não Informada
Jaguaribara;AIS 31;HOMICIDIO DOLOSO;2021-06-13;17:10:00;Domingo;Arma de fogo;Masculino;33;Ensino Fundamental Completo;Não Informada
Fortaleza;AIS 21;HOMICIDIO DOLOSO;2021-06-13;20:30:00;Domingo;Arma branca;Masculino;43;Ensino Fundamental Incompleto;Parda
Fortaleza;AIS 21;HOMICIDIO DOLOSO;2021-06-13;23:05:59;Domingo;Arma de fogo;Masculino;18;Alfabetizado;Não Informada
São Gonçalo do Amarante;AIS 23;HOMICIDIO DOLOSO;2021-06-13;23:30:00;Domingo;Arma de fogo;Masculino;38;Alfabetizado;Não Informada
Fortaleza;AIS 16;HOMICIDIO DOLOSO;2021-06-14;05:10:00;Segunda;Outros meios;Masculino;31;Alfabetizado;Não Informada
Bela Cruz;AIS 11;HOMICIDIO DOLOSO;2021-06-14;07:00:00;Segunda;Arma de fogo;Masculino;63;Não Alfabetizado;Não Informada
Maranguape;AIS 24;HOMICIDIO DOLOSO;2021-06-14;14:50:00;Segunda;Arma de fogo;Masculino;34;Ensino Médio Completo;Não Informada
Cascavel;AIS 15;HOMICIDIO DOLOSO;2021-06-14;17:19:59;Segunda;Arma de fogo;Feminino;32;Não Informada;Não Informada
Caucaia;AIS 12;HOMICIDIO DOLOSO;2021-06-14;21:19:00;Segunda;Outros meios;Masculino;44;Alfabetizado;Parda
Juazeiro do Norte;AIS 02;HOMICIDIO DOLOSO;2021-06-14;22:59:59;Segunda;Arma de fogo;Masculino;27;Ensino Fundamental Completo;Parda
Canindé;AIS 04;HOMICIDIO DOLOSO;2021-06-15;04:00:00;Terça;Arma de fogo;Masculino;16;Ensino Fundamental Incompleto;Branca
Canindé;AIS 04;HOMICIDIO DOLOSO;2021-06-15;04:00:00;Terça;Arma de fogo;Masculino;27;Ensino Fundamental Incompleto;Não Informada
Fortaleza;AIS 19;HOMICIDIO DOLOSO;2021-06-15;06:40:00;Terça;Outros meios;Masculino;14;Alfabetizado;Não Informada
Campos Sales;AIS 33;HOMICIDIO DOLOSO;2021-06-15;07:45:00;Terça;Arma de fogo;Masculino;40;Ensino Médio Incompleto;Parda
Independência;AIS 07;HOMICIDIO DOLOSO;2021-06-15;09:29:59;Terça;Arma de fogo;Masculino;55;Não Informada;Não Informada
Limoeiro do Norte;AIS 01;HOMICIDIO DOLOSO;2021-06-15;09:29:59;Terça;Arma de fogo;Masculino;20;Ensino Fundamental Incompleto;Não Informada
Pacatuba;AIS 24;HOMICIDIO DOLOSO;2021-06-15;14:30:00;Terça;Outros meios;Masculino;19;Ensino Fundamental Incompleto;Não Informada
Sobral;AIS 03;HOMICIDIO DOLOSO;2021-06-15;18:29:59;Terça;Arma de fogo;Masculino;23;Não Informada;Não Informada
Redenção;AIS 29;HOMICIDIO DOLOSO;2021-06-15;19:30:00;Terça;Arma de fogo;Masculino;52;Não Alfabetizado;Parda
Caucaia;AIS 12;HOMICIDIO DOLOSO;2021-06-15;22:59:59;Terça;Arma branca;Feminino;40;Ensino Médio Completo;Parda
Quixeramobim;AIS 09;HOMICIDIO DOLOSO;2021-06-15;23:44:59;Terça;Arma de fogo;Masculino;19;Alfabetizado;Não Informada
Fortaleza;AIS 17;HOMICIDIO DOLOSO;2021-06-15;23:50:00;Terça;Arma de fogo;Feminino;26;Alfabetizado;Parda
Fortaleza;AIS 16;HOMICIDIO DOLOSO;2021-06-16;00:00:00;Quarta;Arma de fogo;Masculino;24;Alfabetizado;Parda
Fortaleza;AIS 06;HOMICIDIO DOLOSO;2021-06-16;03:00:00;Quarta;Arma de fogo;Masculino;33;Alfabetizado;Não Informada
Quixadá;AIS 09;HOMICIDIO DOLOSO;2021-06-16;09:00:00;Quarta;Arma de fogo;Masculino;50;Ensino Médio Incompleto;Não Informada
Sobral;AIS 03;HOMICIDIO DOLOSO;2021-06-16;13:59:59;Quarta;Arma de fogo;Masculino;26;Não Informada;Não Informada
Quixadá;AIS 09;HOMICIDIO DOLOSO;2021-06-16;17:55:00;Quarta;Arma de fogo;Masculino;25;Ensino Fundamental Incompleto;Parda
Fortaleza;AIS 20;ROUBO SEGUIDO DE MORTE (LATROCINIO);2021-06-16;19:30:00;Quarta;Arma de fogo;Masculino;53;Ensino Fundamental Completo;Não Informada
Aquiraz;AIS 15;HOMICIDIO DOLOSO;2021-06-16;19:34:00;Quarta;Arma de fogo;Masculino;46;Ensino Fundamental Completo;Não Informada
Fortaleza;AIS 17;HOMICIDIO DOLOSO;2021-06-16;20:50:00;Quarta;Arma de fogo;Masculino;16;Alfabetizado;Parda
Fortaleza;AIS 19;HOMICIDIO DOLOSO;2021-06-17;11:50:00;Quinta;Arma de fogo;Masculino;27;Ensino Fundamental Incompleto;Não Informada
Fortaleza;AIS 17;HOMICIDIO DOLOSO;2021-06-17;15:00:00;Quinta;Arma de fogo;Masculino;23;Alfabetizado;Não Informada
Forquilha;AIS 03;HOMICIDIO DOLOSO;2021-06-17;19:59:59;Quinta;Arma de fogo;Masculino;38;Alfabetizado;Não Informada
Maracanaú;AIS 14;HOMICIDIO DOLOSO;2021-06-17;20:09:00;Quinta;Arma de fogo;Masculino;25;Ensino Fundamental Incompleto;Parda
Maracanaú;AIS 14;HOMICIDIO DOLOSO;2021-06-17;20:18:00;Quinta;Arma de fogo;Masculino;28;Não Informada;Parda
Horizonte;AIS 25;HOMICIDIO DOLOSO;2021-06-17;22:14:59;Quinta;Arma de fogo;Masculino;20;Não Informada;Não Informada
Guaiúba;AIS 24;HOMICIDIO DOLOSO;2021-06-18;02:20:59;Sexta;Arma de fogo;Masculino;22;Alfabetizado;Não Informada
Canindé;AIS 04;HOMICIDIO DOLOSO;2021-06-18;05:25:00;Sexta;Outros meios;Masculino;40;Ensino Médio Completo;Não Informada
Aquiraz;AIS 15;HOMICIDIO DOLOSO;2021-06-18;06:00:00;Sexta;Arma de fogo;Feminino;39;Alfabetizado;Não Informada
Fortaleza;AIS 19;HOMICIDIO DOLOSO;2021-06-18;06:29:59;Sexta;Arma de fogo;Masculino;30;Não Informada;Não Informada
Fortaleza;AIS 18;HOMICIDIO DOLOSO;2021-06-18;06:35:00;Sexta;Arma de fogo;Masculino;36;Ensino Médio Incompleto;Não Informada
Juazeiro do Norte;AIS 02;HOMICIDIO DOLOSO;2021-06-18;15:00:00;Sexta;Arma de fogo;Masculino;22;Ensino Fundamental Incompleto;Parda
Cascavel;AIS 15;HOMICIDIO DOLOSO;2021-06-18;16:59:59;Sexta;Arma de fogo;Masculino;20;Alfabetizado;Parda
Fortaleza;AIS 22;HOMICIDIO DOLOSO;2021-06-18;17:30:00;Sexta;Arma de fogo;Masculino;30;Ensino Médio Completo;Não Informada
Juazeiro do Norte;AIS 02;HOMICIDIO DOLOSO;2021-06-18;17:44:59;Sexta;Outros meios;Masculino;55;Não Alfabetizado;Preta
Juazeiro do Norte;AIS 02;HOMICIDIO DOLOSO;2021-06-18;19:49:59;Sexta;Arma branca;Masculino;26;Ensino Médio Completo;Parda
Fortaleza;AIS 16;HOMICIDIO DOLOSO;2021-06-18;22:03:00;Sexta;Arma branca;Masculino;20;Alfabetizado;Não Informada
Fortaleza;AIS 16;HOMICIDIO DOLOSO;2021-06-18;22:40:00;Sexta;Arma de fogo;Masculino;41;Alfabetizado;Não Informada
Aquiraz;AIS 15;HOMICIDIO DOLOSO;2021-06-19;03:40:00;Sábado;Arma de fogo;Masculino;23;Alfabetizado;Não Informada
Iguatu;AIS 10;HOMICIDIO DOLOSO;2021-06-19;06:10:00;Sábado;Arma de fogo;Masculino;16;Ensino Fundamental Incompleto;Não Informada
Iguatu;AIS 10;HOMICIDIO DOLOSO;2021-06-19;06:10:00;Sábado;Arma de fogo;Feminino;22;Alfabetizado;Não Informada
Sobral;AIS 03;HOMICIDIO DOLOSO;2021-06-19;07:00:00;Sábado;Arma de fogo;Masculino;39;Alfabetizado;Não Informada
Jijoca de Jericoacoara;AIS 11;HOMICIDIO DOLOSO;2021-06-19;13:30:00;Sábado;Arma de fogo;Masculino;33;Alfabetizado;Não Informada
Uruburetama;AIS 11;HOMICIDIO DOLOSO;2021-06-19;15:00:00;Sábado;Arma de fogo;Masculino;43;Ensino Fundamental Completo;Parda
Fortaleza;AIS 20;FEMINICÍDIO;2021-06-19;18:19:59;Sábado;Arma branca;Feminino;39;Alfabetizado;Não Informada
Itaitinga;AIS 25;HOMICIDIO DOLOSO;2021-06-19;19:10:00;Sábado;Arma de fogo;Masculino;22;Alfabetizado;Não Informada
Choró;AIS 09;HOMICIDIO DOLOSO;2021-06-19;20:30:00;Sábado;Arma de fogo;Masculino;18;Alfabetizado;Não Informada
Paraipaba;AIS 23;HOMICIDIO DOLOSO;2021-06-19;21:29:59;Sábado;Arma de fogo;Masculino;20;Ensino Fundamental Completo;Não Informada
Irauçuba;AIS 11;HOMICIDIO DOLOSO;2021-06-19;22:00:00;Sábado;Arma de fogo;Masculino;23;Alfabetizado;Não Informada
Russas;AIS 01;HOMICIDIO DOLOSO;2021-06-20;00:10:00;Domingo;Arma de fogo;Masculino;22;Ensino Fundamental Incompleto;Parda
Pacatuba;AIS 24;HOMICIDIO DOLOSO;2021-06-20;04:00:00;Domingo;Arma de fogo;Masculino;19;Alfabetizado;Parda
São Benedito;AIS 27;HOMICIDIO DOLOSO;2021-06-20;07:59:59;Domingo;Arma branca;Masculino;31;Alfabetizado;Parda
Fortaleza;AIS 17;HOMICIDIO DOLOSO;2021-06-20;09:49:59;Domingo;Arma de fogo;Masculino;Não Informada;Não Informada;Não Informada
Cariré;AIS 03;HOMICIDIO DOLOSO;2021-06-20;10:59:59;Domingo;Arma de fogo;Masculino;21;Alfabetizado;Não Informada
Missão Velha;AIS 02;HOMICIDIO DOLOSO;2021-06-20;13:59:59;Domingo;Arma branca;Masculino;28;Ensino Médio Incompleto;Parda
Russas;AIS 01;HOMICIDIO DOLOSO;2021-06-20;17:40:00;Domingo;Arma de fogo;Masculino;25;Ensino Fundamental Incompleto;Não Informada
Maranguape;AIS 24;HOMICIDIO DOLOSO;2021-06-20;19:10:00;Domingo;Arma de fogo;Masculino;21;Ensino Fundamental Incompleto;Não Informada
Iguatu;AIS 10;HOMICIDIO DOLOSO;2021-06-20;19:30:00;Domingo;Arma de fogo;Feminino;33;Alfabetizado;Preta
Fortaleza;AIS 19;HOMICIDIO DOLOSO;2021-06-20;19:40:00;Domingo;Arma de fogo;Masculino;27;Ensino Fundamental Incompleto;Não Informada
Itapajé;AIS 11;HOMICIDIO DOLOSO;2021-06-20;19:59:59;Domingo;Arma de fogo;Masculino;38;Ensino Fundamental Completo;Não Informada
Beberibe;AIS 30;HOMICIDIO DOLOSO;2021-06-20;20:30:00;Domingo;Arma de fogo;Masculino;67;Ensino Fundamental Completo;Não Informada
Quixeré;AIS 01;HOMICIDIO DOLOSO;2021-06-21;03:00:00;Segunda;Outros meios;Masculino;28;Ensino Fundamental Incompleto;Parda
Pacatuba;AIS 24;HOMICIDIO DOLOSO;2021-06-21;06:04:59;Segunda;Arma de fogo;Feminino;16;Ensino Fundamental Incompleto;Não Informada
Paramoti;AIS 04;HOMICIDIO DOLOSO;2021-06-21;09:29:59;Segunda;Arma branca;Feminino;45;Não Alfabetizado;Parda
Fortaleza;AIS 20;HOMICIDIO DOLOSO;2021-06-21;10:30:00;Segunda;Outros meios;Masculino;24;Alfabetizado;Não Informada
Fortaleza;AIS 17;HOMICIDIO DOLOSO;2021-06-21;14:08:00;Segunda;Arma de fogo;Masculino;58;Não Alfabetizado;Não Informada
Morada Nova;AIS 09;HOMICIDIO DOLOSO;2021-06-21;15:29:59;Segunda;Arma de fogo;Masculino;42;Não Informada;Não Informada
Morada Nova;AIS 09;HOMICIDIO DOLOSO;2021-06-21;15:29:59;Segunda;Arma de fogo;Masculino;39;Ensino Fundamental Incompleto;Não Informada
Iguatu;AIS 10;HOMICIDIO DOLOSO;2021-06-21;15:49:59;Segunda;Arma de fogo;Masculino;27;Alfabetizado;Não Informada
Caucaia;AIS 12;HOMICIDIO DOLOSO;2021-06-21;18:19:00;Segunda;Arma de fogo;Masculino;18;Ensino Fundamental Incompleto;Não Informada
Caucaia;AIS 12;HOMICIDIO DOLOSO;2021-06-21;18:19:00;Segunda;Arma de fogo;Feminino;19;Ensino Fundamental Incompleto;Não Informada
Icó;AIS 34;HOMICIDIO DOLOSO;2021-06-21;18:29:59;Segunda;Arma de fogo;Masculino;22;Alfabetizado;Não Informada
Crato;AIS 02;HOMICIDIO DOLOSO;2021-06-21;19:00:00;Segunda;Arma de fogo;Masculino;20;Alfabetizado;Não Informada
Fortaleza;AIS 05;ROUBO SEGUIDO DE MORTE (LATROCINIO);2021-06-21;19:00:00;Segunda;Arma branca;Masculino;35;Ensino Médio Incompleto;Não Informada
Jaguaruana;AIS 01;HOMICIDIO DOLOSO;2021-06-21;20:50:00;Segunda;Arma de fogo;Masculino;26;Não Informada;Não Informada
Fortaleza;AIS 22;HOMICIDIO DOLOSO;2021-06-22;01:42:59;Terça;Arma de fogo;Feminino;20;Ensino Fundamental Completo;Não Informada
Paracuru;AIS 23;HOMICIDIO DOLOSO;2021-06-22;06:00:00;Terça;Arma branca;Masculino;29;Alfabetizado;Não Informada
Acopiara;AIS 10;HOMICIDIO DOLOSO;2021-06-22;06:00:00;Terça;Arma de fogo;Masculino;31;Alfabetizado;Não Informada
Caucaia;AIS 26;HOMICIDIO DOLOSO;2021-06-22;09:29:59;Terça;Arma de fogo;Masculino;28;Alfabetizado;Não Informada
Maracanaú;AIS 14;HOMICIDIO DOLOSO;2021-06-22;09:45:00;Terça;Arma de fogo;Masculino;48;Ensino Fundamental Completo;Não Informada
Umirim;AIS 11;HOMICIDIO DOLOSO;2021-06-22;14:30:00;Terça;Arma de fogo;Masculino;26;Alfabetizado;Não Informada
Maranguape;AIS 24;HOMICIDIO DOLOSO;2021-06-22;15:40:00;Terça;Arma de fogo;Masculino;22;Alfabetizado;Não Informada
Marco;AIS 11;HOMICIDIO DOLOSO;2021-06-22;19:30:00;Terça;Arma de fogo;Masculino;43;Não Alfabetizado;Não Informada
Juazeiro do Norte;AIS 02;HOMICIDIO DOLOSO;2021-06-22;19:59:59;Terça;Arma de fogo;Masculino;31;Ensino Fundamental Incompleto;Não Informada
Jaguaribe;AIS 31;HOMICIDIO DOLOSO;2021-06-22;22:45:00;Terça;Arma de fogo;Masculino;27;Ensino Fundamental Incompleto;Não Informada
Ocara;AIS 29;HOMICIDIO DOLOSO;2021-06-23;00:00:00;Quarta;Arma de fogo;Masculino;33;Alfabetizado;Não Informada
Baturité;AIS 29;HOMICIDIO DOLOSO;2021-06-23;04:10:00;Quarta;Arma de fogo;Masculino;44;Ensino Médio Completo;Não Informada
Acaraú;AIS 11;HOMICIDIO DOLOSO;2021-06-23;07:00:00;Quarta;Outros meios;Masculino;35;Não Informada;Não Informada
Iguatu;AIS 10;HOMICIDIO DOLOSO;2021-06-23;18:40:00;Quarta;Arma de fogo;Feminino;22;Alfabetizado;Não Informada
Caucaia;AIS Não Identificada (Caucaia);HOMICIDIO DOLOSO;2021-06-23;19:59:59;Quarta;Arma de fogo;Masculino;20;Alfabetizado;Não Informada
Aracati;AIS 30;HOMICIDIO DOLOSO;2021-06-23;20:30:00;Quarta;Arma de fogo;Masculino;29;Ensino Médio Completo;Não Informada
Cariús;AIS 10;HOMICIDIO DOLOSO;2021-06-23;21:19:59;Quarta;Arma de fogo;Masculino;20;Ensino Médio Completo;Não Informada
Trairi;AIS 23;HOMICIDIO DOLOSO;2021-06-24;08:30:00;Quinta;Arma de fogo;Masculino;17;Não Informada;Não Informada
Aquiraz;AIS 15;HOMICIDIO DOLOSO;2021-06-24;13:27:00;Quinta;Arma de fogo;Masculino;35;Ensino Médio Completo;Parda
Aquiraz;AIS 15;HOMICIDIO DOLOSO;2021-06-24;13:27:00;Quinta;Arma de fogo;Masculino;27;Alfabetizado;Não Informada
Eusébio;AIS 15;HOMICIDIO DOLOSO;2021-06-24;14:40:00;Quinta;Arma de fogo;Masculino;33;Ensino Fundamental Incompleto;Não Informada
Cariús;AIS 10;HOMICIDIO DOLOSO;2021-06-24;15:29:59;Quinta;Arma de fogo;Masculino;30;Alfabetizado;Parda
Caucaia;AIS 12;HOMICIDIO DOLOSO;2021-06-24;21:29:59;Quinta;Arma de fogo;Masculino;20;Alfabetizado;Não Informada
Caucaia;AIS 12;HOMICIDIO DOLOSO;2021-06-24;22:00:00;Quinta;Arma de fogo;Masculino;44;Ensino Fundamental Incompleto;Parda
Sobral;AIS 03;HOMICIDIO DOLOSO;2021-06-25;03:30:00;Sexta;Arma de fogo;Masculino;22;Ensino Médio Incompleto;Não Informada
Sobral;AIS 03;HOMICIDIO DOLOSO;2021-06-25;03:30:00;Sexta;Arma de fogo;Masculino;18;Alfabetizado;Não Informada
Icapuí;AIS 30;HOMICIDIO DOLOSO;2021-06-25;04:00:00;Sexta;Arma de fogo;Masculino;40;Não Informada;Não Informada
Tianguá;AIS 27;HOMICIDIO DOLOSO;2021-06-25;07:00:00;Sexta;Arma branca;Masculino;32;Ensino Fundamental Completo;Não Informada
Tabuleiro do Norte;AIS 01;HOMICIDIO DOLOSO;2021-06-25;07:10:00;Sexta;Arma de fogo;Masculino;53;Alfabetizado;Parda
Chorozinho;AIS 25;HOMICIDIO DOLOSO;2021-06-25;14:00:00;Sexta;Arma de fogo;Masculino;25;Não Informada;Parda
Fortaleza;AIS 16;HOMICIDIO DOLOSO;2021-06-25;17:00:00;Sexta;Arma branca;Feminino;56;Ensino Fundamental Incompleto;Não Informada
Fortaleza;AIS 18;HOMICIDIO DOLOSO;2021-06-25;18:55:00;Sexta;Arma de fogo;Masculino;42;Ensino Fundamental Completo;Não Informada
Maracanaú;AIS 14;HOMICIDIO DOLOSO;2021-06-25;19:00:00;Sexta;Arma de fogo;Masculino;25;Ensino Fundamental Completo;Não Informada
Icapuí;AIS 30;HOMICIDIO DOLOSO;2021-06-25;19:30:00;Sexta;Arma de fogo;Masculino;16;Não Informada;Não Informada
Massapê;AIS 03;HOMICIDIO DOLOSO;2021-06-25;19:59:59;Sexta;Arma de fogo;Masculino;25;Alfabetizado;Não Informada
Itatira;AIS 04;HOMICIDIO DOLOSO;2021-06-25;22:10:00;Sexta;Arma de fogo;Masculino;56;Alfabetizado;Não Informada
Ipueiras;AIS 07;HOMICIDIO DOLOSO;2021-06-26;01:20:00;Sábado;Outros meios;Masculino;34;Alfabetizado;Não Informada
Tianguá;AIS 27;HOMICIDIO DOLOSO;2021-06-26;01:30:00;Sábado;Arma de fogo;Feminino;38;Ensino Fundamental Incompleto;Não Informada
Tianguá;AIS 27;HOMICIDIO DOLOSO;2021-06-26;01:30:00;Sábado;Arma de fogo;Masculino;28;Alfabetizado;Não Informada
Reriutaba;AIS 07;HOMICIDIO DOLOSO;2021-06-26;01:40:00;Sábado;Arma de fogo;Masculino;44;Alfabetizado;Não Informada
São Luís do Curu;AIS 23;HOMICIDIO DOLOSO;2021-06-26;07:30:00;Sábado;Arma de fogo;Masculino;22;Ensino Fundamental Incompleto;Não Informada
Pacajus;AIS 25;HOMICIDIO DOLOSO;2021-06-26;08:30:00;Sábado;Arma de fogo;Masculino;27;Ensino Médio Completo;Não Informada
Caucaia;AIS 26;HOMICIDIO DOLOSO;2021-06-26;17:39:00;Sábado;Arma branca;Feminino;58;Não Informada;Não Informada
Beberibe;AIS 30;HOMICIDIO DOLOSO;2021-06-26;18:00:00;Sábado;Arma de fogo;Masculino;Não Informada;Não Informada;Não Informada
Fortaleza;AIS 21;HOMICIDIO DOLOSO;2021-06-26;18:36:59;Sábado;Arma de fogo;Masculino;22;Ensino Médio Incompleto;Parda
Morada Nova;AIS 09;HOMICIDIO DOLOSO;2021-06-26;19:30:00;Sábado;Arma de fogo;Feminino;35;Não Informada;Não Informada
Aracati;AIS 30;HOMICIDIO DOLOSO;2021-06-26;22:00:00;Sábado;Arma de fogo;Masculino;34;Alfabetizado;Não Informada
Caridade;AIS 04;LESAO CORPORAL SEGUIDA DE MORTE;2021-06-26;22:00:00;Sábado;Outros meios;Masculino;23;Ensino Médio Completo;Não Informada
Fortaleza;AIS 20;HOMICIDIO DOLOSO;2021-06-27;05:23:00;Domingo;Arma de fogo;Masculino;22;Alfabetizado;Não Informada
Caucaia;AIS 26;HOMICIDIO DOLOSO;2021-06-27;15:00:00;Domingo;Arma de fogo;Masculino;31;Não Alfabetizado;Parda
Trairi;AIS 23;HOMICIDIO DOLOSO;2021-06-27;15:00:00;Domingo;Arma de fogo;Masculino;24;Ensino Fundamental Completo;Não Informada
Fortaleza;AIS 20;HOMICIDIO DOLOSO;2021-06-27;16:49:59;Domingo;Arma de fogo;Masculino;22;Ensino Fundamental Completo;Parda
Fortaleza;AIS 18;HOMICIDIO DOLOSO;2021-06-27;18:00:00;Domingo;Arma de fogo;Masculino;27;Ensino Médio Completo;Não Informada
Juazeiro do Norte;AIS 02;HOMICIDIO DOLOSO;2021-06-27;18:00:00;Domingo;Arma de fogo;Masculino;33;Alfabetizado;Não Informada
Fortaleza;AIS 22;HOMICIDIO DOLOSO;2021-06-27;19:28:00;Domingo;Arma de fogo;Masculino;27;Não Informada;Parda
Boa Viagem;AIS 04;HOMICIDIO DOLOSO;2021-06-27;19:59:59;Domingo;Arma branca;Masculino;33;Alfabetizado;Parda
Aratuba;AIS 29;HOMICIDIO DOLOSO;2021-06-27;19:59:59;Domingo;Arma de fogo;Masculino;36;Alfabetizado;Não Informada
Fortaleza;AIS 18;HOMICIDIO DOLOSO;2021-06-27;20:40:00;Domingo;Arma de fogo;Masculino;26;Alfabetizado;Não Informada
São Gonçalo do Amarante;AIS 23;HOMICIDIO DOLOSO;2021-06-27;23:30:00;Domingo;Arma branca;Masculino;24;Ensino Fundamental Incompleto;Não Informada
Banabuiú;AIS 09;HOMICIDIO DOLOSO;2021-06-28;01:00:00;Segunda;Arma de fogo;Masculino;57;Ensino Fundamental Completo;Não Informada
Fortaleza;AIS 17;HOMICIDIO DOLOSO;2021-06-28;07:30:00;Segunda;Arma de fogo;Masculino;18;Ensino Fundamental Incompleto;Não Informada
Itatira;AIS 04;HOMICIDIO DOLOSO;2021-06-28;12:00:00;Segunda;Arma de fogo;Masculino;23;Alfabetizado;Parda
Cascavel;AIS 15;HOMICIDIO DOLOSO;2021-06-28;13:00:00;Segunda;Arma de fogo;Masculino;19;Ensino Médio Incompleto;Branca
Fortaleza;AIS 20;HOMICIDIO DOLOSO;2021-06-28;15:40:00;Segunda;Arma de fogo;Masculino;19;Alfabetizado;Não Informada
Reriutaba;AIS 07;HOMICIDIO DOLOSO;2021-06-28;18:29:59;Segunda;Arma de fogo;Masculino;25;Alfabetizado;Parda
Fortaleza;AIS 17;HOMICIDIO DOLOSO;2021-06-28;20:36:00;Segunda;Arma de fogo;Masculino;21;Ensino Fundamental Completo;Não Informada
Caucaia;AIS 26;HOMICIDIO DOLOSO;2021-06-28;22:03:00;Segunda;Arma de fogo;Masculino;21;Ensino Médio Incompleto;Não Informada
Fortaleza;AIS 19;HOMICIDIO DOLOSO;2021-06-29;03:14:00;Terça;Arma branca;Feminino;Não Informada;Não Informada;Não Informada
Aquiraz;AIS 15;HOMICIDIO DOLOSO;2021-06-29;16:35:31;Terça;Arma de fogo;Masculino;Não Informada;Não Informada;Não Informada
Tabuleiro do Norte;AIS 01;HOMICIDIO DOLOSO;2021-06-29;19:00:00;Terça;Arma de fogo;Masculino;39;Não Informada;Não Informada
Fortaleza;AIS 05;HOMICIDIO DOLOSO;2021-06-29;19:20:00;Terça;Arma de fogo;Masculino;Não Informada;Não Informada;Não Informada
Caucaia;AIS 12;HOMICIDIO DOLOSO;2021-06-29;19:30:00;Terça;Arma de fogo;Masculino;41;Ensino Fundamental Completo;Não Informada
Pacatuba;AIS 24;HOMICIDIO DOLOSO;2021-06-29;21:49:59;Terça;Arma de fogo;Masculino;Não Informada;Não Informada;Não Informada
Fortaleza;AIS 19;HOMICIDIO DOLOSO;2021-06-29;22:20:00;Terça;Arma de fogo;Masculino;34;Superior Incompleto;Não Informada
Fortaleza;AIS 20;HOMICIDIO DOLOSO;2021-06-29;22:49:59;Terça;Arma de fogo;Masculino;24;Ensino Fundamental Incompleto;Não Informada
Fortaleza;AIS 22;HOMICIDIO DOLOSO;2021-06-29;22:59:59;Terça;Arma de fogo;Masculino;36;Ensino Fundamental Incompleto;Não Informada
Russas;AIS 01;HOMICIDIO DOLOSO;2021-06-30;01:30:00;Quarta;Arma de fogo;Masculino;37;Ensino Fundamental Incompleto;Não Informada
Russas;AIS 01;HOMICIDIO DOLOSO;2021-06-30;01:30:00;Quarta;Arma de fogo;Masculino;29;Alfabetizado;Não Informada
Iguatu;AIS 10;HOMICIDIO DOLOSO;2021-06-30;07:00:00;Quarta;Arma de fogo;Masculino;33;Ensino Fundamental Completo;Não Informada
Caucaia;AIS 12;HOMICIDIO DOLOSO;2021-06-30;11:09:00;Quarta;Arma de fogo;Masculino;46;Ensino Médio Completo;Não Informada
Banabuiú;AIS 09;HOMICIDIO DOLOSO;2021-06-30;16:49:59;Quarta;Arma de fogo;Masculino;18;Ensino Fundamental Incompleto;Não Informada
Fortaleza;AIS 17;ROUBO SEGUIDO DE MORTE (LATROCINIO);2021-06-30;18:43:00;Quarta;Arma de fogo;Feminino;41;Ensino Médio Completo;Não Informada
Jucás;AIS 10;HOMICIDIO DOLOSO;2021-06-30;19:30:00;Quarta;Arma de fogo;Masculino;44;Alfabetizado;Não Informada
Fortaleza;AIS 19;HOMICIDIO DOLOSO;2021-06-30;20:19:59;Quarta;Arma de fogo;Masculino;Não Informada;Não Informada;Não Informada
Chorozinho;AIS 25;HOMICIDIO DOLOSO;2021-06-30;20:30:00;Quarta;Arma de fogo;Masculino;21;Ensino Fundamental Completo;Parda
Fortaleza;AIS 17;HOMICIDIO DOLOSO;2021-06-30;20:58:00;Quarta;Arma de fogo;Masculino;37;Ensino Médio Completo;Não Informada
Fortaleza;AIS 19;HOMICIDIO DOLOSO;2021-06-30;22:30:00;Quarta;Arma de fogo;Masculino;29;Ensino Médio Completo;Não Informada
Icó;AIS 34;HOMICIDIO DOLOSO;2021-06-30;23:30:00;Quarta;Arma de fogo;Masculino;28;Ensino Médio Completo;Preta
Ibaretama;AIS 09;HOMICIDIO DOLOSO;2021-07-01;10:00:00;Quinta;Arma de fogo;Masculino;29;Alfabetizado;Não Informada
Itapipoca;AIS 11;HOMICIDIO DOLOSO;2021-07-01;18:00:00;Quinta;Arma de fogo;Masculino;28;Alfabetizado;Não Informada
Beberibe;AIS 30;HOMICIDIO DOLOSO;2021-07-01;22:00:00;Quinta;Arma de fogo;Masculino;18;Ensino Fundamental Incompleto;Não Informada
Tabuleiro do Norte;AIS 01;HOMICIDIO DOLOSO;2021-07-01;23:30:00;Quinta;Arma de fogo;Masculino;17;Ensino Fundamental Incompleto;Não Informada
Fortaleza;AIS 20;HOMICIDIO DOLOSO;2021-07-01;23:36:00;Quinta;Arma de fogo;Feminino;19;Ensino Fundamental Incompleto;Parda
Uruburetama;AIS 11;HOMICIDIO DOLOSO;2021-07-02;01:00:00;Sexta;Arma de fogo;Masculino;21;Alfabetizado;Parda
Uruburetama;AIS 11;HOMICIDIO DOLOSO;2021-07-02;01:00:00;Sexta;Arma de fogo;Masculino;19;Não Informada;Não Informada
Quixeré;AIS 01;HOMICIDIO DOLOSO;2021-07-02;09:00:00;Sexta;Arma de fogo;Masculino;24;Alfabetizado;Não Informada
Quixeré;AIS 01;HOMICIDIO DOLOSO;2021-07-02;09:00:00;Sexta;Arma de fogo;Masculino;17;Não Informada;Não Informada
Juazeiro do Norte;AIS 02;HOMICIDIO DOLOSO;2021-07-02;10:30:00;Sexta;Arma de fogo;Masculino;28;Ensino Fundamental Completo;Parda
Fortaleza;AIS 21;HOMICIDIO DOLOSO;2021-07-02;13:34:00;Sexta;Arma de fogo;Masculino;17;Alfabetizado;Parda
Fortaleza;AIS 18;HOMICIDIO DOLOSO;2021-07-02;13:56:00;Sexta;Arma de fogo;Masculino;21;Ensino Médio Completo;Parda
Fortaleza;AIS 16;HOMICIDIO DOLOSO;2021-07-02;13:59:59;Sexta;Arma de fogo;Masculino;23;Ensino Médio Completo;Não Informada
Chorozinho;AIS 25;HOMICIDIO DOLOSO;2021-07-02;21:00:00;Sexta;Arma de fogo;Masculino;32;Alfabetizado;Não Informada
Fortaleza;AIS 21;HOMICIDIO DOLOSO;2021-07-02;21:00:00;Sexta;Arma de fogo;Masculino;51;Não Informada;Não Informada
Sobral;AIS 03;HOMICIDIO DOLOSO;2021-07-02;21:29:59;Sexta;Arma de fogo;Feminino;17;Não Informada;Não Informada
Caucaia;AIS 26;HOMICIDIO DOLOSO;2021-07-02;22:00:00;Sexta;Arma de fogo;Masculino;24;Ensino Fundamental Incompleto;Não Informada
Caucaia;AIS 26;HOMICIDIO DOLOSO;2021-07-02;22:59:59;Sexta;Arma de fogo;Masculino;19;Ensino Médio Completo;Branca
Fortaleza;AIS 20;HOMICIDIO DOLOSO;2021-07-03;01:59:59;Sábado;Arma de fogo;Feminino;39;Ensino Fundamental Incompleto;Parda
Fortaleza;AIS 21;FEMINICÍDIO;2021-07-03;01:59:59;Sábado;Arma branca;Feminino;28;Alfabetizado;Não Informada
Cascavel;AIS 15;HOMICIDIO DOLOSO;2021-07-03;04:59:59;Sábado;Arma branca;Masculino;62;Não Informada;Não Informada
Fortaleza;AIS 05;HOMICIDIO DOLOSO;2021-07-03;11:22:00;Sábado;Outros meios;Feminino;Não Informada;Não Informada;Não Informada
Chorozinho;AIS 25;HOMICIDIO DOLOSO;2021-07-03;13:35:59;Sábado;Arma de fogo;Masculino;30;Ensino Fundamental Completo;Não Informada
Fortaleza;AIS 20;HOMICIDIO DOLOSO;2021-07-03;18:45:00;Sábado;Arma de fogo;Masculino;21;Não Informada;Não Informada
Choró;AIS 09;HOMICIDIO DOLOSO;2021-07-03;19:59:59;Sábado;Arma de fogo;Masculino;24;Ensino Fundamental Completo;Parda
Sobral;AIS 03;HOMICIDIO DOLOSO;2021-07-03;19:59:59;Sábado;Arma de fogo;Masculino;33;Alfabetizado;Parda
Jijoca de Jericoacoara;AIS 11;HOMICIDIO DOLOSO;2021-07-03;20:40:00;Sábado;Arma de fogo;Feminino;50;Alfabetizado;Não Informada
Parambu;AIS 13;LESAO CORPORAL SEGUIDA DE MORTE;2021-07-03;21:00:00;Sábado;Outros meios;Masculino;26;Não Alfabetizado;Parda
Fortaleza;AIS 21;HOMICIDIO DOLOSO;2021-07-03;23:04:00;Sábado;Arma de fogo;Masculino;24;Alfabetizado;Não Informada
Sobral;AIS 03;HOMICIDIO DOLOSO;2021-07-04;02:09:00;Domingo;Arma de fogo;Masculino;24;Alfabetizado;Branca
Sobral;AIS 03;HOMICIDIO DOLOSO;2021-07-04;04:30:00;Domingo;Arma de fogo;Masculino;32;Ensino Médio Completo;Não Informada
Guaraciaba do Norte;AIS 27;HOMICIDIO DOLOSO;2021-07-04;07:59:59;Domingo;Arma de fogo;Masculino;16;Ensino Fundamental Incompleto;Não Informada
Caucaia;AIS 12;HOMICIDIO DOLOSO;2021-07-04;09:29:59;Domingo;Arma branca;Masculino;39;Alfabetizado;Não Informada
Caucaia;AIS 12;HOMICIDIO DOLOSO;2021-07-04;10:59:59;Domingo;Arma de fogo;Masculino;32;Alfabetizado;Parda
Madalena;AIS 04;HOMICIDIO DOLOSO;2021-07-04;16:00:00;Domingo;Outros meios;Feminino;25;Ensino Médio Completo;Parda
Caucaia;AIS 12;HOMICIDIO DOLOSO;2021-07-04;16:49:59;Domingo;Arma de fogo;Masculino;40;Ensino Fundamental Completo;Parda
Fortaleza;AIS 16;HOMICIDIO DOLOSO;2021-07-04;17:13:59;Domingo;Arma de fogo;Masculino;23;Alfabetizado;Não Informada
Maranguape;AIS 24;HOMICIDIO DOLOSO;2021-07-04;17:44:59;Domingo;Arma de fogo;Masculino;18;Ensino Médio Incompleto;Não Informada
Aracati;AIS 30;HOMICIDIO DOLOSO;2021-07-04;18:00:00;Domingo;Arma de fogo;Masculino;27;Alfabetizado;Não Informada
Horizonte;AIS 25;HOMICIDIO DOLOSO;2021-07-04;18:19:59;Domingo;Arma de fogo;Masculino;25;Não Informada;Não Informada
Limoeiro do Norte;AIS 01;HOMICIDIO DOLOSO;2021-07-04;23:50:00;Domingo;Arma de fogo;Masculino;37;Ensino Fundamental Incompleto;Não Informada
Caucaia;AIS 12;HOMICIDIO DOLOSO;2021-07-05;00:08:00;Segunda;Arma de fogo;Masculino;25;Ensino Fundamental Incompleto;Branca
Parambu;AIS 13;HOMICIDIO DOLOSO;2021-07-05;00:29:59;Segunda;Arma de fogo;Masculino;24;Ensino Fundamental Completo;Branca
Maranguape;AIS 24;HOMICIDIO DOLOSO;2021-07-05;06:19:59;Segunda;Outros meios;Masculino;18;Ensino Fundamental Incompleto;Parda
Jaguaruana;AIS 01;HOMICIDIO DOLOSO;2021-07-05;18:29:59;Segunda;Arma de fogo;Masculino;49;Ensino Médio Completo;Não Informada
Paraipaba;AIS 23;HOMICIDIO DOLOSO;2021-07-05;21:45:00;Segunda;Arma de fogo;Masculino;18;Alfabetizado;Parda
Fortaleza;AIS 05;HOMICIDIO DOLOSO;2021-07-06;03:00:00;Terça;Outros meios;Feminino;17;Ensino Médio Incompleto;Não Informada
Pentecoste;AIS 11;HOMICIDIO DOLOSO;2021-07-06;04:30:00;Terça;Arma de fogo;Masculino;31;Alfabetizado;Parda
Fortaleza;AIS 19;HOMICIDIO DOLOSO;2021-07-06;06:19:59;Terça;Arma de fogo;Masculino;23;Alfabetizado;Parda
Caucaia;AIS 12;HOMICIDIO DOLOSO;2021-07-06;12:00:00;Terça;Arma de fogo;Masculino;16;Ensino Fundamental Incompleto;Não Informada
Iguatu;AIS 10;HOMICIDIO DOLOSO;2021-07-06;15:30:00;Terça;Arma de fogo;Masculino;23;Ensino Fundamental Completo;Não Informada
Redenção;AIS 29;HOMICIDIO DOLOSO;2021-07-06;16:00:00;Terça;Arma de fogo;Masculino;39;Alfabetizado;Não Informada
Caucaia;AIS 12;HOMICIDIO DOLOSO;2021-07-06;16:59:59;Terça;Arma de fogo;Masculino;22;Alfabetizado;Não Informada
Sobral;AIS 03;HOMICIDIO DOLOSO;2021-07-06;18:00:00;Terça;Arma de fogo;Feminino;24;Não Informada;Não Informada
Fortaleza;AIS 16;HOMICIDIO DOLOSO;2021-07-06;18:52:00;Terça;Arma de fogo;Masculino;24;Ensino Médio Incompleto;Não Informada
Fortaleza;AIS 06;HOMICIDIO DOLOSO;2021-07-06;21:52:00;Terça;Arma de fogo;Masculino;17;Alfabetizado;Não Informada
Fortaleza;AIS 08;HOMICIDIO DOLOSO;2021-07-06;22:39:00;Terça;Arma de fogo;Masculino;18;Alfabetizado;Não Informada
Fortaleza;AIS 16;HOMICIDIO DOLOSO;2021-07-07;07:34:59;Quarta;Arma de fogo;Masculino;24;Ensino Fundamental Completo;Não Informada
Caucaia;AIS 26;HOMICIDIO DOLOSO;2021-07-07;07:49:59;Quarta;Arma de fogo;Masculino;19;Alfabetizado;Não Informada
Forquilha;AIS 03;HOMICIDIO DOLOSO;2021-07-07;09:00:00;Quarta;Arma de fogo;Masculino;32;Alfabetizado;Não Informada
Maracanaú;AIS 14;HOMICIDIO DOLOSO;2021-07-07;15:35:00;Quarta;Arma de fogo;Masculino;30;Não Alfabetizado;Parda
Juazeiro do Norte;AIS 02;HOMICIDIO DOLOSO;2021-07-07;19:30:00;Quarta;Arma de fogo;Masculino;23;Alfabetizado;Não Informada
Caridade;AIS 04;HOMICIDIO DOLOSO;2021-07-07;19:59:59;Quarta;Arma de fogo;Masculino;18;Ensino Médio Incompleto;Não Informada
Fortaleza;AIS 22;HOMICIDIO DOLOSO;2021-07-07;21:29:59;Quarta;Outros meios;Masculino;25;Ensino Médio Incompleto;Parda
Crato;AIS 02;HOMICIDIO DOLOSO;2021-07-08;04:40:00;Quinta;Arma branca;Masculino;28;Ensino Médio Completo;Não Informada
Juazeiro do Norte;AIS 02;HOMICIDIO DOLOSO;2021-07-08;07:00:00;Quinta;Arma de fogo;Masculino;54;Ensino Médio Completo;Não Informada
Ipu;AIS 07;HOMICIDIO DOLOSO;2021-07-08;10:00:00;Quinta;Outros meios;Feminino;33;Ensino Médio Incompleto;Parda
Fortaleza;AIS 05;HOMICIDIO DOLOSO;2021-07-08;10:11:59;Quinta;Arma de fogo;Masculino;31;Ensino Médio Incompleto;Não Informada
Aracati;AIS 30;HOMICIDIO DOLOSO;2021-07-08;13:59:59;Quinta;Arma de fogo;Masculino;23;Alfabetizado;Não Informada
Ibiapina;AIS 27;HOMICIDIO DOLOSO;2021-07-08;21:00:00;Quinta;Arma de fogo;Masculino;17;Alfabetizado;Não Informada
Sobral;AIS 03;HOMICIDIO DOLOSO;2021-07-08;21:29:59;Quinta;Arma de fogo;Masculino;31;Não Alfabetizado;Não Informada
Fortaleza;AIS 16;HOMICIDIO DOLOSO;2021-07-09;00:03:00;Sexta;Arma de fogo;Masculino;19;Ensino Fundamental Completo;Não Informada
Fortaleza;AIS 17;HOMICIDIO DOLOSO;2021-07-09;03:00:00;Sexta;Arma de fogo;Feminino;37;Ensino Fundamental Completo;Não Informada
Morada Nova;AIS 09;HOMICIDIO DOLOSO;2021-07-09;09:00:00;Sexta;Arma branca;Masculino;Não Informada;Não Informada;Não Informada
Pacajus;AIS 25;HOMICIDIO DOLOSO;2021-07-09;10:14:59;Sexta;Outros meios;Feminino;18;Ensino Médio Incompleto;Não Informada
Sobral;AIS 03;ROUBO SEGUIDO DE MORTE (LATROCINIO);2021-07-09;10:20:00;Sexta;Arma de fogo;Masculino;33;Ensino Médio Completo;Parda
Quixelô;AIS 10;HOMICIDIO DOLOSO;2021-07-09;10:59:59;Sexta;Arma de fogo;Masculino;55;Alfabetizado;Não Informada
Fortaleza;AIS 19;HOMICIDIO DOLOSO;2021-07-09;14:00:00;Sexta;Outros meios;Masculino;17;Ensino Fundamental Incompleto;Não Informada
Maracanaú;AIS 14;HOMICIDIO DOLOSO;2021-07-09;14:15:00;Sexta;Outros meios;Masculino;75;Ensino Médio Completo;Não Informada
Guaiúba;AIS 24;HOMICIDIO DOLOSO;2021-07-09;15:35:00;Sexta;Outros meios;Feminino;Não Informada;Não Informada;Não Informada
Itatira;AIS 04;HOMICIDIO DOLOSO;2021-07-09;16:30:00;Sexta;Arma de fogo;Masculino;18;Alfabetizado;Parda
Fortaleza;AIS 16;HOMICIDIO DOLOSO;2021-07-09;17:54:00;Sexta;Arma de fogo;Masculino;27;Alfabetizado;Parda
Juazeiro do Norte;AIS 02;HOMICIDIO DOLOSO;2021-07-09;19:00:00;Sexta;Arma de fogo;Masculino;57;Alfabetizado;Não Informada
Fortaleza;AIS 22;HOMICIDIO DOLOSO;2021-07-09;20:00:00;Sexta;Arma de fogo;Masculino;34;Ensino Fundamental Incompleto;Parda
Russas;AIS 01;HOMICIDIO DOLOSO;2021-07-09;20:19:59;Sexta;Arma de fogo;Feminino;15;Ensino Fundamental Incompleto;Branca
Fortaleza;AIS 21;HOMICIDIO DOLOSO;2021-07-09;20:43:00;Sexta;Arma de fogo;Masculino;25;Ensino Fundamental Completo;Não Informada
Caucaia;AIS 12;HOMICIDIO DOLOSO;2021-07-09;21:30:00;Sexta;Arma de fogo;Masculino;30;Alfabetizado;Parda
Cariré;AIS 03;HOMICIDIO DOLOSO;2021-07-10;01:34:59;Sábado;Arma de fogo;Masculino;22;Alfabetizado;Não Informada
Morada Nova;AIS 09;HOMICIDIO DOLOSO;2021-07-10;01:59:59;Sábado;Outros meios;Feminino;40;Ensino Médio Completo;Não Informada
Horizonte;AIS 25;HOMICIDIO DOLOSO;2021-07-10;03:30:00;Sábado;Arma branca;Masculino;32;Alfabetizado;Não Informada
Fortaleza;AIS 19;HOMICIDIO DOLOSO;2021-07-10;16:00:00;Sábado;Arma de fogo;Masculino;18;Não Informada;Não Informada
Fortaleza;AIS 16;HOMICIDIO DOLOSO;2021-07-10;17:30:00;Sábado;Arma de fogo;Masculino;34;Ensino Fundamental Incompleto;Não Informada
Tianguá;AIS 27;HOMICIDIO DOLOSO;2021-07-10;18:00:00;Sábado;Arma de fogo;Masculino;31;Alfabetizado;Parda
Limoeiro do Norte;AIS 01;HOMICIDIO DOLOSO;2021-07-10;19:30:00;Sábado;Arma de fogo;Masculino;16;Ensino Fundamental Incompleto;Não Informada
Fortaleza;AIS 16;HOMICIDIO DOLOSO;2021-07-10;19:56:59;Sábado;Arma de fogo;Masculino;37;Ensino Fundamental Completo;Não Informada
Ibiapina;AIS 27;HOMICIDIO DOLOSO;2021-07-10;22:00:00;Sábado;Arma de fogo;Masculino;19;Alfabetizado;Parda
Caucaia;AIS 26;HOMICIDIO DOLOSO;2021-07-11;01:59:59;Domingo;Arma de fogo;Masculino;16;Alfabetizado;Não Informada
Juazeiro do Norte;AIS 02;HOMICIDIO DOLOSO;2021-07-11;05:10:00;Domingo;Arma de fogo;Masculino;22;Alfabetizado;Não Informada
Fortaleza;AIS 22;HOMICIDIO DOLOSO;2021-07-11;13:28:00;Domingo;Arma de fogo;Masculino;24;Ensino Fundamental Incompleto;Parda
Fortaleza;AIS 21;HOMICIDIO DOLOSO;2021-07-11;15:34:00;Domingo;Arma de fogo;Masculino;48;Ensino Médio Incompleto;Não Informada
Fortaleza;AIS 21;HOMICIDIO DOLOSO;2021-07-11;15:55:00;Domingo;Arma de fogo;Masculino;30;Alfabetizado;Não Informada
Eusébio;AIS 15;HOMICIDIO DOLOSO;2021-07-11;17:12:00;Domingo;Arma de fogo;Masculino;32;Ensino Médio Completo;Não Informada
Sobral;AIS 03;HOMICIDIO DOLOSO;2021-07-11;17:19:59;Domingo;Arma de fogo;Masculino;29;Alfabetizado;Parda
Massapê;AIS 03;HOMICIDIO DOLOSO;2021-07-11;23:30:00;Domingo;Arma de fogo;Masculino;27;Não Informada;Não Informada
Caucaia;AIS 26;HOMICIDIO DOLOSO;2021-07-12;03:29:59;Segunda;Arma de fogo;Masculino;19;Alfabetizado;Não Informada
São Benedito;AIS 27;HOMICIDIO DOLOSO;2021-07-12;12:00:00;Segunda;Arma branca;Masculino;68;Alfabetizado;Não Informada
Guaiúba;AIS 24;LESAO CORPORAL SEGUIDA DE MORTE;2021-07-12;15:29:59;Segunda;Arma branca;Masculino;62;Ensino Médio Completo;Não Informada
Fortaleza;AIS 21;HOMICIDIO DOLOSO;2021-07-12;16:51:59;Segunda;Arma de fogo;Masculino;32;Ensino Fundamental Completo;Não Informada
Fortaleza;AIS 18;HOMICIDIO DOLOSO;2021-07-12;18:16:00;Segunda;Arma de fogo;Masculino;37;Ensino Médio Completo;Não Informada
Fortaleza;AIS 20;HOMICIDIO DOLOSO;2021-07-12;18:29:59;Segunda;Arma de fogo;Masculino;32;Ensino Fundamental Completo;Não Informada
Fortaleza;AIS 05;HOMICIDIO DOLOSO;2021-07-12;19:00:00;Segunda;Arma de fogo;Masculino;25;Alfabetizado;Parda
Fortaleza;AIS 17;HOMICIDIO DOLOSO;2021-07-12;20:23:00;Segunda;Arma de fogo;Masculino;21;Ensino Médio Incompleto;Não Informada
Caucaia;AIS 26;HOMICIDIO DOLOSO;2021-07-12;21:19:59;Segunda;Arma de fogo;Masculino;29;Alfabetizado;Não Informada
Redenção;AIS 29;HOMICIDIO DOLOSO;2021-07-13;10:00:00;Terça;Arma de fogo;Masculino;40;Ensino Fundamental Completo;Não Informada
Novo Oriente;AIS 07;HOMICIDIO DOLOSO;2021-07-13;13:00:00;Terça;Arma branca;Masculino;41;Ensino Fundamental Incompleto;Não Informada
Fortaleza;AIS 20;HOMICIDIO DOLOSO;2021-07-13;13:45:00;Terça;Arma de fogo;Masculino;27;Ensino Fundamental Completo;Parda
Beberibe;AIS 30;HOMICIDIO DOLOSO;2021-07-13;15:29:59;Terça;Arma de fogo;Masculino;26;Ensino Médio Completo;Não Informada
Pacatuba;AIS 24;HOMICIDIO DOLOSO;2021-07-13;19:59:59;Terça;Arma de fogo;Masculino;29;Alfabetizado;Parda
Pacatuba;AIS 24;HOMICIDIO DOLOSO;2021-07-13;19:59:59;Terça;Arma de fogo;Feminino;15;Não Informada;Não Informada
Senador Sá;AIS 03;HOMICIDIO DOLOSO;2021-07-13;21:40:00;Terça;Arma de fogo;Masculino;43;Alfabetizado;Não Informada
Santana do Acaraú;AIS 03;HOMICIDIO DOLOSO;2021-07-13;22:30:00;Terça;Arma de fogo;Masculino;22;Ensino Fundamental Incompleto;Não Informada
Santana do Acaraú;AIS 03;HOMICIDIO DOLOSO;2021-07-13;22:30:00;Terça;Arma de fogo;Masculino;23;Ensino Médio Completo;Não Informada
Pacajus;AIS 25;HOMICIDIO DOLOSO;2021-07-14;00:29:59;Quarta;Arma de fogo;Feminino;18;Ensino Médio Incompleto;Não Informada
Pacajus;AIS 25;HOMICIDIO DOLOSO;2021-07-14;00:29:59;Quarta;Arma de fogo;Feminino;18;Ensino Médio Incompleto;Não Informada
Apuiarés;AIS 11;HOMICIDIO DOLOSO;2021-07-14;01:59:59;Quarta;Arma de fogo;Masculino;30;Alfabetizado;Não Informada
Caucaia;AIS 26;HOMICIDIO DOLOSO;2021-07-14;07:20:59;Quarta;Arma de fogo;Feminino;27;Ensino Fundamental Incompleto;Não Informada
Jijoca de Jericoacoara;AIS 11;HOMICIDIO DOLOSO;2021-07-14;08:15:00;Quarta;Arma de fogo;Masculino;19;Não Informada;Branca
Caucaia;AIS 12;HOMICIDIO DOLOSO;2021-07-14;13:00:00;Quarta;Arma branca;Masculino;14;Alfabetizado;Não Informada
Caucaia;AIS 12;HOMICIDIO DOLOSO;2021-07-14;13:30:00;Quarta;Arma de fogo;Masculino;39;Ensino Fundamental Incompleto;Não Informada
Limoeiro do Norte;AIS 01;HOMICIDIO DOLOSO;2021-07-14;16:00:00;Quarta;Arma de fogo;Feminino;21;Ensino Fundamental Completo;Não Informada
Aquiraz;AIS 15;HOMICIDIO DOLOSO;2021-07-14;17:32:00;Quarta;Arma branca;Masculino;67;Não Informada;Não Informada
Jaguaruana;AIS 01;HOMICIDIO DOLOSO;2021-07-14;19:00:00;Quarta;Arma de fogo;Masculino;19;Ensino Médio Incompleto;Não Informada
Massapê;AIS 03;HOMICIDIO DOLOSO;2021-07-14;22:00:00;Quarta;Arma de fogo;Masculino;25;Alfabetizado;Parda
Choró;AIS 09;HOMICIDIO DOLOSO;2021-07-15;00:00:00;Quinta;Arma de fogo;Masculino;19;Alfabetizado;Não Informada
Cascavel;AIS 15;HOMICIDIO DOLOSO;2021-07-15;05:30:00;Quinta;Arma branca;Masculino;48;Alfabetizado;Não Informada
Fortaleza;AIS 16;HOMICIDIO DOLOSO;2021-07-15;08:48:00;Quinta;Arma de fogo;Masculino;34;Ensino Fundamental Incompleto;Não Informada
Poranga;AIS 07;HOMICIDIO DOLOSO;2021-07-15;16:30:00;Quinta;Arma de fogo;Masculino;30;Alfabetizado;Não Informada
Fortaleza;AIS 19;HOMICIDIO DOLOSO;2021-07-15;16:49:59;Quinta;Arma de fogo;Masculino;33;Alfabetizado;Não Informada
Caridade;AIS 04;HOMICIDIO DOLOSO;2021-07-15;17:30:00;Quinta;Arma de fogo;Feminino;32;Ensino Fundamental Incompleto;Não Informada
Maracanaú;AIS 14;HOMICIDIO DOLOSO;2021-07-15;19:30:00;Quinta;Arma de fogo;Masculino;35;Alfabetizado;Não Informada
Uruburetama;AIS 11;HOMICIDIO DOLOSO;2021-07-15;21:00:00;Quinta;Arma de fogo;Masculino;19;Ensino Médio Incompleto;Não Informada
Fortaleza;AIS 18;HOMICIDIO DOLOSO;2021-07-15;21:16:00;Quinta;Arma de fogo;Feminino;29;Alfabetizado;Não Informada
Santa Quitéria;AIS 07;HOMICIDIO DOLOSO;2021-07-16;02:30:00;Sexta;Arma de fogo;Masculino;34;Ensino Médio Completo;Parda
Fortaleza;AIS 18;HOMICIDIO DOLOSO;2021-07-16;11:50:00;Sexta;Arma de fogo;Masculino;70;Ensino Fundamental Completo;Não Informada
Beberibe;AIS 30;HOMICIDIO DOLOSO;2021-07-16;13:00:00;Sexta;Arma de fogo;Feminino;57;Alfabetizado;Não Informada
Fortaleza;AIS 17;HOMICIDIO DOLOSO;2021-07-16;18:50:59;Sexta;Arma de fogo;Masculino;32;Não Informada;Parda
Fortaleza;AIS 05;HOMICIDIO DOLOSO;2021-07-16;19:59:59;Sexta;Arma de fogo;Masculino;22;Alfabetizado;Não Informada
Caucaia;AIS 12;HOMICIDIO DOLOSO;2021-07-16;21:00:00;Sexta;Arma de fogo;Feminino;21;Alfabetizado;Não Informada
Caucaia;AIS 12;HOMICIDIO DOLOSO;2021-07-16;21:00:00;Sexta;Arma de fogo;Feminino;19;Ensino Médio Completo;Não Informada
Aquiraz;AIS 15;HOMICIDIO DOLOSO;2021-07-16;21:29:59;Sexta;Arma de fogo;Masculino;21;Alfabetizado;Não Informada
Ocara;AIS 29;HOMICIDIO DOLOSO;2021-07-17;08:30:00;Sábado;Arma de fogo;Masculino;18;Não Informada;Não Informada
Caucaia;AIS Não Identificada (Caucaia);HOMICIDIO DOLOSO;2021-07-17;10:11:00;Sábado;Arma branca;Masculino;Não Informada;Não Informada;Não Informada
Sobral;AIS 03;HOMICIDIO DOLOSO;2021-07-17;11:19:59;Sábado;Arma de fogo;Masculino;25;Ensino Fundamental Incompleto;Não Informada
São Gonçalo do Amarante;AIS 23;HOMICIDIO DOLOSO;2021-07-17;12:00:00;Sábado;Arma branca;Masculino;26;Ensino Fundamental Incompleto;Não Informada
Jaguaruana;AIS 01;HOMICIDIO DOLOSO;2021-07-17;16:59:59;Sábado;Arma branca;Masculino;38;Ensino Médio Completo;Não Informada
Maracanaú;AIS 14;HOMICIDIO DOLOSO;2021-07-17;22:59:59;Sábado;Arma de fogo;Masculino;38;Não Alfabetizado;Não Informada
Maracanaú;AIS 14;HOMICIDIO DOLOSO;2021-07-17;23:19:59;Sábado;Arma de fogo;Masculino;23;Ensino Fundamental Incompleto;Não Informada
Eusébio;AIS 15;HOMICIDIO DOLOSO;2021-07-18;00:24:00;Domingo;Arma de fogo;Masculino;38;Não Alfabetizado;Parda
Jijoca de Jericoacoara;AIS 11;HOMICIDIO DOLOSO;2021-07-18;21:30:00;Domingo;Arma de fogo;Masculino;26;Ensino Médio Completo;Parda
Itaitinga;AIS 25;HOMICIDIO DOLOSO;2021-07-19;07:41:00;Segunda;Arma de fogo;Masculino;65;Alfabetizado;Não Informada
Fortaleza;AIS 21;HOMICIDIO DOLOSO;2021-07-19;11:34:59;Segunda;Arma de fogo;Masculino;34;Ensino Fundamental Incompleto;Não Informada
Itapipoca;AIS 11;HOMICIDIO DOLOSO;2021-07-19;12:29:59;Segunda;Arma branca;Masculino;56;Não Alfabetizado;Não Informada
Fortaleza;AIS 22;HOMICIDIO DOLOSO;2021-07-19;13:49:59;Segunda;Arma de fogo;Masculino;40;Ensino Fundamental Incompleto;Não Informada
Maracanaú;AIS 14;HOMICIDIO DOLOSO;2021-07-19;18:08:00;Segunda;Arma de fogo;Masculino;53;Alfabetizado;Não Informada
Juazeiro do Norte;AIS 02;HOMICIDIO DOLOSO;2021-07-19;19:49:59;Segunda;Arma de fogo;Masculino;39;Ensino Médio Completo;Parda
Choró;AIS 09;HOMICIDIO DOLOSO;2021-07-19;21:00:00;Segunda;Arma de fogo;Masculino;20;Alfabetizado;Não Informada
Maranguape;AIS 24;FEMINICÍDIO;2021-07-20;17:30:00;Terça;Arma branca;Feminino;48;Ensino Fundamental Incompleto;Parda
Ibiapina;AIS 27;HOMICIDIO DOLOSO;2021-07-20;18:35:00;Terça;Arma de fogo;Masculino;20;Alfabetizado;Não Informada
Palhano;AIS 30;HOMICIDIO DOLOSO;2021-07-20;19:00:00;Terça;Arma de fogo;Feminino;52;Ensino Fundamental Completo;Não Informada
Maranguape;AIS 24;HOMICIDIO DOLOSO;2021-07-20;19:47:00;Terça;Arma de fogo;Feminino;36;Ensino Fundamental Incompleto;Parda
Orós;AIS 34;HOMICIDIO DOLOSO;2021-07-20;19:59:59;Terça;Arma de fogo;Masculino;76;Alfabetizado;Parda
Sobral;AIS 03;HOMICIDIO DOLOSO;2021-07-20;20:19:59;Terça;Arma de fogo;Masculino;17;Alfabetizado;Não Informada
Sobral;AIS 03;HOMICIDIO DOLOSO;2021-07-20;21:18:00;Terça;Arma de fogo;Masculino;20;Alfabetizado;Parda
Iguatu;AIS 10;HOMICIDIO DOLOSO;2021-07-20;22:59:59;Terça;Arma de fogo;Masculino;22;Ensino Fundamental Completo;Não Informada
Fortaleza;AIS 18;HOMICIDIO DOLOSO;2021-07-20;23:49:00;Terça;Arma de fogo;Masculino;Não Informada;Não Informada;Não Informada
Maracanaú;AIS 14;HOMICIDIO DOLOSO;2021-07-21;18:09:00;Quarta;Arma de fogo;Masculino;48;Alfabetizado;Não Informada
Fortaleza;AIS 17;HOMICIDIO DOLOSO;2021-07-21;19:19:00;Quarta;Arma de fogo;Masculino;36;Ensino Médio Completo;Parda
Quixeramobim;AIS 09;HOMICIDIO DOLOSO;2021-07-21;19:59:59;Quarta;Arma de fogo;Masculino;29;Ensino Fundamental Incompleto;Não Informada
Alto Santo;AIS 31;HOMICIDIO DOLOSO;2021-07-21;20:19:59;Quarta;Arma de fogo;Masculino;29;Ensino Médio Completo;Parda
Fortaleza;AIS 19;HOMICIDIO DOLOSO;2021-07-21;22:35:59;Quarta;Arma de fogo;Masculino;59;Ensino Fundamental Incompleto;Não Informada
Fortaleza;AIS 20;HOMICIDIO DOLOSO;2021-07-22;10:59:59;Quinta;Arma de fogo;Masculino;23;Ensino Fundamental Incompleto;Parda
Sobral;AIS 03;HOMICIDIO DOLOSO;2021-07-22;22:00:00;Quinta;Arma de fogo;Masculino;27;Ensino Fundamental Completo;Não Informada
Juazeiro do Norte;AIS 02;HOMICIDIO DOLOSO;2021-07-22;22:59:59;Quinta;Arma de fogo;Masculino;21;Alfabetizado;Parda
Cascavel;AIS 15;HOMICIDIO DOLOSO;2021-07-23;00:01:00;Sexta;Arma de fogo;Masculino;55;Não Informada;Não Informada
Aquiraz;AIS 15;HOMICIDIO DOLOSO;2021-07-23;01:25:00;Sexta;Arma de fogo;Masculino;40;Não Informada;Não Informada
Aracoiaba;AIS 29;HOMICIDIO DOLOSO;2021-07-23;02:19:59;Sexta;Arma de fogo;Masculino;20;Ensino Médio Incompleto;Não Informada
Fortaleza;AIS 21;HOMICIDIO DOLOSO;2021-07-23;06:40:00;Sexta;Arma branca;Masculino;Não Informada;Não Informada;Não Informada
Pacajus;AIS 25;HOMICIDIO DOLOSO;2021-07-23;06:43:00;Sexta;Arma de fogo;Masculino;19;Ensino Médio Incompleto;Não Informada
Juazeiro do Norte;AIS 02;HOMICIDIO DOLOSO;2021-07-23;07:49:59;Sexta;Arma de fogo;Masculino;29;Alfabetizado;Não Informada
Fortaleza;AIS 05;HOMICIDIO DOLOSO;2021-07-23;13:40:00;Sexta;Arma de fogo;Masculino;20;Ensino Fundamental Completo;Não Informada
São João do Jaguaribe;AIS 01;HOMICIDIO DOLOSO;2021-07-23;18:00:00;Sexta;Arma de fogo;Masculino;59;Não Alfabetizado;Parda
São Benedito;AIS 27;LESAO CORPORAL SEGUIDA DE MORTE;2021-07-23;19:00:00;Sexta;Outros meios;Masculino;42;Alfabetizado;Não Informada
Caucaia;AIS 26;HOMICIDIO DOLOSO;2021-07-23;19:56:00;Sexta;Arma de fogo;Masculino;25;Alfabetizado;Parda
Canindé;AIS 04;HOMICIDIO DOLOSO;2021-07-23;20:10:00;Sexta;Arma de fogo;Feminino;45;Não Alfabetizado;Não Informada
Monsenhor Tabosa;AIS 07;HOMICIDIO DOLOSO;2021-07-23;20:19:59;Sexta;Arma de fogo;Masculino;34;Não Informada;Não Informada
Caucaia;AIS 12;HOMICIDIO DOLOSO;2021-07-23;21:49:59;Sexta;Arma de fogo;Masculino;36;Ensino Fundamental Incompleto;Não Informada
Sobral;AIS 03;HOMICIDIO DOLOSO;2021-07-24;00:29:59;Sábado;Arma de fogo;Masculino;20;Não Alfabetizado;Não Informada
Fortaleza;AIS 16;HOMICIDIO DOLOSO;2021-07-24;02:19:59;Sábado;Arma de fogo;Masculino;27;Ensino Fundamental Incompleto;Não Informada
Quixadá;AIS 09;HOMICIDIO DOLOSO;2021-07-24;02:30:00;Sábado;Arma branca;Masculino;60;Alfabetizado;Não Informada
Fortaleza;AIS 18;HOMICIDIO DOLOSO;2021-07-24;04:30:00;Sábado;Arma de fogo;Masculino;26;Alfabetizado;Não Informada
Jaguaretama;AIS 09;HOMICIDIO DOLOSO;2021-07-24;04:40:00;Sábado;Arma de fogo;Masculino;44;Alfabetizado;Parda
Palmácia;AIS 29;HOMICIDIO DOLOSO;2021-07-24;07:00:00;Sábado;Arma branca;Masculino;Não Informada;Não Informada;Não Informada
Sobral;AIS 03;HOMICIDIO DOLOSO;2021-07-24;08:40:00;Sábado;Arma de fogo;Masculino;48;Alfabetizado;Não Informada
Sobral;AIS 03;HOMICIDIO DOLOSO;2021-07-24;12:29:59;Sábado;Arma de fogo;Masculino;24;Alfabetizado;Parda
Fortaleza;AIS 05;HOMICIDIO DOLOSO;2021-07-24;16:27:00;Sábado;Arma de fogo;Masculino;Não Informada;Não Informada;Não Informada
Jucás;AIS 10;HOMICIDIO DOLOSO;2021-07-24;21:47:00;Sábado;Arma de fogo;Masculino;23;Ensino Fundamental Incompleto;Não Informada
Fortaleza;AIS 16;HOMICIDIO DOLOSO;2021-07-24;22:56:59;Sábado;Outros meios;Masculino;26;Alfabetizado;Não Informada
Guaiúba;AIS 24;HOMICIDIO DOLOSO;2021-07-24;22:59:59;Sábado;Arma de fogo;Masculino;33;Alfabetizado;Preta
Fortaleza;AIS 19;HOMICIDIO DOLOSO;2021-07-25;01:30:00;Domingo;Arma de fogo;Masculino;19;Não Informada;Não Informada
Icapuí;AIS 30;HOMICIDIO DOLOSO;2021-07-25;02:30:00;Domingo;Arma de fogo;Masculino;32;Não Alfabetizado;Parda
Fortaleza;AIS 06;HOMICIDIO DOLOSO;2021-07-25;03:36:59;Domingo;Arma de fogo;Masculino;28;Não Informada;Não Informada
Barreira;AIS 29;HOMICIDIO DOLOSO;2021-07-25;07:59:59;Domingo;Outros meios;Masculino;24;Ensino Fundamental Incompleto;Branca
Fortaleza;AIS 19;HOMICIDIO DOLOSO;2021-07-25;15:38:00;Domingo;Arma de fogo;Masculino;16;Não Informada;Não Informada
Maracanaú;AIS 14;HOMICIDIO DOLOSO;2021-07-25;19:49:59;Domingo;Arma de fogo;Masculino;25;Alfabetizado;Não Informada
Poranga;AIS 07;HOMICIDIO DOLOSO;2021-07-25;19:49:59;Domingo;Outros meios;Masculino;32;Não Informada;Não Informada
Nova Olinda;AIS 02;HOMICIDIO DOLOSO;2021-07-25;21:00:00;Domingo;Outros meios;Masculino;41;Alfabetizado;Preta
Caucaia;AIS 12;HOMICIDIO DOLOSO;2021-07-26;00:29:59;Segunda;Arma de fogo;Masculino;18;Ensino Fundamental Incompleto;Não Informada
Fortaleza;AIS 18;HOMICIDIO DOLOSO;2021-07-26;04:30:00;Segunda;Arma de fogo;Masculino;35;Ensino Fundamental Incompleto;Não Informada
Maracanaú;AIS 14;HOMICIDIO DOLOSO;2021-07-26;10:30:00;Segunda;Arma de fogo;Masculino;42;Ensino Fundamental Incompleto;Não Informada
Juazeiro do Norte;AIS 02;HOMICIDIO DOLOSO;2021-07-26;13:30:00;Segunda;Arma de fogo;Masculino;24;Superior Incompleto;Não Informada
Caucaia;AIS 12;HOMICIDIO DOLOSO;2021-07-26;18:40:00;Segunda;Arma de fogo;Masculino;40;Ensino Fundamental Incompleto;Parda
Fortaleza;AIS 16;LESAO CORPORAL SEGUIDA DE MORTE;2021-07-26;20:44:00;Segunda;Outros meios;Masculino;Não Informada;Não Informada;Não Informada
Maracanaú;AIS 14;HOMICIDIO DOLOSO;2021-07-26;21:29:59;Segunda;Arma de fogo;Masculino;22;Ensino Fundamental Completo;Não Informada
Aquiraz;AIS 15;HOMICIDIO DOLOSO;2021-07-27;01:00:00;Terça;Arma de fogo;Masculino;42;Ensino Fundamental Completo;Não Informada
Caucaia;AIS 12;HOMICIDIO DOLOSO;2021-07-27;08:47:00;Terça;Arma branca;Masculino;Não Informada;Não Informada;Parda
Granja;AIS 28;HOMICIDIO DOLOSO;2021-07-27;13:59:59;Terça;Outros meios;Feminino;17;Alfabetizado;Não Informada
Iguatu;AIS 10;HOMICIDIO DOLOSO;2021-07-27;21:15:00;Terça;Outros meios;Masculino;23;Alfabetizado;Não Informada
Fortaleza;AIS 18;HOMICIDIO DOLOSO;2021-07-28;08:40:00;Quarta;Arma de fogo;Masculino;19;Ensino Médio Incompleto;Não Informada
Fortaleza;AIS 17;HOMICIDIO DOLOSO;2021-07-28;11:23:00;Quarta;Arma de fogo;Masculino;43;Não Alfabetizado;Não Informada
Aquiraz;AIS 15;HOMICIDIO DOLOSO;2021-07-28;11:41:00;Quarta;Outros meios;Masculino;19;Ensino Fundamental Incompleto;Não Informada
Marco;AIS 11;HOMICIDIO DOLOSO;2021-07-28;18:29:59;Quarta;Arma de fogo;Masculino;40;Alfabetizado;Não Informada
Itarema;AIS 11;HOMICIDIO DOLOSO;2021-07-28;19:00:00;Quarta;Arma de fogo;Masculino;21;Alfabetizado;Não Informada
Pentecoste;AIS 11;HOMICIDIO DOLOSO;2021-07-28;19:20:00;Quarta;Arma de fogo;Masculino;21;Alfabetizado;Não Informada
Fortaleza;AIS 19;HOMICIDIO DOLOSO;2021-07-28;19:34:00;Quarta;Arma de fogo;Masculino;28;Ensino Médio Completo;Não Informada
Cascavel;AIS 15;HOMICIDIO DOLOSO;2021-07-28;20:30:00;Quarta;Arma de fogo;Masculino;37;Ensino Fundamental Completo;Não Informada
Fortaleza;AIS 19;HOMICIDIO DOLOSO;2021-07-28;21:29:59;Quarta;Arma de fogo;Masculino;43;Ensino Fundamental Incompleto;Parda
Pacatuba;AIS 24;HOMICIDIO DOLOSO;2021-07-28;21:29:59;Quarta;Arma de fogo;Masculino;35;Ensino Médio Incompleto;Parda
Tabuleiro do Norte;AIS 01;HOMICIDIO DOLOSO;2021-07-29;10:49:59;Quinta;Arma de fogo;Masculino;25;Alfabetizado;Não Informada
Caucaia;AIS 12;HOMICIDIO DOLOSO;2021-07-29;12:00:00;Quinta;Outros meios;Feminino;Não Informada;Não Informada;Não Informada
Eusébio;AIS 15;HOMICIDIO DOLOSO;2021-07-29;18:53:00;Quinta;Arma de fogo;Masculino;29;Ensino Médio Incompleto;Não Informada
Jaguaribara;AIS 31;HOMICIDIO DOLOSO;2021-07-29;19:00:00;Quinta;Arma de fogo;Masculino;53;Não Alfabetizado;Não Informada
Sobral;AIS 03;HOMICIDIO DOLOSO;2021-07-29;19:40:00;Quinta;Arma branca;Feminino;34;Ensino Médio Incompleto;Não Informada
Monsenhor Tabosa;AIS 07;HOMICIDIO DOLOSO;2021-07-29;23:44:59;Quinta;Arma de fogo;Masculino;25;Alfabetizado;Não Informada
Juazeiro do Norte;AIS 02;HOMICIDIO DOLOSO;2021-07-30;00:15:00;Sexta;Arma de fogo;Masculino;31;Ensino Fundamental Incompleto;Não Informada
Fortaleza;AIS 19;HOMICIDIO DOLOSO;2021-07-30;11:12:00;Sexta;Arma de fogo;Masculino;33;Não Informada;Branca
São João do Jaguaribe;AIS 01;HOMICIDIO DOLOSO;2021-07-30;16:00:00;Sexta;Arma de fogo;Feminino;71;Alfabetizado;Não Informada
Fortaleza;AIS 06;HOMICIDIO DOLOSO;2021-07-30;18:00:00;Sexta;Arma de fogo;Masculino;46;Alfabetizado;Parda
Juazeiro do Norte;AIS 02;HOMICIDIO DOLOSO;2021-07-31;05:12:00;Sábado;Arma de fogo;Masculino;34;Alfabetizado;Não Informada
Caucaia;AIS 12;HOMICIDIO DOLOSO;2021-07-31;11:40:00;Sábado;Arma de fogo;Masculino;31;Ensino Fundamental Completo;Parda
Fortaleza;AIS 17;HOMICIDIO DOLOSO;2021-07-31;12:39:00;Sábado;Arma de fogo;Masculino;31;Ensino Fundamental Completo;Não Informada
Fortaleza;AIS 20;HOMICIDIO DOLOSO;2021-07-31;13:59:59;Sábado;Arma de fogo;Masculino;24;Alfabetizado;Não Informada
Fortaleza;AIS 19;HOMICIDIO DOLOSO;2021-07-31;18:17:00;Sábado;Arma de fogo;Masculino;18;Ensino Fundamental Incompleto;Não Informada
Maranguape;AIS 24;HOMICIDIO DOLOSO;2021-07-31;18:30:00;Sábado;Arma de fogo;Masculino;43;Ensino Fundamental Incompleto;Não Informada
Crato;AIS 02;HOMICIDIO DOLOSO;2021-07-31;19:00:00;Sábado;Arma de fogo;Masculino;27;Alfabetizado;Não Informada
Quixadá;AIS 09;HOMICIDIO DOLOSO;2021-07-31;21:00:00;Sábado;Arma de fogo;Masculino;36;Alfabetizado;Não Informada
Fortaleza;AIS 19;HOMICIDIO DOLOSO;2021-07-31;21:00:00;Sábado;Arma de fogo;Masculino;Não Informada;Não Informada;Não Informada
Fortaleza;AIS 19;HOMICIDIO DOLOSO;2021-07-31;21:45:00;Sábado;Arma de fogo;Masculino;20;Alfabetizado;Não Informada
Solonópole;AIS 09;HOMICIDIO DOLOSO;2021-07-31;22:30:00;Sábado;Arma de fogo;Masculino;40;Alfabetizado;Não Informada
Caucaia;AIS 12;HOMICIDIO DOLOSO;2021-07-31;23:40:00;Sábado;Arma de fogo;Masculino;24;Ensino Médio Completo;Preta
Caucaia;AIS 12;HOMICIDIO DOLOSO;2021-07-31;23:40:00;Sábado;Arma de fogo;Masculino;27;Ensino Médio Incompleto;Parda
Caucaia;AIS 12;HOMICIDIO DOLOSO;2021-07-31;23:40:00;Sábado;Arma de fogo;Masculino;26;Ensino Fundamental Incompleto;Não Informada
Caucaia;AIS 12;HOMICIDIO DOLOSO;2021-07-31;23:40:00;Sábado;Arma de fogo;Masculino;27;Ensino Fundamental Incompleto;Não Informada
Caucaia;AIS 12;HOMICIDIO DOLOSO;2021-07-31;23:40:00;Sábado;Arma de fogo;Masculino;25;Ensino Fundamental Completo;Não Informada
Alto Santo;AIS 31;HOMICIDIO DOLOSO;2021-08-01;00:07:00;Domingo;Arma de fogo;Masculino;22;Ensino Fundamental Incompleto;Não Informada
Groaíras;AIS 03;HOMICIDIO DOLOSO;2021-08-01;01:00:00;Domingo;Arma de fogo;Masculino;22;Alfabetizado;Preta
Itapajé;AIS 11;HOMICIDIO DOLOSO;2021-08-01;04:00:00;Domingo;Arma branca;Masculino;19;Alfabetizado;Não Informada
Maracanaú;AIS 14;HOMICIDIO DOLOSO;2021-08-01;08:57:00;Domingo;Arma de fogo;Masculino;24;Ensino Médio Incompleto;Não Informada
Alto Santo;AIS 31;HOMICIDIO DOLOSO;2021-08-01;09:29:59;Domingo;Arma de fogo;Masculino;21;Ensino Fundamental Incompleto;Parda
Sobral;AIS 03;HOMICIDIO DOLOSO;2021-08-01;12:45:00;Domingo;Arma branca;Masculino;29;Ensino Fundamental Incompleto;Não Informada
Fortaleza;AIS 16;HOMICIDIO DOLOSO;2021-08-01;15:49:59;Domingo;Arma de fogo;Masculino;27;Ensino Fundamental Completo;Não Informada
Tabuleiro do Norte;AIS 01;HOMICIDIO DOLOSO;2021-08-01;19:30:00;Domingo;Arma de fogo;Masculino;22;Não Informada;Não Informada
Juazeiro do Norte;AIS 02;HOMICIDIO DOLOSO;2021-08-01;21:49:00;Domingo;Arma branca;Masculino;35;Ensino Fundamental Completo;Parda
Guaraciaba do Norte;AIS 27;HOMICIDIO DOLOSO;2021-08-02;03:00:00;Segunda;Arma de fogo;Feminino;39;Ensino Fundamental Completo;Não Informada
Guaraciaba do Norte;AIS 27;HOMICIDIO DOLOSO;2021-08-02;03:00:00;Segunda;Arma de fogo;Masculino;Não Informada;Alfabetizado;Não Informada
Pacajus;AIS 25;HOMICIDIO DOLOSO;2021-08-02;13:59:59;Segunda;Arma de fogo;Masculino;17;Ensino Fundamental Incompleto;Parda
Maracanaú;AIS 14;HOMICIDIO DOLOSO;2021-08-02;15:10:00;Segunda;Arma de fogo;Feminino;30;Ensino Fundamental Incompleto;Parda
Itaitinga;AIS 25;HOMICIDIO DOLOSO;2021-08-02;16:40:00;Segunda;Arma de fogo;Masculino;23;Não Alfabetizado;Não Informada
Fortaleza;AIS 16;HOMICIDIO DOLOSO;2021-08-02;17:11:00;Segunda;Arma branca;Masculino;46;Alfabetizado;Não Informada
Forquilha;AIS 03;HOMICIDIO DOLOSO;2021-08-02;21:00:00;Segunda;Arma de fogo;Masculino;21;Não Informada;Não Informada
Fortaleza;AIS 16;HOMICIDIO DOLOSO;2021-08-03;06:46:00;Terça;Arma de fogo;Masculino;19;Alfabetizado;Branca
Choró;AIS 09;HOMICIDIO DOLOSO;2021-08-03;14:19:59;Terça;Arma de fogo;Feminino;31;Ensino Fundamental Incompleto;Não Informada
Paracuru;AIS 23;HOMICIDIO DOLOSO;2021-08-03;18:29:59;Terça;Arma branca;Masculino;55;Alfabetizado;Não Informada
Aracati;AIS 30;HOMICIDIO DOLOSO;2021-08-03;21:49:59;Terça;Arma de fogo;Masculino;36;Alfabetizado;Não Informada
Aquiraz;AIS 15;HOMICIDIO DOLOSO;2021-08-04;02:30:00;Quarta;Arma de fogo;Masculino;24;Ensino Médio Incompleto;Parda
Juazeiro do Norte;AIS 02;HOMICIDIO DOLOSO;2021-08-04;08:50:00;Quarta;Arma de fogo;Masculino;45;Ensino Fundamental Completo;Parda
Beberibe;AIS 30;HOMICIDIO DOLOSO;2021-08-04;09:49:59;Quarta;Arma de fogo;Masculino;37;Alfabetizado;Parda
Caucaia;AIS 12;HOMICIDIO DOLOSO;2021-08-04;12:29:59;Quarta;Arma de fogo;Masculino;30;Alfabetizado;Parda
Fortaleza;AIS 19;HOMICIDIO DOLOSO;2021-08-04;15:45:00;Quarta;Arma branca;Masculino;38;Alfabetizado;Não Informada
Aracoiaba;AIS 29;HOMICIDIO DOLOSO;2021-08-04;16:00:00;Quarta;Outros meios;Masculino;32;Ensino Fundamental Completo;Parda
Caucaia;AIS 12;HOMICIDIO DOLOSO;2021-08-04;16:40:00;Quarta;Arma de fogo;Masculino;32;Ensino Fundamental Incompleto;Não Informada
Caucaia;AIS 26;HOMICIDIO DOLOSO;2021-08-04;23:19:59;Quarta;Arma de fogo;Feminino;24;Alfabetizado;Não Informada
Caucaia;AIS 26;HOMICIDIO DOLOSO;2021-08-04;23:19:59;Quarta;Arma de fogo;Masculino;12;Não Alfabetizado;Não Informada
Caucaia;AIS 12;HOMICIDIO DOLOSO;2021-08-05;00:29:59;Quinta;Arma de fogo;Masculino;54;Não Alfabetizado;Não Informada
Fortaleza;AIS 16;HOMICIDIO DOLOSO;2021-08-05;04:59:59;Quinta;Arma de fogo;Masculino;24;Alfabetizado;Não Informada
Cascavel;AIS 15;HOMICIDIO DOLOSO;2021-08-05;09:40:00;Quinta;Arma de fogo;Masculino;22;Ensino Fundamental Incompleto;Parda
Cascavel;AIS 15;HOMICIDIO DOLOSO;2021-08-05;09:40:00;Quinta;Arma de fogo;Masculino;27;Ensino Fundamental Incompleto;Não Informada
Russas;AIS 01;HOMICIDIO DOLOSO;2021-08-05;13:30:00;Quinta;Arma de fogo;Masculino;27;Ensino Fundamental Incompleto;Branca
Fortaleza;AIS 19;HOMICIDIO DOLOSO;2021-08-05;16:00:00;Quinta;Arma de fogo;Masculino;26;Ensino Fundamental Completo;Não Informada
Capistrano;AIS 29;HOMICIDIO DOLOSO;2021-08-05;19:00:00;Quinta;Arma branca;Masculino;26;Ensino Fundamental Completo;Não Informada
Fortaleza;AIS 16;HOMICIDIO DOLOSO;2021-08-05;19:42:00;Quinta;Arma de fogo;Masculino;20;Ensino Fundamental Completo;Não Informada
Fortaleza;AIS 16;HOMICIDIO DOLOSO;2021-08-05;19:42:00;Quinta;Arma de fogo;Masculino;25;Não Informada;Não Informada
Fortaleza;AIS 17;HOMICIDIO DOLOSO;2021-08-05;20:30:00;Quinta;Arma de fogo;Masculino;31;Ensino Fundamental Completo;Não Informada
Pacatuba;AIS 24;HOMICIDIO DOLOSO;2021-08-05;20:30:00;Quinta;Arma de fogo;Masculino;39;Ensino Fundamental Incompleto;Não Informada
Umirim;AIS 11;HOMICIDIO DOLOSO;2021-08-06;05:30:00;Sexta;Arma de fogo;Masculino;74;Não Alfabetizado;Parda
Ibicuitinga;AIS 09;HOMICIDIO DOLOSO;2021-08-06;05:50:00;Sexta;Arma de fogo;Masculino;21;Alfabetizado;Não Informada
Fortaleza;AIS 19;HOMICIDIO DOLOSO;2021-08-06;07:40:00;Sexta;Arma de fogo;Masculino;24;Alfabetizado;Não Informada
Fortaleza;AIS 16;HOMICIDIO DOLOSO;2021-08-06;10:20:00;Sexta;Arma de fogo;Masculino;16;Ensino Fundamental Incompleto;Parda
Fortaleza;AIS 06;HOMICIDIO DOLOSO;2021-08-06;12:45:00;Sexta;Arma de fogo;Masculino;35;Ensino Médio Incompleto;Não Informada
Madalena;AIS 04;HOMICIDIO DOLOSO;2021-08-06;15:00:00;Sexta;Arma de fogo;Masculino;18;Ensino Fundamental Incompleto;Não Informada
Sobral;AIS 03;HOMICIDIO DOLOSO;2021-08-06;16:00:00;Sexta;Arma de fogo;Feminino;18;Ensino Fundamental Incompleto;Não Informada
Fortaleza;AIS 21;FEMINICÍDIO;2021-08-06;19:30:00;Sexta;Arma de fogo;Feminino;53;Alfabetizado;Branca
Quixeré;AIS 01;HOMICIDIO DOLOSO;2021-08-06;20:30:00;Sexta;Arma de fogo;Masculino;21;Alfabetizado;Não Informada
Fortaleza;AIS 16;HOMICIDIO DOLOSO;2021-08-06;22:40:00;Sexta;Arma de fogo;Masculino;34;Ensino Médio Completo;Não Informada
Pacatuba;AIS 24;HOMICIDIO DOLOSO;2021-08-07;03:00:00;Sábado;Arma de fogo;Masculino;24;Ensino Médio Completo;Não Informada
Sobral;AIS 03;HOMICIDIO DOLOSO;2021-08-07;04:59:59;Sábado;Arma de fogo;Masculino;32;Não Informada;Não Informada
Caucaia;AIS 26;HOMICIDIO DOLOSO;2021-08-07;10:00:00;Sábado;Arma de fogo;Masculino;30;Ensino Fundamental Incompleto;Não Informada
Fortaleza;AIS 20;HOMICIDIO DOLOSO;2021-08-07;16:59:59;Sábado;Arma de fogo;Masculino;26;Não Informada;Parda
Fortaleza;AIS 21;HOMICIDIO DOLOSO;2021-08-07;17:04:00;Sábado;Arma de fogo;Masculino;14;Alfabetizado;Parda
São Luís do Curu;AIS 23;HOMICIDIO DOLOSO;2021-08-07;17:10:00;Sábado;Outros meios;Masculino;52;Ensino Fundamental Incompleto;Não Informada
São Luís do Curu;AIS 23;HOMICIDIO DOLOSO;2021-08-07;18:40:00;Sábado;Arma de fogo;Feminino;24;Alfabetizado;Parda
Fortaleza;AIS 21;HOMICIDIO DOLOSO;2021-08-07;22:00:00;Sábado;Arma de fogo;Masculino;47;Ensino Fundamental Completo;Não Informada
Sobral;AIS 03;HOMICIDIO DOLOSO;2021-08-07;23:19:59;Sábado;Arma de fogo;Masculino;22;Ensino Fundamental Completo;Não Informada
Itapajé;AIS 11;HOMICIDIO DOLOSO;2021-08-07;23:30:00;Sábado;Arma de fogo;Masculino;20;Alfabetizado;Não Informada
Russas;AIS 01;HOMICIDIO DOLOSO;2021-08-07;23:40:00;Sábado;Arma de fogo;Masculino;40;Superior Incompleto;Não Informada
Ipu;AIS 07;HOMICIDIO DOLOSO;2021-08-08;00:40:00;Domingo;Arma branca;Masculino;28;Alfabetizado;Parda
Fortaleza;AIS 17;HOMICIDIO DOLOSO;2021-08-08;01:45:00;Domingo;Arma de fogo;Masculino;17;Alfabetizado;Não Informada
Missão Velha;AIS 02;LESAO CORPORAL SEGUIDA DE MORTE;2021-08-08;08:00:00;Domingo;Outros meios;Masculino;0;Não Alfabetizado;Não Informada
Apuiarés;AIS 11;HOMICIDIO DOLOSO;2021-08-08;09:00:00;Domingo;Arma branca;Masculino;23;Ensino Médio Incompleto;Não Informada
Reriutaba;AIS 07;HOMICIDIO DOLOSO;2021-08-08;09:29:59;Domingo;Arma de fogo;Masculino;22;Não Informada;Não Informada
Reriutaba;AIS 07;HOMICIDIO DOLOSO;2021-08-08;09:29:59;Domingo;Arma de fogo;Masculino;18;Ensino Médio Completo;Não Informada
Russas;AIS 01;HOMICIDIO DOLOSO;2021-08-08;19:30:00;Domingo;Arma de fogo;Masculino;54;Ensino Fundamental Completo;Não Informada
Limoeiro do Norte;AIS 01;HOMICIDIO DOLOSO;2021-08-08;20:30:00;Domingo;Arma branca;Masculino;53;Ensino Fundamental Completo;Parda
Aquiraz;AIS 15;HOMICIDIO DOLOSO;2021-08-08;20:30:00;Domingo;Arma de fogo;Masculino;38;Ensino Fundamental Incompleto;Não Informada
Caucaia;AIS 26;HOMICIDIO DOLOSO;2021-08-08;21:45:00;Domingo;Arma de fogo;Masculino;29;Alfabetizado;Não Informada
Sobral;AIS 03;HOMICIDIO DOLOSO;2021-08-08;22:00:00;Domingo;Arma de fogo;Masculino;44;Ensino Fundamental Incompleto;Parda
Maracanaú;AIS 14;HOMICIDIO DOLOSO;2021-08-09;01:10:00;Segunda;Arma de fogo;Masculino;31;Ensino Fundamental Completo;Parda
Fortaleza;AIS 16;HOMICIDIO DOLOSO;2021-08-09;01:30:00;Segunda;Arma de fogo;Masculino;24;Não Informada;Não Informada
Fortaleza;AIS 19;HOMICIDIO DOLOSO;2021-08-09;10:20:00;Segunda;Arma de fogo;Masculino;27;Não Alfabetizado;Não Informada
Fortaleza;AIS 16;HOMICIDIO DOLOSO;2021-08-09;15:29:59;Segunda;Arma de fogo;Masculino;23;Ensino Médio Incompleto;Não Informada
Fortaleza;AIS 06;HOMICIDIO DOLOSO;2021-08-09;16:04:59;Segunda;Arma de fogo;Masculino;31;Ensino Fundamental Completo;Não Informada
Aquiraz;AIS 15;HOMICIDIO DOLOSO;2021-08-09;16:06:59;Segunda;Arma de fogo;Feminino;28;Ensino Médio Incompleto;Parda
Fortaleza;AIS 20;HOMICIDIO DOLOSO;2021-08-09;22:59:59;Segunda;Arma de fogo;Masculino;20;Alfabetizado;Não Informada
Canindé;AIS 04;FEMINICÍDIO;2021-08-10;00:29:59;Terça;Arma de fogo;Feminino;22;Alfabetizado;Não Informada
Limoeiro do Norte;AIS 01;HOMICIDIO DOLOSO;2021-08-10;02:30:00;Terça;Arma de fogo;Masculino;21;Não Informada;Não Informada
Limoeiro do Norte;AIS 01;HOMICIDIO DOLOSO;2021-08-10;02:30:00;Terça;Arma de fogo;Masculino;27;Não Informada;Não Informada
Caucaia;AIS 12;HOMICIDIO DOLOSO;2021-08-10;06:59:00;Terça;Arma de fogo;Masculino;19;Alfabetizado;Não Informada
Fortaleza;AIS 16;HOMICIDIO DOLOSO;2021-08-10;13:10:00;Terça;Arma de fogo;Masculino;30;Alfabetizado;Não Informada
Sobral;AIS 03;HOMICIDIO DOLOSO;2021-08-10;16:00:00;Terça;Arma de fogo;Masculino;25;Ensino Médio Incompleto;Não Informada
Cascavel;AIS 15;HOMICIDIO DOLOSO;2021-08-10;16:30:00;Terça;Arma de fogo;Masculino;33;Ensino Médio Completo;Não Informada
Capistrano;AIS 29;HOMICIDIO DOLOSO;2021-08-10;16:59:59;Terça;Arma de fogo;Masculino;39;Não Informada;Não Informada
Fortaleza;AIS 16;HOMICIDIO DOLOSO;2021-08-10;19:34:59;Terça;Arma de fogo;Masculino;31;Ensino Fundamental Incompleto;Não Informada
Horizonte;AIS 25;HOMICIDIO DOLOSO;2021-08-11;09:29:59;Quarta;Arma de fogo;Masculino;33;Alfabetizado;Parda
Santana do Acaraú;AIS 03;HOMICIDIO DOLOSO;2021-08-11;10:00:00;Quarta;Arma de fogo;Feminino;43;Alfabetizado;Parda
Ibaretama;AIS 09;HOMICIDIO DOLOSO;2021-08-11;13:30:00;Quarta;Arma de fogo;Masculino;27;Alfabetizado;Parda
Russas;AIS 01;HOMICIDIO DOLOSO;2021-08-11;22:59:59;Quarta;Arma de fogo;Masculino;39;Ensino Médio Completo;Parda
Beberibe;AIS 30;HOMICIDIO DOLOSO;2021-08-12;03:29:59;Quinta;Arma de fogo;Masculino;38;Ensino Médio Completo;Não Informada
Fortaleza;AIS 18;HOMICIDIO DOLOSO;2021-08-12;05:32:00;Quinta;Arma de fogo;Masculino;27;Ensino Fundamental Incompleto;Parda
Tabuleiro do Norte;AIS 01;HOMICIDIO DOLOSO;2021-08-12;07:44:00;Quinta;Arma de fogo;Feminino;22;Alfabetizado;Parda
Barbalha;AIS 02;HOMICIDIO DOLOSO;2021-08-12;18:39:00;Quinta;Arma de fogo;Masculino;30;Alfabetizado;Parda
Cascavel;AIS 15;HOMICIDIO DOLOSO;2021-08-12;19:59:59;Quinta;Arma de fogo;Masculino;67;Não Alfabetizado;Indígena
Maracanaú;AIS 14;HOMICIDIO DOLOSO;2021-08-12;21:10:00;Quinta;Arma de fogo;Masculino;54;Alfabetizado;Não Informada
Beberibe;AIS 30;HOMICIDIO DOLOSO;2021-08-12;22:00:00;Quinta;Arma de fogo;Masculino;20;Ensino Fundamental Incompleto;Parda
Varjota;AIS 07;HOMICIDIO DOLOSO;2021-08-13;01:59:59;Sexta;Arma de fogo;Masculino;27;Alfabetizado;Não Informada
Fortaleza;AIS 17;HOMICIDIO DOLOSO;2021-08-13;05:56:00;Sexta;Arma de fogo;Masculino;20;Não Informada;Não Informada
Russas;AIS 01;HOMICIDIO DOLOSO;2021-08-13;09:48:00;Sexta;Outros meios;Masculino;26;Alfabetizado;Não Informada
Fortaleza;AIS 06;ROUBO SEGUIDO DE MORTE (LATROCINIO);2021-08-13;10:14:59;Sexta;Arma de fogo;Masculino;59;Ensino Fundamental Completo;Não Informada
Juazeiro do Norte;AIS 02;HOMICIDIO DOLOSO;2021-08-13;10:30:00;Sexta;Arma de fogo;Masculino;26;Ensino Fundamental Completo;Não Informada
São João do Jaguaribe;AIS 01;HOMICIDIO DOLOSO;2021-08-13;15:29:59;Sexta;Arma de fogo;Masculino;68;Não Informada;Não Informada
Sobral;AIS 03;HOMICIDIO DOLOSO;2021-08-13;16:14:59;Sexta;Arma de fogo;Masculino;45;Alfabetizado;Não Informada
Forquilha;AIS 03;HOMICIDIO DOLOSO;2021-08-13;19:00:00;Sexta;Arma de fogo;Masculino;37;Ensino Fundamental Incompleto;Não Informada
Forquilha;AIS 03;HOMICIDIO DOLOSO;2021-08-13;19:00:00;Sexta;Arma de fogo;Masculino;37;Alfabetizado;Não Informada
Aquiraz;AIS 15;HOMICIDIO DOLOSO;2021-08-13;19:40:00;Sexta;Arma de fogo;Feminino;29;Alfabetizado;Não Informada
Fortaleza;AIS 21;HOMICIDIO DOLOSO;2021-08-13;20:30:00;Sexta;Arma de fogo;Masculino;45;Alfabetizado;Não Informada
Quixadá;AIS 09;HOMICIDIO DOLOSO;2021-08-14;00:00:00;Sábado;Arma de fogo;Masculino;24;Ensino Fundamental Completo;Não Informada
Itatira;AIS 04;HOMICIDIO DOLOSO;2021-08-14;07:20:00;Sábado;Arma de fogo;Feminino;32;Alfabetizado;Não Informada
Chorozinho;AIS 25;HOMICIDIO DOLOSO;2021-08-14;10:20:00;Sábado;Arma de fogo;Masculino;56;Ensino Fundamental Incompleto;Não Informada
Nova Olinda;AIS 02;HOMICIDIO DOLOSO;2021-08-14;12:40:00;Sábado;Arma de fogo;Masculino;40;Alfabetizado;Não Informada
Ocara;AIS 29;HOMICIDIO DOLOSO;2021-08-14;13:30:00;Sábado;Arma de fogo;Masculino;19;Ensino Fundamental Incompleto;Não Informada
Ibicuitinga;AIS 09;HOMICIDIO DOLOSO;2021-08-14;19:49:59;Sábado;Arma de fogo;Masculino;44;Alfabetizado;Não Informada
Morada Nova;AIS 09;HOMICIDIO DOLOSO;2021-08-14;22:59:59;Sábado;Arma de fogo;Masculino;35;Ensino Fundamental Incompleto;Não Informada
Tabuleiro do Norte;AIS 01;HOMICIDIO DOLOSO;2021-08-15;00:29:59;Domingo;Arma de fogo;Masculino;22;Alfabetizado;Não Informada
Ibicuitinga;AIS 09;HOMICIDIO DOLOSO;2021-08-15;00:31:00;Domingo;Arma de fogo;Masculino;43;Alfabetizado;Não Informada
Tabuleiro do Norte;AIS 01;HOMICIDIO DOLOSO;2021-08-15;00:45:00;Domingo;Arma de fogo;Masculino;20;Ensino Fundamental Incompleto;Não Informada
Fortaleza;AIS 17;HOMICIDIO DOLOSO;2021-08-15;02:30:00;Domingo;Arma de fogo;Masculino;25;Ensino Médio Completo;Parda
Fortaleza;AIS 21;HOMICIDIO DOLOSO;2021-08-15;02:32:00;Domingo;Arma branca;Masculino;20;Ensino Fundamental Incompleto;Não Informada
Guaraciaba do Norte;AIS 27;HOMICIDIO DOLOSO;2021-08-15;03:00:00;Domingo;Arma de fogo;Feminino;31;Superior Completo;Parda
Canindé;AIS 04;HOMICIDIO DOLOSO;2021-08-15;03:29:59;Domingo;Arma de fogo;Masculino;24;Alfabetizado;Parda
Trairi;AIS 23;HOMICIDIO DOLOSO;2021-08-15;03:29:59;Domingo;Arma de fogo;Masculino;25;Alfabetizado;Não Informada
Maranguape;AIS 24;HOMICIDIO DOLOSO;2021-08-15;07:59:59;Domingo;Arma de fogo;Masculino;28;Ensino Fundamental Incompleto;Não Informada
Fortaleza;AIS 16;HOMICIDIO DOLOSO;2021-08-15;13:59:59;Domingo;Arma de fogo;Masculino;29;Ensino Fundamental Completo;Não Informada
Umirim;AIS 11;HOMICIDIO DOLOSO;2021-08-15;20:15:00;Domingo;Arma de fogo;Feminino;37;Alfabetizado;Parda
Jaguaruana;AIS 01;HOMICIDIO DOLOSO;2021-08-15;20:40:00;Domingo;Arma de fogo;Masculino;22;Ensino Fundamental Incompleto;Não Informada
Maranguape;AIS 24;HOMICIDIO DOLOSO;2021-08-15;21:33:00;Domingo;Arma de fogo;Masculino;25;Ensino Fundamental Incompleto;Parda
Ubajara;AIS 27;HOMICIDIO DOLOSO;2021-08-15;22:00:00;Domingo;Arma de fogo;Masculino;23;Alfabetizado;Parda
Ubajara;AIS 27;HOMICIDIO DOLOSO;2021-08-15;22:00:00;Domingo;Arma de fogo;Masculino;54;Alfabetizado;Não Informada
Ubajara;AIS 27;HOMICIDIO DOLOSO;2021-08-15;22:00:00;Domingo;Arma de fogo;Masculino;16;Não Informada;Não Informada
Maracanaú;AIS 14;HOMICIDIO DOLOSO;2021-08-16;07:00:00;Segunda;Arma de fogo;Masculino;35;Ensino Fundamental Incompleto;Não Informada
Crateús;AIS 07;HOMICIDIO DOLOSO;2021-08-16;08:50:00;Segunda;Arma de fogo;Masculino;32;Não Informada;Não Informada
Fortaleza;AIS 16;HOMICIDIO DOLOSO;2021-08-16;13:59:59;Segunda;Outros meios;Masculino;Não Informada;Não Informada;Não Informada
Caucaia;AIS 26;HOMICIDIO DOLOSO;2021-08-16;13:59:59;Segunda;Outros meios;Masculino;23;Ensino Fundamental Completo;Não Informada
Fortaleza;AIS 20;HOMICIDIO DOLOSO;2021-08-16;16:00:00;Segunda;Arma de fogo;Masculino;16;Ensino Fundamental Incompleto;Não Informada
Pacatuba;AIS 24;HOMICIDIO DOLOSO;2021-08-16;16:20:00;Segunda;Arma de fogo;Masculino;Não Informada;Não Informada;Não Informada
Trairi;AIS 23;HOMICIDIO DOLOSO;2021-08-16;19:00:00;Segunda;Arma de fogo;Masculino;43;Não Alfabetizado;Não Informada
Martinópole;AIS 28;HOMICIDIO DOLOSO;2021-08-16;20:19:59;Segunda;Arma branca;Masculino;65;Não Informada;Parda
Martinópole;AIS 28;HOMICIDIO DOLOSO;2021-08-16;20:19:59;Segunda;Arma branca;Masculino;42;Não Informada;Parda
Fortaleza;AIS 18;HOMICIDIO DOLOSO;2021-08-16;21:00:00;Segunda;Arma branca;Masculino;19;Não Informada;Não Informada
Fortaleza;AIS 05;HOMICIDIO DOLOSO;2021-08-16;21:15:00;Segunda;Arma de fogo;Masculino;23;Não Informada;Não Informada
Itapipoca;AIS 11;HOMICIDIO DOLOSO;2021-08-16;21:29:59;Segunda;Arma branca;Masculino;42;Alfabetizado;Não Informada
Fortaleza;AIS 16;HOMICIDIO DOLOSO;2021-08-16;23:10:00;Segunda;Arma de fogo;Masculino;23;Alfabetizado;Não Informada
Irauçuba;AIS 11;HOMICIDIO DOLOSO;2021-08-17;01:30:00;Terça;Arma branca;Masculino;46;Alfabetizado;Não Informada
Itarema;AIS 11;HOMICIDIO DOLOSO;2021-08-17;13:00:00;Terça;Arma de fogo;Masculino;22;Ensino Fundamental Completo;Parda
Graça;AIS 03;HOMICIDIO DOLOSO;2021-08-17;16:30:00;Terça;Arma branca;Masculino;40;Alfabetizado;Não Informada
Fortaleza;AIS 16;HOMICIDIO DOLOSO;2021-08-17;21:23:00;Terça;Arma de fogo;Masculino;22;Alfabetizado;Não Informada
Maranguape;AIS 24;HOMICIDIO DOLOSO;2021-08-17;22:20:00;Terça;Arma de fogo;Masculino;44;Ensino Médio Completo;Não Informada
Paraipaba;AIS 23;HOMICIDIO DOLOSO;2021-08-18;06:29:59;Quarta;Arma de fogo;Masculino;53;Ensino Fundamental Completo;Não Informada
Fortaleza;AIS 17;HOMICIDIO DOLOSO;2021-08-18;07:16:00;Quarta;Arma de fogo;Masculino;18;Ensino Fundamental Incompleto;Não Informada
Fortaleza;AIS 21;HOMICIDIO DOLOSO;2021-08-18;09:00:00;Quarta;Arma de fogo;Masculino;23;Ensino Fundamental Completo;Não Informada
Tururu;AIS 11;HOMICIDIO DOLOSO;2021-08-18;12:00:00;Quarta;Arma de fogo;Masculino;63;Alfabetizado;Não Informada
Fortaleza;AIS 22;HOMICIDIO DOLOSO;2021-08-18;17:30:00;Quarta;Arma de fogo;Masculino;25;Alfabetizado;Não Informada
Juazeiro do Norte;AIS 02;HOMICIDIO DOLOSO;2021-08-18;21:45:00;Quarta;Arma branca;Masculino;33;Ensino Médio Completo;Não Informada
Trairi;AIS 23;HOMICIDIO DOLOSO;2021-08-19;06:00:00;Quinta;Arma de fogo;Masculino;48;Alfabetizado;Não Informada
Icó;AIS 34;HOMICIDIO DOLOSO;2021-08-19;08:30:00;Quinta;Arma de fogo;Masculino;53;Alfabetizado;Não Informada
Cascavel;AIS 15;HOMICIDIO DOLOSO;2021-08-19;09:00:00;Quinta;Arma de fogo;Masculino;41;Ensino Fundamental Incompleto;Não Informada
Caucaia;AIS 12;HOMICIDIO DOLOSO;2021-08-19;15:24:00;Quinta;Arma de fogo;Masculino;38;Ensino Médio Completo;Parda
Aquiraz;AIS 15;HOMICIDIO DOLOSO;2021-08-19;16:59:59;Quinta;Arma de fogo;Masculino;15;Não Informada;Não Informada
Sobral;AIS 03;HOMICIDIO DOLOSO;2021-08-19;19:59:59;Quinta;Arma de fogo;Masculino;23;Alfabetizado;Não Informada
São Benedito;AIS 27;HOMICIDIO DOLOSO;2021-08-19;21:00:00;Quinta;Arma de fogo;Masculino;19;Alfabetizado;Não Informada
Juazeiro do Norte;AIS 02;HOMICIDIO DOLOSO;2021-08-20;07:30:00;Sexta;Outros meios;Masculino;34;Ensino Fundamental Completo;Parda
Tabuleiro do Norte;AIS 01;HOMICIDIO DOLOSO;2021-08-20;13:30:00;Sexta;Arma de fogo;Masculino;25;Ensino Fundamental Incompleto;Não Informada
Itarema;AIS 11;FEMINICÍDIO;2021-08-20;18:00:00;Sexta;Arma branca;Feminino;39;Alfabetizado;Parda
Fortaleza;AIS 16;HOMICIDIO DOLOSO;2021-08-20;18:24:00;Sexta;Arma de fogo;Masculino;35;Alfabetizado;Não Informada
Aracati;AIS 30;HOMICIDIO DOLOSO;2021-08-20;18:29:59;Sexta;Arma de fogo;Masculino;29;Alfabetizado;Não Informada
Fortaleza;AIS 19;ROUBO SEGUIDO DE MORTE (LATROCINIO);2021-08-20;19:49:59;Sexta;Arma de fogo;Feminino;36;Não Informada;Não Informada
Alto Santo;AIS 31;HOMICIDIO DOLOSO;2021-08-20;20:30:00;Sexta;Arma de fogo;Masculino;34;Ensino Fundamental Completo;Não Informada
Fortaleza;AIS 21;HOMICIDIO DOLOSO;2021-08-20;20:30:00;Sexta;Arma de fogo;Masculino;19;Ensino Fundamental Completo;Não Informada
Mombaça;AIS 13;HOMICIDIO DOLOSO;2021-08-20;22:59:59;Sexta;Arma de fogo;Masculino;38;Ensino Fundamental Completo;Não Informada
Mombaça;AIS 13;HOMICIDIO DOLOSO;2021-08-20;22:59:59;Sexta;Arma de fogo;Masculino;36;Alfabetizado;Não Informada
Aquiraz;AIS 15;HOMICIDIO DOLOSO;2021-08-20;23:30:00;Sexta;Arma de fogo;Masculino;57;Alfabetizado;Não Informada
Fortaleza;AIS 21;HOMICIDIO DOLOSO;2021-08-20;23:50:00;Sexta;Arma de fogo;Masculino;28;Não Informada;Não Informada
Crato;AIS 02;HOMICIDIO DOLOSO;2021-08-21;01:00:00;Sábado;Arma branca;Masculino;31;Alfabetizado;Não Informada
Itapajé;AIS 11;HOMICIDIO DOLOSO;2021-08-21;01:00:00;Sábado;Arma de fogo;Masculino;33;Não Informada;Não Informada
Pacatuba;AIS 24;HOMICIDIO DOLOSO;2021-08-21;07:20:00;Sábado;Outros meios;Feminino;Não Informada;Não Informada;Não Informada
Pacatuba;AIS 24;HOMICIDIO DOLOSO;2021-08-21;12:49:59;Sábado;Arma de fogo;Masculino;Não Informada;Não Informada;Não Informada
Caucaia;AIS 26;HOMICIDIO DOLOSO;2021-08-21;19:30:00;Sábado;Arma de fogo;Masculino;25;Ensino Fundamental Incompleto;Parda
Viçosa do Ceará;AIS 27;HOMICIDIO DOLOSO;2021-08-21;19:59:59;Sábado;Arma branca;Masculino;31;Alfabetizado;Não Informada
Solonópole;AIS 09;HOMICIDIO DOLOSO;2021-08-21;20:40:00;Sábado;Arma de fogo;Masculino;14;Ensino Fundamental Incompleto;Parda
Tabuleiro do Norte;AIS 01;HOMICIDIO DOLOSO;2021-08-21;22:30:00;Sábado;Arma de fogo;Masculino;26;Não Alfabetizado;Não Informada
Itatira;AIS 04;HOMICIDIO DOLOSO;2021-08-22;02:40:00;Domingo;Arma de fogo;Masculino;34;Ensino Médio Completo;Parda
Aquiraz;AIS 15;HOMICIDIO DOLOSO;2021-08-22;04:04:59;Domingo;Arma de fogo;Masculino;36;Ensino Médio Incompleto;Parda
Fortaleza;AIS 19;HOMICIDIO DOLOSO;2021-08-22;07:10:00;Domingo;Arma de fogo;Masculino;21;Alfabetizado;Parda
Camocim;AIS 28;FEMINICÍDIO;2021-08-22;09:00:00;Domingo;Arma branca;Feminino;57;Alfabetizado;Parda
Fortaleza;AIS 20;HOMICIDIO DOLOSO;2021-08-22;10:30:00;Domingo;Arma de fogo;Feminino;38;Ensino Fundamental Completo;Não Informada
Tianguá;AIS 27;HOMICIDIO DOLOSO;2021-08-22;11:30:00;Domingo;Arma de fogo;Masculino;18;Não Informada;Não Informada
Forquilha;AIS 03;HOMICIDIO DOLOSO;2021-08-22;13:49:59;Domingo;Arma de fogo;Masculino;38;Alfabetizado;Não Informada
Fortaleza;AIS 21;HOMICIDIO DOLOSO;2021-08-22;16:00:00;Domingo;Arma de fogo;Masculino;Não Informada;Não Informada;Não Informada
Tianguá;AIS 27;HOMICIDIO DOLOSO;2021-08-22;16:30:00;Domingo;Arma de fogo;Masculino;34;Ensino Fundamental Completo;Não Informada
Fortaleza;AIS 19;HOMICIDIO DOLOSO;2021-08-22;17:41:59;Domingo;Arma de fogo;Masculino;19;Ensino Fundamental Incompleto;Parda
Várzea Alegre;AIS 34;HOMICIDIO DOLOSO;2021-08-22;20:30:00;Domingo;Arma de fogo;Masculino;46;Não Informada;Não Informada
Fortaleza;AIS 19;HOMICIDIO DOLOSO;2021-08-22;21:00:00;Domingo;Arma de fogo;Masculino;31;Ensino Médio Completo;Não Informada
Jardim;AIS 02;HOMICIDIO DOLOSO;2021-08-22;21:00:00;Domingo;Arma branca;Masculino;26;Alfabetizado;Não Informada
Banabuiú;AIS 09;HOMICIDIO DOLOSO;2021-08-22;21:29:59;Domingo;Arma de fogo;Masculino;33;Alfabetizado;Não Informada
Fortaleza;AIS 16;HOMICIDIO DOLOSO;2021-08-23;07:00:00;Segunda;Arma de fogo;Masculino;29;Ensino Fundamental Incompleto;Não Informada
Pedra Branca;AIS 09;HOMICIDIO DOLOSO;2021-08-23;09:00:00;Segunda;Arma de fogo;Feminino;38;Alfabetizado;Não Informada
Maracanaú;AIS 14;HOMICIDIO DOLOSO;2021-08-23;09:15:00;Segunda;Arma de fogo;Feminino;25;Ensino Fundamental Incompleto;Não Informada
Maracanaú;AIS 14;HOMICIDIO DOLOSO;2021-08-23;09:15:00;Segunda;Arma de fogo;Feminino;26;Não Informada;Não Informada
Caucaia;AIS 26;HOMICIDIO DOLOSO;2021-08-23;16:10:00;Segunda;Arma de fogo;Masculino;35;Ensino Médio Incompleto;Não Informada
Fortaleza;AIS 18;HOMICIDIO DOLOSO;2021-08-23;18:49:59;Segunda;Arma de fogo;Masculino;26;Ensino Fundamental Incompleto;Não Informada
Sobral;AIS 03;HOMICIDIO DOLOSO;2021-08-23;21:15:00;Segunda;Arma de fogo;Masculino;22;Não Informada;Não Informada
Fortaleza;AIS 16;HOMICIDIO DOLOSO;2021-08-24;01:00:00;Terça;Arma de fogo;Masculino;27;Ensino Fundamental Incompleto;Não Informada
Milhã;AIS 09;HOMICIDIO DOLOSO;2021-08-24;10:59:59;Terça;Arma de fogo;Masculino;24;Não Alfabetizado;Parda
Ipaumirim;AIS 34;FEMINICÍDIO;2021-08-24;12:00:00;Terça;Arma de fogo;Feminino;35;Ensino Fundamental Incompleto;Não Informada
Fortaleza;AIS 19;HOMICIDIO DOLOSO;2021-08-24;17:17:00;Terça;Arma de fogo;Masculino;25;Não Informada;Não Informada
Canindé;AIS 04;HOMICIDIO DOLOSO;2021-08-24;18:29:59;Terça;Arma de fogo;Masculino;39;Ensino Médio Completo;Não Informada
Limoeiro do Norte;AIS 01;HOMICIDIO DOLOSO;2021-08-24;19:00:00;Terça;Arma de fogo;Masculino;17;Alfabetizado;Não Informada
Juazeiro do Norte;AIS 02;HOMICIDIO DOLOSO;2021-08-24;19:00:00;Terça;Arma de fogo;Masculino;20;Ensino Médio Incompleto;Não Informada
Fortaleza;AIS 20;HOMICIDIO DOLOSO;2021-08-24;19:40:00;Terça;Arma de fogo;Masculino;41;Ensino Fundamental Incompleto;Não Informada
Jaguaribara;AIS 31;HOMICIDIO DOLOSO;2021-08-24;19:59:59;Terça;Arma de fogo;Masculino;21;Ensino Médio Completo;Não Informada
Maracanaú;AIS 14;HOMICIDIO DOLOSO;2021-08-24;21:15:00;Terça;Arma de fogo;Masculino;19;Ensino Fundamental Incompleto;Não Informada
Fortaleza;AIS 17;HOMICIDIO DOLOSO;2021-08-24;21:40:00;Terça;Arma de fogo;Masculino;24;Alfabetizado;Não Informada
Sobral;AIS 03;HOMICIDIO DOLOSO;2021-08-24;23:30:00;Terça;Arma de fogo;Masculino;33;Ensino Fundamental Completo;Não Informada
Catunda;AIS 07;HOMICIDIO DOLOSO;2021-08-25;02:25:00;Quarta;Arma de fogo;Masculino;30;Alfabetizado;Não Informada
Uruburetama;AIS 11;HOMICIDIO DOLOSO;2021-08-25;07:14:59;Quarta;Arma de fogo;Masculino;21;Ensino Médio Completo;Não Informada
Maracanaú;AIS 14;HOMICIDIO DOLOSO;2021-08-25;15:15:00;Quarta;Arma de fogo;Masculino;38;Ensino Médio Incompleto;Parda
São Gonçalo do Amarante;AIS 23;HOMICIDIO DOLOSO;2021-08-25;19:30:00;Quarta;Arma de fogo;Masculino;28;Não Alfabetizado;Não Informada
Cariré;AIS 03;HOMICIDIO DOLOSO;2021-08-25;21:00:00;Quarta;Arma de fogo;Masculino;33;Não Informada;Não Informada
São Benedito;AIS 27;HOMICIDIO DOLOSO;2021-08-25;21:00:00;Quarta;Arma de fogo;Masculino;29;Ensino Fundamental Incompleto;Não Informada
Paraipaba;AIS 23;HOMICIDIO DOLOSO;2021-08-25;23:30:00;Quarta;Arma de fogo;Masculino;22;Alfabetizado;Não Informada
Alto Santo;AIS 31;HOMICIDIO DOLOSO;2021-08-26;00:40:00;Quinta;Arma de fogo;Masculino;31;Alfabetizado;Parda
Quiterianópolis;AIS 13;HOMICIDIO DOLOSO;2021-08-26;03:00:00;Quinta;Arma de fogo;Masculino;20;Alfabetizado;Não Informada
Fortaleza;AIS 18;HOMICIDIO DOLOSO;2021-08-26;05:44:59;Quinta;Arma de fogo;Masculino;31;Ensino Fundamental Incompleto;Não Informada
Fortaleza;AIS 18;HOMICIDIO DOLOSO;2021-08-26;14:05:00;Quinta;Arma de fogo;Masculino;30;Alfabetizado;Não Informada
Fortaleza;AIS 16;HOMICIDIO DOLOSO;2021-08-26;17:36:59;Quinta;Arma branca;Masculino;60;Não Informada;Não Informada
Fortaleza;AIS 08;HOMICIDIO DOLOSO;2021-08-26;22:00:00;Quinta;Arma de fogo;Masculino;34;Ensino Médio Completo;Não Informada
Novo Oriente;AIS 07;HOMICIDIO DOLOSO;2021-08-27;01:20:00;Sexta;Outros meios;Masculino;38;Não Informada;Não Informada
Massapê;AIS 03;HOMICIDIO DOLOSO;2021-08-27;06:00:00;Sexta;Arma de fogo;Masculino;24;Superior Incompleto;Parda
Acaraú;AIS 11;HOMICIDIO DOLOSO;2021-08-27;07:00:00;Sexta;Arma de fogo;Masculino;19;Ensino Fundamental Incompleto;Não Informada
Monsenhor Tabosa;AIS 07;HOMICIDIO DOLOSO;2021-08-27;13:00:00;Sexta;Arma de fogo;Masculino;19;Alfabetizado;Não Informada
Sobral;AIS 03;HOMICIDIO DOLOSO;2021-08-27;16:30:00;Sexta;Arma de fogo;Masculino;31;Alfabetizado;Não Informada
Sobral;AIS 03;HOMICIDIO DOLOSO;2021-08-27;16:40:00;Sexta;Arma de fogo;Masculino;28;Ensino Médio Completo;Não Informada
Fortaleza;AIS 16;HOMICIDIO DOLOSO;2021-08-27;17:19:59;Sexta;Arma de fogo;Feminino;37;Alfabetizado;Parda
Fortaleza;AIS 16;HOMICIDIO DOLOSO;2021-08-27;18:04:00;Sexta;Arma de fogo;Masculino;50;Ensino Fundamental Completo;Não Informada
Fortaleza;AIS 21;HOMICIDIO DOLOSO;2021-08-27;21:00:00;Sexta;Arma de fogo;Masculino;Não Informada;Não Informada;Não Informada
Juazeiro do Norte;AIS 02;HOMICIDIO DOLOSO;2021-08-27;23:10:00;Sexta;Arma de fogo;Masculino;19;Alfabetizado;Não Informada
Parambu;AIS 13;HOMICIDIO DOLOSO;2021-08-28;01:00:00;Sábado;Arma branca;Masculino;23;Não Informada;Não Informada
Quixeré;AIS 01;HOMICIDIO DOLOSO;2021-08-28;04:59:59;Sábado;Arma branca;Masculino;34;Ensino Fundamental Completo;Não Informada
Missão Velha;AIS 02;HOMICIDIO DOLOSO;2021-08-28;08:30:00;Sábado;Arma de fogo;Masculino;24;Alfabetizado;Parda
Cascavel;AIS 15;HOMICIDIO DOLOSO;2021-08-28;10:30:00;Sábado;Arma de fogo;Masculino;18;Ensino Médio Completo;Não Informada
Cascavel;AIS 15;HOMICIDIO DOLOSO;2021-08-28;10:30:00;Sábado;Arma de fogo;Masculino;24;Ensino Médio Incompleto;Não Informada
Fortaleza;AIS 19;HOMICIDIO DOLOSO;2021-08-28;14:44:00;Sábado;Arma de fogo;Masculino;28;Alfabetizado;Não Informada
Umirim;AIS 11;HOMICIDIO DOLOSO;2021-08-28;15:29:59;Sábado;Arma de fogo;Masculino;34;Alfabetizado;Não Informada
Paracuru;AIS 23;HOMICIDIO DOLOSO;2021-08-28;18:00:00;Sábado;Outros meios;Masculino;51;Ensino Fundamental Incompleto;Não Informada
Fortaleza;AIS 19;HOMICIDIO DOLOSO;2021-08-28;19:03:00;Sábado;Arma de fogo;Masculino;37;Ensino Fundamental Completo;Não Informada
Monsenhor Tabosa;AIS 07;HOMICIDIO DOLOSO;2021-08-28;19:40:00;Sábado;Arma de fogo;Masculino;17;Não Alfabetizado;Não Informada
Fortaleza;AIS 22;HOMICIDIO DOLOSO;2021-08-28;20:27:59;Sábado;Arma de fogo;Masculino;20;Alfabetizado;Não Informada
Fortaleza;AIS 20;HOMICIDIO DOLOSO;2021-08-28;20:40:00;Sábado;Arma de fogo;Masculino;17;Ensino Fundamental Incompleto;Não Informada
Pedra Branca;AIS 09;HOMICIDIO DOLOSO;2021-08-28;21:00:00;Sábado;Arma branca;Masculino;47;Alfabetizado;Parda
Fortaleza;AIS 06;HOMICIDIO DOLOSO;2021-08-28;21:10:00;Sábado;Arma de fogo;Masculino;48;Alfabetizado;Não Informada
Canindé;AIS 04;HOMICIDIO DOLOSO;2021-08-28;21:29:59;Sábado;Arma de fogo;Masculino;30;Ensino Médio Completo;Não Informada
Ipu;AIS 07;HOMICIDIO DOLOSO;2021-08-29;01:59:59;Domingo;Arma branca;Masculino;28;Alfabetizado;Não Informada
Caucaia;AIS 12;HOMICIDIO DOLOSO;2021-08-29;03:18:00;Domingo;Arma de fogo;Masculino;36;Ensino Médio Completo;Não Informada
Monsenhor Tabosa;AIS 07;HOMICIDIO DOLOSO;2021-08-29;04:00:00;Domingo;Arma de fogo;Masculino;20;Ensino Fundamental Completo;Não Informada
Cascavel;AIS 15;HOMICIDIO DOLOSO;2021-08-29;07:30:00;Domingo;Arma de fogo;Masculino;25;Ensino Fundamental Completo;Não Informada
Maracanaú;AIS 14;HOMICIDIO DOLOSO;2021-08-29;09:00:00;Domingo;Arma de fogo;Masculino;27;Alfabetizado;Parda
Pacatuba;AIS 24;HOMICIDIO DOLOSO;2021-08-29;09:43:00;Domingo;Arma de fogo;Masculino;25;Ensino Fundamental Incompleto;Parda
Potengi;AIS 33;HOMICIDIO DOLOSO;2021-08-29;16:59:59;Domingo;Arma de fogo;Masculino;43;Alfabetizado;Não Informada
Morada Nova;AIS 09;HOMICIDIO DOLOSO;2021-08-29;17:44:00;Domingo;Arma de fogo;Masculino;51;Ensino Fundamental Incompleto;Não Informada
Fortaleza;AIS 20;HOMICIDIO DOLOSO;2021-08-29;18:00:00;Domingo;Arma de fogo;Masculino;23;Ensino Fundamental Incompleto;Parda
Ibicuitinga;AIS 09;HOMICIDIO DOLOSO;2021-08-29;18:15:00;Domingo;Arma de fogo;Masculino;49;Alfabetizado;Não Informada
Crato;AIS 02;HOMICIDIO DOLOSO;2021-08-29;20:15:00;Domingo;Arma de fogo;Masculino;16;Alfabetizado;Não Informada
Umirim;AIS 11;HOMICIDIO DOLOSO;2021-08-29;21:40:00;Domingo;Arma de fogo;Masculino;32;Alfabetizado;Não Informada
Guaraciaba do Norte;AIS 27;HOMICIDIO DOLOSO;2021-08-29;22:00:00;Domingo;Arma de fogo;Masculino;37;Alfabetizado;Parda
Caucaia;AIS 12;HOMICIDIO DOLOSO;2021-08-29;23:15:00;Domingo;Arma de fogo;Masculino;30;Ensino Fundamental Completo;Não Informada
Itarema;AIS 11;HOMICIDIO DOLOSO;2021-08-30;03:19:59;Segunda;Arma de fogo;Masculino;23;Ensino Fundamental Completo;Parda
Ibaretama;AIS 09;HOMICIDIO DOLOSO;2021-08-30;04:59:59;Segunda;Arma de fogo;Masculino;34;Não Alfabetizado;Não Informada
Horizonte;AIS 25;HOMICIDIO DOLOSO;2021-08-30;07:00:00;Segunda;Arma de fogo;Masculino;54;Ensino Fundamental Incompleto;Não Informada
Chorozinho;AIS 25;HOMICIDIO DOLOSO;2021-08-30;19:59:59;Segunda;Arma de fogo;Masculino;28;Alfabetizado;Parda
Aquiraz;AIS 15;HOMICIDIO DOLOSO;2021-08-30;22:59:00;Segunda;Arma de fogo;Masculino;40;Ensino Médio Completo;Não Informada
Juazeiro do Norte;AIS 02;HOMICIDIO DOLOSO;2021-08-31;16:59:59;Terça;Arma de fogo;Masculino;54;Não Alfabetizado;Não Informada
Guaiúba;AIS 24;HOMICIDIO DOLOSO;2021-08-31;20:19:59;Terça;Arma de fogo;Masculino;27;Ensino Fundamental Incompleto;Parda
Croatá;AIS 27;HOMICIDIO DOLOSO;2021-08-31;20:30:00;Terça;Arma de fogo;Masculino;43;Alfabetizado;Não Informada
Uruburetama;AIS 11;HOMICIDIO DOLOSO;2021-08-31;20:40:00;Terça;Arma de fogo;Feminino;30;Não Informada;Não Informada
Fortaleza;AIS 16;HOMICIDIO DOLOSO;2021-08-31;21:29:59;Terça;Arma de fogo;Masculino;25;Ensino Fundamental Completo;Não Informada
Eusébio;AIS 15;HOMICIDIO DOLOSO;2021-08-31;21:29:59;Terça;Arma de fogo;Masculino;28;Ensino Fundamental Completo;Não Informada
Fortaleza;AIS 16;HOMICIDIO DOLOSO;2021-08-31;21:29:59;Terça;Arma de fogo;Masculino;25;Não Informada;Não Informada
Canindé;AIS 04;HOMICIDIO DOLOSO;2021-09-01;00:40:00;Quarta;Arma de fogo;Masculino;27;Ensino Fundamental Incompleto;Não Informada
Eusébio;AIS 15;HOMICIDIO DOLOSO;2021-09-01;06:59:00;Quarta;Arma branca;Masculino;35;Não Informada;Não Informada
Alto Santo;AIS 31;HOMICIDIO DOLOSO;2021-09-01;19:59:59;Quarta;Arma de fogo;Masculino;24;Alfabetizado;Não Informada
Carnaubal;AIS 27;HOMICIDIO DOLOSO;2021-09-01;21:42:00;Quarta;Arma de fogo;Masculino;46;Não Informada;Não Informada
Fortaleza;AIS 17;HOMICIDIO DOLOSO;2021-09-01;22:00:00;Quarta;Arma de fogo;Masculino;22;Não Informada;Não Informada
Itapajé;AIS 11;HOMICIDIO DOLOSO;2021-09-02;00:29:59;Quinta;Arma de fogo;Masculino;51;Alfabetizado;Não Informada
Acaraú;AIS 11;HOMICIDIO DOLOSO;2021-09-02;04:00:00;Quinta;Arma de fogo;Masculino;41;Alfabetizado;Parda
Acaraú;AIS 11;HOMICIDIO DOLOSO;2021-09-02;04:00:00;Quinta;Arma de fogo;Masculino;25;Alfabetizado;Não Informada
Fortaleza;AIS 21;HOMICIDIO DOLOSO;2021-09-02;05:15:00;Quinta;Arma de fogo;Masculino;33;Não Informada;Não Informada
Fortaleza;AIS 17;HOMICIDIO DOLOSO;2021-09-02;05:27:00;Quinta;Arma de fogo;Masculino;21;Alfabetizado;Não Informada
Fortaleza;AIS 17;HOMICIDIO DOLOSO;2021-09-02;05:27:00;Quinta;Arma de fogo;Feminino;38;Ensino Fundamental Completo;Não Informada
Jaguaretama;AIS 09;HOMICIDIO DOLOSO;2021-09-02;10:00:00;Quinta;Arma de fogo;Masculino;36;Alfabetizado;Parda
Maracanaú;AIS 14;HOMICIDIO DOLOSO;2021-09-02;11:08:00;Quinta;Arma de fogo;Masculino;29;Alfabetizado;Não Informada
Fortaleza;AIS 16;HOMICIDIO DOLOSO;2021-09-02;13:00:00;Quinta;Arma de fogo;Feminino;50;Ensino Fundamental Incompleto;Parda
Itaitinga;AIS 25;HOMICIDIO DOLOSO;2021-09-02;13:00:00;Quinta;Arma de fogo;Masculino;26;Ensino Fundamental Completo;Não Informada
Fortaleza;AIS 06;HOMICIDIO DOLOSO;2021-09-02;15:00:00;Quinta;Arma de fogo;Masculino;28;Alfabetizado;Não Informada
Fortaleza;AIS 20;HOMICIDIO DOLOSO;2021-09-02;17:19:59;Quinta;Arma de fogo;Masculino;40;Ensino Médio Completo;Não Informada
Jaguaruana;AIS 01;HOMICIDIO DOLOSO;2021-09-02;17:30:00;Quinta;Arma de fogo;Masculino;28;Não Informada;Não Informada
Horizonte;AIS 25;HOMICIDIO DOLOSO;2021-09-02;21:19:59;Quinta;Arma de fogo;Feminino;Não Informada;Não Informada;Não Informada
Nova Olinda;AIS 02;HOMICIDIO DOLOSO;2021-09-02;21:29:59;Quinta;Arma de fogo;Masculino;44;Alfabetizado;Não Informada
Fortaleza;AIS 16;HOMICIDIO DOLOSO;2021-09-03;03:00:00;Sexta;Arma de fogo;Masculino;Não Informada;Não Informada;Não Informada
Várzea Alegre;AIS 34;HOMICIDIO DOLOSO;2021-09-03;09:40:00;Sexta;Arma de fogo;Masculino;26;Não Informada;Não Informada
Morada Nova;AIS 09;HOMICIDIO DOLOSO;2021-09-03;10:00:00;Sexta;Arma de fogo;Masculino;56;Ensino Fundamental Incompleto;Não Informada
Monsenhor Tabosa;AIS 07;HOMICIDIO DOLOSO;2021-09-03;10:59:59;Sexta;Arma de fogo;Masculino;33;Alfabetizado;Parda
Ocara;AIS 29;HOMICIDIO DOLOSO;2021-09-03;10:59:59;Sexta;Arma de fogo;Masculino;28;Não Alfabetizado;Não Informada
Fortaleza;AIS 17;HOMICIDIO DOLOSO;2021-09-03;13:11:59;Sexta;Arma de fogo;Masculino;53;Ensino Fundamental Completo;Não Informada
Itapipoca;AIS 11;HOMICIDIO DOLOSO;2021-09-03;13:59:59;Sexta;Arma de fogo;Feminino;27;Ensino Médio Completo;Não Informada
Aquiraz;AIS 15;HOMICIDIO DOLOSO;2021-09-03;14:30:00;Sexta;Arma de fogo;Masculino;38;Alfabetizado;Não Informada
Aquiraz;AIS 15;HOMICIDIO DOLOSO;2021-09-03;14:30:00;Sexta;Arma de fogo;Feminino;42;Superior Completo;Não Informada
Fortaleza;AIS 21;HOMICIDIO DOLOSO;2021-09-03;14:38:00;Sexta;Arma de fogo;Masculino;41;Alfabetizado;Não Informada
Caucaia;AIS 12;HOMICIDIO DOLOSO;2021-09-03;19:24:00;Sexta;Arma de fogo;Feminino;33;Superior Completo;Não Informada
Fortaleza;AIS 21;HOMICIDIO DOLOSO;2021-09-03;21:00:00;Sexta;Arma de fogo;Masculino;22;Alfabetizado;Não Informada
Fortaleza;AIS 16;HOMICIDIO DOLOSO;2021-09-04;02:00:00;Sábado;Arma de fogo;Masculino;41;Ensino Fundamental Incompleto;Não Informada
Caucaia;AIS 26;HOMICIDIO DOLOSO;2021-09-04;03:35:59;Sábado;Arma de fogo;Masculino;37;Superior Incompleto;Não Informada
Fortaleza;AIS 17;HOMICIDIO DOLOSO;2021-09-04;12:30:00;Sábado;Arma de fogo;Masculino;20;Ensino Fundamental Incompleto;Não Informada
Tianguá;AIS 27;HOMICIDIO DOLOSO;2021-09-04;12:49:59;Sábado;Arma de fogo;Masculino;28;Ensino Fundamental Incompleto;Não Informada
Barbalha;AIS 02;HOMICIDIO DOLOSO;2021-09-04;16:59:59;Sábado;Arma branca;Masculino;33;Alfabetizado;Não Informada
Maranguape;AIS 24;HOMICIDIO DOLOSO;2021-09-04;19:20:00;Sábado;Arma de fogo;Masculino;29;Ensino Fundamental Completo;Parda
Fortaleza;AIS 08;HOMICIDIO DOLOSO;2021-09-04;21:00:00;Sábado;Arma de fogo;Masculino;30;Não Alfabetizado;Parda
Iguatu;AIS 10;HOMICIDIO DOLOSO;2021-09-04;21:00:00;Sábado;Arma de fogo;Masculino;22;Não Alfabetizado;Não Informada
Tianguá;AIS 27;HOMICIDIO DOLOSO;2021-09-04;22:59:59;Sábado;Arma de fogo;Masculino;28;Alfabetizado;Não Informada
Fortaleza;AIS 17;HOMICIDIO DOLOSO;2021-09-04;23:00:00;Sábado;Arma de fogo;Masculino;36;Ensino Fundamental Incompleto;Não Informada
Fortaleza;AIS 16;HOMICIDIO DOLOSO;2021-09-04;23:15:00;Sábado;Outros meios;Masculino;27;Ensino Médio Completo;Parda
Fortaleza;AIS 21;HOMICIDIO DOLOSO;2021-09-05;00:29:59;Domingo;Arma de fogo;Masculino;26;Ensino Fundamental Incompleto;Não Informada
Mauriti;AIS 32;HOMICIDIO DOLOSO;2021-09-05;01:23:00;Domingo;Arma de fogo;Masculino;27;Ensino Fundamental Completo;Parda
Milhã;AIS 09;HOMICIDIO DOLOSO;2021-09-05;01:30:00;Domingo;Arma de fogo;Masculino;17;Alfabetizado;Não Informada
Cascavel;AIS 15;HOMICIDIO DOLOSO;2021-09-05;01:40:00;Domingo;Arma de fogo;Masculino;25;Ensino Fundamental Completo;Não Informada
Fortaleza;AIS 19;HOMICIDIO DOLOSO;2021-09-05;06:10:00;Domingo;Arma de fogo;Masculino;37;Não Informada;Não Informada
Cruz;AIS 11;FEMINICÍDIO;2021-09-05;08:30:00;Domingo;Outros meios;Feminino;20;Não Informada;Não Informada
São Luís do Curu;AIS 23;HOMICIDIO DOLOSO;2021-09-05;08:40:00;Domingo;Arma de fogo;Masculino;41;Não Informada;Não Informada
Caucaia;AIS 12;HOMICIDIO DOLOSO;2021-09-05;08:47:00;Domingo;Arma de fogo;Masculino;43;Não Informada;Não Informada
Fortaleza;AIS 08;HOMICIDIO DOLOSO;2021-09-05;12:00:00;Domingo;Arma de fogo;Masculino;31;Não Informada;Não Informada
Iguatu;AIS 10;HOMICIDIO DOLOSO;2021-09-05;12:49:59;Domingo;Arma de fogo;Masculino;22;Ensino Fundamental Incompleto;Parda
Fortaleza;AIS 19;HOMICIDIO DOLOSO;2021-09-05;19:00:00;Domingo;Arma de fogo;Feminino;38;Ensino Médio Completo;Não Informada
Crato;AIS 02;HOMICIDIO DOLOSO;2021-09-05;20:30:00;Domingo;Arma de fogo;Masculino;19;Alfabetizado;Branca
Fortaleza;AIS 05;HOMICIDIO DOLOSO;2021-09-05;22:00:00;Domingo;Arma de fogo;Masculino;59;Alfabetizado;Não Informada
Sobral;AIS 03;HOMICIDIO DOLOSO;2021-09-05;23:20:59;Domingo;Arma de fogo;Masculino;16;Alfabetizado;Não Informada
Fortaleza;AIS 20;HOMICIDIO DOLOSO;2021-09-06;14:39:00;Segunda;Outros meios;Masculino;15;Alfabetizado;Branca
Aquiraz;AIS 15;HOMICIDIO DOLOSO;2021-09-06;18:26:59;Segunda;Arma de fogo;Masculino;41;Alfabetizado;Não Informada
Acaraú;AIS 11;HOMICIDIO DOLOSO;2021-09-06;18:40:00;Segunda;Arma de fogo;Masculino;58;Alfabetizado;Branca
Russas;AIS 01;HOMICIDIO DOLOSO;2021-09-06;19:34:59;Segunda;Arma de fogo;Feminino;28;Ensino Fundamental Completo;Não Informada
São Benedito;AIS 27;HOMICIDIO DOLOSO;2021-09-06;21:00:00;Segunda;Arma de fogo;Masculino;34;Alfabetizado;Parda
Fortaleza;AIS 20;HOMICIDIO DOLOSO;2021-09-06;22:14:00;Segunda;Arma de fogo;Feminino;18;Alfabetizado;Não Informada
Caucaia;AIS 26;HOMICIDIO DOLOSO;2021-09-06;23:23:00;Segunda;Arma de fogo;Masculino;32;Ensino Fundamental Completo;Parda
Sobral;AIS 03;HOMICIDIO DOLOSO;2021-09-07;06:00:00;Terça;Arma de fogo;Masculino;49;Alfabetizado;Preta
Sobral;AIS 03;HOMICIDIO DOLOSO;2021-09-07;06:00:00;Terça;Arma de fogo;Masculino;34;Alfabetizado;Não Informada
Farias Brito;AIS 02;HOMICIDIO DOLOSO;2021-09-07;09:29:59;Terça;Arma de fogo;Feminino;45;Ensino Médio Completo;Não Informada
Fortaleza;AIS 16;HOMICIDIO DOLOSO;2021-09-07;18:29:59;Terça;Arma de fogo;Masculino;26;Alfabetizado;Não Informada
Horizonte;AIS 25;HOMICIDIO DOLOSO;2021-09-07;18:40:00;Terça;Arma de fogo;Masculino;26;Ensino Fundamental Completo;Parda
Horizonte;AIS 25;HOMICIDIO DOLOSO;2021-09-07;18:40:00;Terça;Arma de fogo;Feminino;25;Não Informada;Não Informada
Horizonte;AIS 25;HOMICIDIO DOLOSO;2021-09-07;18:40:00;Terça;Arma de fogo;Feminino;1;Não Alfabetizado;Não Informada
Crato;AIS 02;HOMICIDIO DOLOSO;2021-09-07;21:29:59;Terça;Arma de fogo;Masculino;20;Não Alfabetizado;Não Informada
Tianguá;AIS 27;HOMICIDIO DOLOSO;2021-09-08;04:59:59;Quarta;Arma de fogo;Feminino;18;Ensino Médio Incompleto;Parda
Juazeiro do Norte;AIS 02;ROUBO SEGUIDO DE MORTE (LATROCINIO);2021-09-08;06:10:00;Quarta;Arma de fogo;Masculino;26;Ensino Médio Completo;Parda
Caucaia;AIS 12;HOMICIDIO DOLOSO;2021-09-08;06:29:59;Quarta;Arma de fogo;Masculino;23;Ensino Fundamental Completo;Não Informada
Mauriti;AIS 32;FEMINICÍDIO;2021-09-08;06:40:00;Quarta;Outros meios;Feminino;30;Ensino Fundamental Completo;Não Informada
Caucaia;AIS 12;HOMICIDIO DOLOSO;2021-09-08;07:00:00;Quarta;Arma de fogo;Masculino;62;Ensino Fundamental Completo;Parda
Caucaia;AIS 12;HOMICIDIO DOLOSO;2021-09-08;13:59:59;Quarta;Arma de fogo;Masculino;Não Informada;Não Informada;Não Informada
Nova Olinda;AIS 02;HOMICIDIO DOLOSO;2021-09-08;13:59:59;Quarta;Arma de fogo;Masculino;37;Alfabetizado;Não Informada
Fortaleza;AIS 17;HOMICIDIO DOLOSO;2021-09-08;17:40:00;Quarta;Arma de fogo;Masculino;24;Ensino Fundamental Incompleto;Não Informada
Maranguape;AIS 24;HOMICIDIO DOLOSO;2021-09-08;19:20:00;Quarta;Arma de fogo;Masculino;32;Ensino Fundamental Incompleto;Não Informada
Caucaia;AIS 26;HOMICIDIO DOLOSO;2021-09-08;19:59:59;Quarta;Arma de fogo;Masculino;20;Ensino Médio Incompleto;Não Informada
Fortaleza;AIS 18;HOMICIDIO DOLOSO;2021-09-09;01:59:59;Quinta;Arma branca;Masculino;30;Ensino Fundamental Incompleto;Não Informada
Ocara;AIS 29;ROUBO SEGUIDO DE MORTE (LATROCINIO);2021-09-09;05:19:59;Quinta;Arma de fogo;Masculino;40;Alfabetizado;Parda
Pereiro;AIS 31;HOMICIDIO DOLOSO;2021-09-09;07:59:59;Quinta;Arma de fogo;Masculino;38;Ensino Fundamental Incompleto;Parda
Fortaleza;AIS 17;HOMICIDIO DOLOSO;2021-09-09;09:21:00;Quinta;Arma de fogo;Masculino;16;Alfabetizado;Parda
Fortaleza;AIS 19;HOMICIDIO DOLOSO;2021-09-09;13:08:00;Quinta;Arma de fogo;Feminino;25;Ensino Fundamental Incompleto;Não Informada
Fortaleza;AIS 22;ROUBO SEGUIDO DE MORTE (LATROCINIO);2021-09-09;13:59:59;Quinta;Arma de fogo;Masculino;31;Não Informada;Não Informada
Boa Viagem;AIS 04;HOMICIDIO DOLOSO;2021-09-09;17:30:00;Quinta;Arma de fogo;Masculino;76;Alfabetizado;Não Informada
Maracanaú;AIS 14;HOMICIDIO DOLOSO;2021-09-09;18:54:00;Quinta;Arma de fogo;Masculino;39;Alfabetizado;Parda
Cascavel;AIS 15;HOMICIDIO DOLOSO;2021-09-09;19:00:00;Quinta;Arma de fogo;Masculino;18;Ensino Fundamental Incompleto;Não Informada
Fortaleza;AIS 06;HOMICIDIO DOLOSO;2021-09-09;19:09:00;Quinta;Arma de fogo;Masculino;32;Ensino Fundamental Completo;Não Informada
Eusébio;AIS 15;HOMICIDIO DOLOSO;2021-09-09;19:25:00;Quinta;Arma de fogo;Feminino;8;Ensino Fundamental Incompleto;Não Informada
Horizonte;AIS 25;HOMICIDIO DOLOSO;2021-09-10;03:29:59;Sexta;Arma de fogo;Masculino;23;Ensino Médio Completo;Não Informada
Fortaleza;AIS 16;HOMICIDIO DOLOSO;2021-09-10;06:04:59;Sexta;Arma de fogo;Masculino;35;Ensino Médio Completo;Não Informada
São João do Jaguaribe;AIS 01;HOMICIDIO DOLOSO;2021-09-10;07:30:00;Sexta;Arma de fogo;Feminino;53;Alfabetizado;Branca
São João do Jaguaribe;AIS 01;HOMICIDIO DOLOSO;2021-09-10;07:30:00;Sexta;Arma de fogo;Feminino;50;Superior Completo;Não Informada
Pindoretama;AIS 15;HOMICIDIO DOLOSO;2021-09-10;10:00:00;Sexta;Arma de fogo;Masculino;53;Alfabetizado;Não Informada
Fortaleza;AIS 21;HOMICIDIO DOLOSO;2021-09-10;11:10:00;Sexta;Arma de fogo;Masculino;29;Ensino Fundamental Completo;Não Informada
Fortaleza;AIS 21;HOMICIDIO DOLOSO;2021-09-10;11:57:00;Sexta;Arma de fogo;Masculino;27;Alfabetizado;Não Informada
Independência;AIS 07;HOMICIDIO DOLOSO;2021-09-10;14:10:00;Sexta;Arma de fogo;Masculino;35;Ensino Fundamental Completo;Não Informada
Independência;AIS 07;HOMICIDIO DOLOSO;2021-09-10;14:30:00;Sexta;Arma de fogo;Masculino;37;Alfabetizado;Não Informada
Sobral;AIS 03;FEMINICÍDIO;2021-09-10;15:00:00;Sexta;Arma de fogo;Feminino;20;Alfabetizado;Não Informada
Pacajus;AIS 25;HOMICIDIO DOLOSO;2021-09-10;19:40:00;Sexta;Arma branca;Masculino;40;Alfabetizado;Não Informada
Maracanaú;AIS 14;HOMICIDIO DOLOSO;2021-09-10;22:59:59;Sexta;Arma de fogo;Masculino;31;Ensino Fundamental Incompleto;Não Informada
Juazeiro do Norte;AIS 02;HOMICIDIO DOLOSO;2021-09-11;00:29:59;Sábado;Arma de fogo;Masculino;21;Ensino Fundamental Incompleto;Não Informada
Maracanaú;AIS 14;HOMICIDIO DOLOSO;2021-09-11;00:39:00;Sábado;Arma de fogo;Masculino;43;Alfabetizado;Não Informada
Tauá;AIS 13;HOMICIDIO DOLOSO;2021-09-11;13:59:59;Sábado;Arma de fogo;Masculino;26;Alfabetizado;Parda
Caucaia;AIS 12;HOMICIDIO DOLOSO;2021-09-11;13:59:59;Sábado;Arma de fogo;Masculino;18;Ensino Fundamental Completo;Não Informada
Aquiraz;AIS 15;HOMICIDIO DOLOSO;2021-09-11;18:56:00;Sábado;Arma de fogo;Masculino;35;Ensino Fundamental Completo;Não Informada
Marco;AIS 11;HOMICIDIO DOLOSO;2021-09-11;20:19:59;Sábado;Arma de fogo;Masculino;37;Ensino Médio Incompleto;Não Informada
Fortaleza;AIS 17;HOMICIDIO DOLOSO;2021-09-11;22:00:00;Sábado;Arma de fogo;Masculino;29;Alfabetizado;Parda
Catunda;AIS 07;HOMICIDIO DOLOSO;2021-09-11;23:30:00;Sábado;Arma de fogo;Masculino;52;Ensino Fundamental Incompleto;Não Informada
Trairi;AIS 23;HOMICIDIO DOLOSO;2021-09-12;02:50:00;Domingo;Arma de fogo;Masculino;29;Ensino Médio Completo;Não Informada
Bela Cruz;AIS 11;HOMICIDIO DOLOSO;2021-09-12;04:31:00;Domingo;Arma de fogo;Masculino;30;Alfabetizado;Não Informada
Fortaleza;AIS 20;HOMICIDIO DOLOSO;2021-09-12;12:29:59;Domingo;Arma de fogo;Masculino;25;Ensino Fundamental Completo;Parda
Morada Nova;AIS 09;HOMICIDIO DOLOSO;2021-09-12;13:30:00;Domingo;Arma de fogo;Masculino;20;Ensino Fundamental Incompleto;Preta
Limoeiro do Norte;AIS 01;HOMICIDIO DOLOSO;2021-09-12;13:30:00;Domingo;Arma de fogo;Masculino;38;Ensino Médio Completo;Não Informada
Aquiraz;AIS 15;HOMICIDIO DOLOSO;2021-09-12;13:59:59;Domingo;Arma de fogo;Masculino;22;Alfabetizado;Não Informada
Caucaia;AIS 26;HOMICIDIO DOLOSO;2021-09-12;16:30:00;Domingo;Arma de fogo;Masculino;25;Alfabetizado;Não Informada
Fortaleza;AIS 16;HOMICIDIO DOLOSO;2021-09-12;17:44:59;Domingo;Arma branca;Masculino;38;Não Informada;Não Informada
São Benedito;AIS 27;HOMICIDIO DOLOSO;2021-09-12;21:00:00;Domingo;Arma de fogo;Feminino;22;Alfabetizado;Não Informada
Pacatuba;AIS 24;HOMICIDIO DOLOSO;2021-09-12;22:20:00;Domingo;Arma de fogo;Masculino;23;Ensino Fundamental Incompleto;Não Informada
Quixadá;AIS 09;HOMICIDIO DOLOSO;2021-09-12;22:30:00;Domingo;Arma de fogo;Feminino;36;Alfabetizado;Não Informada
Quixadá;AIS 09;HOMICIDIO DOLOSO;2021-09-12;22:30:00;Domingo;Arma de fogo;Masculino;29;Alfabetizado;Não Informada
Icó;AIS 34;HOMICIDIO DOLOSO;2021-09-12;23:30:00;Domingo;Arma de fogo;Masculino;25;Ensino Fundamental Incompleto;Preta
Monsenhor Tabosa;AIS 07;HOMICIDIO DOLOSO;2021-09-13;07:30:00;Segunda;Arma de fogo;Masculino;34;Ensino Fundamental Incompleto;Branca
Fortaleza;AIS 21;HOMICIDIO DOLOSO;2021-09-13;08:41:59;Segunda;Arma de fogo;Masculino;29;Ensino Médio Incompleto;Não Informada
Poranga;AIS 07;HOMICIDIO DOLOSO;2021-09-13;11:30:00;Segunda;Arma de fogo;Masculino;38;Alfabetizado;Não Informada
Morada Nova;AIS 09;HOMICIDIO DOLOSO;2021-09-13;11:40:00;Segunda;Arma de fogo;Masculino;24;Alfabetizado;Parda
Russas;AIS 01;HOMICIDIO DOLOSO;2021-09-13;13:20:00;Segunda;Arma de fogo;Masculino;21;Ensino Fundamental Incompleto;Não Informada
Morada Nova;AIS 09;HOMICIDIO DOLOSO;2021-09-13;13:40:00;Segunda;Arma de fogo;Masculino;26;Ensino Fundamental Completo;Não Informada
Trairi;AIS 23;HOMICIDIO DOLOSO;2021-09-13;16:20:00;Segunda;Arma de fogo;Masculino;22;Ensino Médio Incompleto;Parda
Monsenhor Tabosa;AIS 07;HOMICIDIO DOLOSO;2021-09-13;16:59:59;Segunda;Arma de fogo;Masculino;28;Alfabetizado;Não Informada
Jijoca de Jericoacoara;AIS 11;HOMICIDIO DOLOSO;2021-09-13;19:00:00;Segunda;Arma de fogo;Masculino;56;Não Informada;Não Informada
Marco;AIS 11;HOMICIDIO DOLOSO;2021-09-14;00:10:00;Terça;Arma de fogo;Masculino;40;Alfabetizado;Não Informada
Pentecoste;AIS 11;HOMICIDIO DOLOSO;2021-09-14;08:55:00;Terça;Arma de fogo;Masculino;29;Alfabetizado;Parda
Aurora;AIS 02;HOMICIDIO DOLOSO;2021-09-14;10:00:00;Terça;Arma de fogo;Masculino;17;Alfabetizado;Não Informada
Crato;AIS 02;HOMICIDIO DOLOSO;2021-09-14;19:40:00;Terça;Arma de fogo;Masculino;38;Alfabetizado;Não Informada
Juazeiro do Norte;AIS 02;HOMICIDIO DOLOSO;2021-09-14;19:49:59;Terça;Arma de fogo;Masculino;18;Ensino Fundamental Incompleto;Não Informada
Itaitinga;AIS 25;HOMICIDIO DOLOSO;2021-09-14;19:51:00;Terça;Arma de fogo;Masculino;23;Ensino Fundamental Incompleto;Não Informada
Caucaia;AIS 12;HOMICIDIO DOLOSO;2021-09-14;21:56:00;Terça;Arma de fogo;Masculino;24;Alfabetizado;Não Informada
Caucaia;AIS 12;HOMICIDIO DOLOSO;2021-09-14;21:56:00;Terça;Arma de fogo;Masculino;22;Alfabetizado;Não Informada
Caucaia;AIS Não Identificada (Caucaia);HOMICIDIO DOLOSO;2021-09-15;06:34:00;Quarta;Arma de fogo;Masculino;27;Alfabetizado;Parda
Itapiúna;AIS 29;FEMINICÍDIO;2021-09-15;07:59:59;Quarta;Arma de fogo;Feminino;33;Ensino Médio Completo;Parda
Russas;AIS 01;HOMICIDIO DOLOSO;2021-09-15;12:19:59;Quarta;Arma de fogo;Masculino;33;Ensino Fundamental Incompleto;Parda
Massapê;AIS 03;HOMICIDIO DOLOSO;2021-09-15;12:19:59;Quarta;Arma de fogo;Masculino;38;Alfabetizado;Não Informada
Caucaia;AIS Não Identificada (Caucaia);HOMICIDIO DOLOSO;2021-09-15;14:15:00;Quarta;Arma de fogo;Masculino;19;Ensino Fundamental Completo;Não Informada
Guaiúba;AIS 24;HOMICIDIO DOLOSO;2021-09-15;18:29:59;Quarta;Arma de fogo;Masculino;54;Alfabetizado;Parda
Guaiúba;AIS 24;HOMICIDIO DOLOSO;2021-09-15;18:29:59;Quarta;Arma de fogo;Masculino;29;Alfabetizado;Não Informada
Brejo Santo;AIS 32;HOMICIDIO DOLOSO;2021-09-15;19:59:59;Quarta;Arma de fogo;Masculino;27;Alfabetizado;Parda
Brejo Santo;AIS 32;HOMICIDIO DOLOSO;2021-09-15;19:59:59;Quarta;Arma de fogo;Masculino;22;Ensino Fundamental Incompleto;Não Informada
Fortaleza;AIS 19;HOMICIDIO DOLOSO;2021-09-15;20:30:00;Quarta;Arma de fogo;Feminino;31;Ensino Fundamental Incompleto;Não Informada
Deputado Irapuan Pinheiro;AIS 09;HOMICIDIO DOLOSO;2021-09-15;22:30:00;Quarta;Arma de fogo;Masculino;43;Alfabetizado;Não Informada
Juazeiro do Norte;AIS 02;HOMICIDIO DOLOSO;2021-09-16;00:04:59;Quinta;Arma de fogo;Masculino;16;Alfabetizado;Não Informada
Juazeiro do Norte;AIS 02;HOMICIDIO DOLOSO;2021-09-16;00:04:59;Quinta;Arma de fogo;Masculino;19;Ensino Médio Incompleto;Não Informada
Aquiraz;AIS 15;HOMICIDIO DOLOSO;2021-09-16;02:15:00;Quinta;Arma de fogo;Feminino;21;Alfabetizado;Não Informada
Aquiraz;AIS 15;HOMICIDIO DOLOSO;2021-09-16;02:15:00;Quinta;Arma de fogo;Feminino;49;Alfabetizado;Não Informada
Aquiraz;AIS 15;HOMICIDIO DOLOSO;2021-09-16;02:15:00;Quinta;Arma de fogo;Masculino;25;Alfabetizado;Não Informada
Jucás;AIS 10;HOMICIDIO DOLOSO;2021-09-16;03:00:00;Quinta;Arma de fogo;Masculino;18;Alfabetizado;Não Informada
Santa Quitéria;AIS 07;HOMICIDIO DOLOSO;2021-09-16;03:00:00;Quinta;Arma de fogo;Feminino;28;Não Informada;Não Informada
Independência;AIS 07;HOMICIDIO DOLOSO;2021-09-16;03:29:59;Quinta;Arma de fogo;Masculino;19;Alfabetizado;Não Informada
Caucaia;AIS 26;HOMICIDIO DOLOSO;2021-09-16;08:19:59;Quinta;Arma de fogo;Masculino;24;Ensino Médio Completo;Não Informada
Fortaleza;AIS 19;HOMICIDIO DOLOSO;2021-09-16;18:49:59;Quinta;Arma de fogo;Masculino;26;Ensino Fundamental Incompleto;Parda
Sobral;AIS 03;HOMICIDIO DOLOSO;2021-09-16;20:58:59;Quinta;Arma de fogo;Masculino;21;Não Informada;Não Informada
Iguatu;AIS 10;HOMICIDIO DOLOSO;2021-09-16;21:00:00;Quinta;Arma de fogo;Masculino;67;Alfabetizado;Não Informada
Tianguá;AIS 27;HOMICIDIO DOLOSO;2021-09-16;22:00:00;Quinta;Arma branca;Masculino;24;Não Informada;Não Informada
Fortaleza;AIS 21;HOMICIDIO DOLOSO;2021-09-17;09:29:59;Sexta;Arma de fogo;Masculino;40;Ensino Fundamental Completo;Não Informada
Sobral;AIS 03;HOMICIDIO DOLOSO;2021-09-17;12:00:00;Sexta;Arma de fogo;Masculino;34;Não Informada;Não Informada
Itapipoca;AIS 11;HOMICIDIO DOLOSO;2021-09-17;12:15:00;Sexta;Arma de fogo;Masculino;40;Ensino Fundamental Completo;Não Informada
Fortaleza;AIS 16;HOMICIDIO DOLOSO;2021-09-17;13:59:59;Sexta;Outros meios;Masculino;32;Ensino Fundamental Completo;Não Informada
Trairi;AIS 23;HOMICIDIO DOLOSO;2021-09-17;22:30:00;Sexta;Arma de fogo;Masculino;19;Ensino Fundamental Incompleto;Não Informada
Itapiúna;AIS 29;HOMICIDIO DOLOSO;2021-09-18;00:29:59;Sábado;Outros meios;Masculino;18;Alfabetizado;Parda
Amontada;AIS 11;HOMICIDIO DOLOSO;2021-09-18;01:26:00;Sábado;Arma de fogo;Masculino;29;Ensino Médio Completo;Branca
Trairi;AIS 23;HOMICIDIO DOLOSO;2021-09-18;02:50:00;Sábado;Arma de fogo;Masculino;49;Não Alfabetizado;Não Informada
Chorozinho;AIS 25;HOMICIDIO DOLOSO;2021-09-18;05:44:59;Sábado;Arma de fogo;Masculino;15;Ensino Fundamental Incompleto;Parda
Chorozinho;AIS 25;HOMICIDIO DOLOSO;2021-09-18;05:44:59;Sábado;Arma de fogo;Masculino;17;Não Alfabetizado;Parda
Chorozinho;AIS 25;HOMICIDIO DOLOSO;2021-09-18;05:44:59;Sábado;Arma de fogo;Masculino;15;Ensino Fundamental Incompleto;Não Informada
Chorozinho;AIS 25;HOMICIDIO DOLOSO;2021-09-18;05:44:59;Sábado;Arma de fogo;Masculino;16;Ensino Fundamental Incompleto;Não Informada
Reriutaba;AIS 07;HOMICIDIO DOLOSO;2021-09-18;12:00:00;Sábado;Arma de fogo;Masculino;38;Alfabetizado;Parda
Fortaleza;AIS 16;HOMICIDIO DOLOSO;2021-09-18;12:25:00;Sábado;Arma de fogo;Masculino;37;Ensino Fundamental Incompleto;Não Informada
Campos Sales;AIS 33;HOMICIDIO DOLOSO;2021-09-18;15:05:59;Sábado;Arma de fogo;Masculino;31;Superior Completo;Não Informada
Fortaleza;AIS 19;HOMICIDIO DOLOSO;2021-09-18;16:26:00;Sábado;Arma de fogo;Feminino;38;Alfabetizado;Não Informada
Ibicuitinga;AIS 09;HOMICIDIO DOLOSO;2021-09-18;17:44:59;Sábado;Arma de fogo;Masculino;38;Alfabetizado;Não Informada
Trairi;AIS 23;HOMICIDIO DOLOSO;2021-09-18;18:00:00;Sábado;Arma de fogo;Masculino;28;Ensino Fundamental Completo;Parda
Trairi;AIS 23;HOMICIDIO DOLOSO;2021-09-18;18:00:00;Sábado;Arma de fogo;Masculino;27;Ensino Fundamental Incompleto;Não Informada
Jaguaruana;AIS 01;HOMICIDIO DOLOSO;2021-09-18;19:40:00;Sábado;Arma de fogo;Masculino;23;Não Informada;Não Informada
Fortaleza;AIS 16;HOMICIDIO DOLOSO;2021-09-18;19:59:59;Sábado;Arma de fogo;Masculino;20;Não Informada;Não Informada
São Benedito;AIS 27;HOMICIDIO DOLOSO;2021-09-18;19:59:59;Sábado;Arma de fogo;Masculino;48;Alfabetizado;Não Informada
Jaguaribe;AIS 31;HOMICIDIO DOLOSO;2021-09-18;20:30:00;Sábado;Outros meios;Feminino;24;Alfabetizado;Não Informada
Itapajé;AIS 11;HOMICIDIO DOLOSO;2021-09-18;23:40:00;Sábado;Arma de fogo;Masculino;16;Alfabetizado;Não Informada
Quixadá;AIS 09;HOMICIDIO DOLOSO;2021-09-18;23:45:00;Sábado;Arma de fogo;Masculino;19;Alfabetizado;Não Informada
Itatira;AIS 04;HOMICIDIO DOLOSO;2021-09-19;01:00:00;Domingo;Arma de fogo;Masculino;20;Alfabetizado;Não Informada
Itapajé;AIS 11;HOMICIDIO DOLOSO;2021-09-19;02:30:00;Domingo;Arma de fogo;Masculino;52;Alfabetizado;Não Informada
Forquilha;AIS 03;HOMICIDIO DOLOSO;2021-09-19;03:00:00;Domingo;Arma de fogo;Masculino;24;Ensino Médio Completo;Não Informada
Fortaleza;AIS 16;HOMICIDIO DOLOSO;2021-09-19;07:00:00;Domingo;Outros meios;Masculino;25;Alfabetizado;Não Informada
Fortaleza;AIS 16;HOMICIDIO DOLOSO;2021-09-19;07:30:00;Domingo;Outros meios;Masculino;Não Informada;Não Informada;Não Informada
Morada Nova;AIS 09;HOMICIDIO DOLOSO;2021-09-19;07:59:59;Domingo;Arma de fogo;Feminino;36;Ensino Médio Completo;Parda
Horizonte;AIS 25;HOMICIDIO DOLOSO;2021-09-19;12:15:00;Domingo;Arma de fogo;Masculino;29;Alfabetizado;Não Informada
Cascavel;AIS 15;HOMICIDIO DOLOSO;2021-09-20;04:59:59;Segunda;Outros meios;Masculino;20;Alfabetizado;Não Informada
Itaitinga;AIS 25;HOMICIDIO DOLOSO;2021-09-20;06:49:59;Segunda;Arma de fogo;Masculino;28;Ensino Fundamental Incompleto;Parda
Guaiúba;AIS 24;HOMICIDIO DOLOSO;2021-09-20;20:09:00;Segunda;Arma de fogo;Masculino;40;Ensino Fundamental Completo;Parda
Caucaia;AIS 12;HOMICIDIO DOLOSO;2021-09-20;20:19:59;Segunda;Arma de fogo;Masculino;34;Ensino Médio Completo;Parda
Trairi;AIS 23;HOMICIDIO DOLOSO;2021-09-20;20:30:00;Segunda;Arma de fogo;Feminino;31;Não Informada;Não Informada
Fortaleza;AIS 22;HOMICIDIO DOLOSO;2021-09-20;21:17:00;Segunda;Arma de fogo;Masculino;18;Ensino Médio Completo;Parda
Caucaia;AIS 12;HOMICIDIO DOLOSO;2021-09-21;00:55:00;Terça;Arma de fogo;Masculino;28;Ensino Médio Incompleto;Não Informada
Fortaleza;AIS 19;HOMICIDIO DOLOSO;2021-09-21;01:00:00;Terça;Arma de fogo;Feminino;42;Alfabetizado;Não Informada
Horizonte;AIS 25;HOMICIDIO DOLOSO;2021-09-21;02:44:59;Terça;Arma de fogo;Feminino;22;Ensino Médio Incompleto;Parda
Horizonte;AIS 25;HOMICIDIO DOLOSO;2021-09-21;04:40:00;Terça;Arma de fogo;Masculino;35;Ensino Fundamental Completo;Não Informada
São João do Jaguaribe;AIS 01;HOMICIDIO DOLOSO;2021-09-21;07:59:59;Terça;Arma de fogo;Masculino;19;Alfabetizado;Branca
Fortaleza;AIS 21;HOMICIDIO DOLOSO;2021-09-21;08:50:00;Terça;Arma de fogo;Masculino;19;Ensino Fundamental Completo;Parda
Santa Quitéria;AIS 07;HOMICIDIO DOLOSO;2021-09-21;11:30:00;Terça;Arma de fogo;Masculino;25;Alfabetizado;Parda
Fortaleza;AIS 16;HOMICIDIO DOLOSO;2021-09-21;12:43:59;Terça;Arma de fogo;Feminino;31;Alfabetizado;Não Informada
Fortaleza;AIS 20;HOMICIDIO DOLOSO;2021-09-21;19:28:00;Terça;Arma de fogo;Feminino;22;Ensino Fundamental Incompleto;Parda
Limoeiro do Norte;AIS 01;HOMICIDIO DOLOSO;2021-09-21;20:05:00;Terça;Arma de fogo;Masculino;41;Alfabetizado;Não Informada
Fortaleza;AIS 18;HOMICIDIO DOLOSO;2021-09-21;20:06:59;Terça;Arma de fogo;Masculino;27;Não Alfabetizado;Não Informada
Fortaleza;AIS 18;HOMICIDIO DOLOSO;2021-09-21;21:29:59;Terça;Arma de fogo;Masculino;15;Ensino Fundamental Incompleto;Não Informada
Itapajé;AIS 11;HOMICIDIO DOLOSO;2021-09-22;07:00:00;Quarta;Arma de fogo;Masculino;42;Ensino Médio Completo;Parda
Fortaleza;AIS 17;HOMICIDIO DOLOSO;2021-09-22;07:13:00;Quarta;Outros meios;Masculino;20;Ensino Médio Completo;Parda
Fortaleza;AIS 19;HOMICIDIO DOLOSO;2021-09-22;13:31:00;Quarta;Arma de fogo;Masculino;23;Alfabetizado;Não Informada
Independência;AIS 07;HOMICIDIO DOLOSO;2021-09-22;18:40:00;Quarta;Arma de fogo;Masculino;21;Não Informada;Não Informada
Fortaleza;AIS 20;HOMICIDIO DOLOSO;2021-09-22;19:59:59;Quarta;Arma de fogo;Masculino;17;Não Informada;Não Informada
Pacatuba;AIS 24;HOMICIDIO DOLOSO;2021-09-22;22:15:00;Quarta;Arma de fogo;Masculino;28;Ensino Médio Completo;Parda
Caucaia;AIS 12;HOMICIDIO DOLOSO;2021-09-23;02:39:59;Quinta;Arma de fogo;Masculino;43;Não Informada;Não Informada
Juazeiro do Norte;AIS 02;HOMICIDIO DOLOSO;2021-09-23;04:20:00;Quinta;Arma de fogo;Masculino;21;Alfabetizado;Não Informada
Caucaia;AIS 12;HOMICIDIO DOLOSO;2021-09-23;09:20:59;Quinta;Arma de fogo;Masculino;56;Ensino Fundamental Incompleto;Parda
Pentecoste;AIS 11;HOMICIDIO DOLOSO;2021-09-23;14:19:59;Quinta;Arma de fogo;Masculino;29;Não Informada;Não Informada
Iracema;AIS 31;HOMICIDIO DOLOSO;2021-09-23;19:00:00;Quinta;Arma de fogo;Feminino;16;Alfabetizado;Não Informada
Mucambo;AIS 03;HOMICIDIO DOLOSO;2021-09-23;21:15:00;Quinta;Arma de fogo;Masculino;26;Alfabetizado;Não Informada
Caucaia;AIS 12;HOMICIDIO DOLOSO;2021-09-23;22:59:59;Quinta;Arma de fogo;Feminino;17;Ensino Fundamental Incompleto;Parda
Caucaia;AIS 12;HOMICIDIO DOLOSO;2021-09-23;22:59:59;Quinta;Arma de fogo;Masculino;23;Alfabetizado;Não Informada
Horizonte;AIS 25;HOMICIDIO DOLOSO;2021-09-24;05:15:00;Sexta;Arma de fogo;Masculino;30;Ensino Fundamental Incompleto;Não Informada
Aracati;AIS 30;HOMICIDIO DOLOSO;2021-09-24;06:35:00;Sexta;Arma de fogo;Masculino;30;Alfabetizado;Não Informada
Jijoca de Jericoacoara;AIS 11;HOMICIDIO DOLOSO;2021-09-24;11:19:59;Sexta;Outros meios;Masculino;31;Ensino Fundamental Incompleto;Parda
Icapuí;AIS 30;HOMICIDIO DOLOSO;2021-09-24;14:10:00;Sexta;Arma de fogo;Masculino;28;Alfabetizado;Parda
Independência;AIS 07;HOMICIDIO DOLOSO;2021-09-24;14:30:00;Sexta;Arma de fogo;Feminino;35;Alfabetizado;Branca
Independência;AIS 07;HOMICIDIO DOLOSO;2021-09-24;14:30:00;Sexta;Arma de fogo;Masculino;30;Alfabetizado;Não Informada
Independência;AIS 07;HOMICIDIO DOLOSO;2021-09-24;14:30:00;Sexta;Arma de fogo;Masculino;31;Ensino Fundamental Incompleto;Não Informada
Crateús;AIS 07;HOMICIDIO DOLOSO;2021-09-24;21:29:59;Sexta;Arma de fogo;Masculino;30;Ensino Médio Incompleto;Não Informada
Fortaleza;AIS 16;HOMICIDIO DOLOSO;2021-09-24;21:29:59;Sexta;Arma de fogo;Masculino;17;Alfabetizado;Não Informada
Guaiúba;AIS 24;HOMICIDIO DOLOSO;2021-09-24;22:59:59;Sexta;Arma de fogo;Masculino;44;Ensino Fundamental Completo;Parda
Fortaleza;AIS 17;HOMICIDIO DOLOSO;2021-09-25;07:01:00;Sábado;Outros meios;Masculino;49;Superior Completo;Não Informada
Fortaleza;AIS 16;HOMICIDIO DOLOSO;2021-09-25;14:11:00;Sábado;Arma de fogo;Masculino;47;Alfabetizado;Não Informada
Fortaleza;AIS 21;HOMICIDIO DOLOSO;2021-09-25;15:21:59;Sábado;Arma de fogo;Masculino;26;Alfabetizado;Parda
Fortaleza;AIS 19;HOMICIDIO DOLOSO;2021-09-25;15:29:59;Sábado;Outros meios;Masculino;32;Alfabetizado;Preta
Fortaleza;AIS 18;HOMICIDIO DOLOSO;2021-09-25;16:59:59;Sábado;Arma de fogo;Masculino;35;Ensino Fundamental Completo;Não Informada
Monsenhor Tabosa;AIS 07;HOMICIDIO DOLOSO;2021-09-25;18:29:59;Sábado;Arma de fogo;Masculino;20;Não Informada;Não Informada
Monsenhor Tabosa;AIS 07;HOMICIDIO DOLOSO;2021-09-25;18:29:59;Sábado;Arma de fogo;Masculino;16;Ensino Fundamental Incompleto;Não Informada
Cascavel;AIS 15;HOMICIDIO DOLOSO;2021-09-25;19:59:59;Sábado;Arma de fogo;Masculino;23;Ensino Médio Completo;Branca
Maranguape;AIS 24;HOMICIDIO DOLOSO;2021-09-25;19:59:59;Sábado;Arma de fogo;Masculino;22;Ensino Fundamental Incompleto;Não Informada
Caucaia;AIS 26;HOMICIDIO DOLOSO;2021-09-25;21:19:59;Sábado;Arma de fogo;Masculino;24;Alfabetizado;Não Informada
Fortaleza;AIS 19;HOMICIDIO DOLOSO;2021-09-25;22:17:00;Sábado;Arma de fogo;Masculino;41;Alfabetizado;Não Informada
Russas;AIS 01;HOMICIDIO DOLOSO;2021-09-25;23:30:00;Sábado;Arma de fogo;Masculino;20;Alfabetizado;Não Informada
Fortaleza;AIS 21;HOMICIDIO DOLOSO;2021-09-26;00:29:59;Domingo;Arma de fogo;Masculino;27;Ensino Médio Completo;Não Informada
Coreaú;AIS 03;HOMICIDIO DOLOSO;2021-09-26;03:00:00;Domingo;Arma de fogo;Masculino;19;Ensino Fundamental Incompleto;Não Informada
Maracanaú;AIS 14;HOMICIDIO DOLOSO;2021-09-26;05:30:00;Domingo;Outros meios;Masculino;Não Informada;Não Informada;Não Informada
Quixeramobim;AIS 09;HOMICIDIO DOLOSO;2021-09-26;06:00:00;Domingo;Arma branca;Masculino;44;Alfabetizado;Não Informada
Fortaleza;AIS 19;HOMICIDIO DOLOSO;2021-09-26;07:20:59;Domingo;Outros meios;Masculino;Não Informada;Não Informada;Não Informada
Paracuru;AIS 23;HOMICIDIO DOLOSO;2021-09-26;07:30:00;Domingo;Arma branca;Feminino;32;Ensino Médio Completo;Parda
Barbalha;AIS 02;HOMICIDIO DOLOSO;2021-09-26;10:00:00;Domingo;Arma de fogo;Masculino;25;Ensino Fundamental Completo;Não Informada
Limoeiro do Norte;AIS 01;HOMICIDIO DOLOSO;2021-09-26;10:00:00;Domingo;Outros meios;Masculino;26;Não Informada;Não Informada
Eusébio;AIS 15;HOMICIDIO DOLOSO;2021-09-26;13:20:59;Domingo;Arma de fogo;Masculino;35;Ensino Fundamental Incompleto;Não Informada
Fortaleza;AIS 16;HOMICIDIO DOLOSO;2021-09-26;14:19:59;Domingo;Arma de fogo;Masculino;40;Ensino Fundamental Incompleto;Não Informada
Cascavel;AIS 15;HOMICIDIO DOLOSO;2021-09-26;14:39:59;Domingo;Arma de fogo;Masculino;39;Ensino Fundamental Completo;Não Informada
Cascavel;AIS 15;HOMICIDIO DOLOSO;2021-09-26;14:39:59;Domingo;Arma de fogo;Masculino;18;Ensino Médio Completo;Não Informada
Cascavel;AIS 15;HOMICIDIO DOLOSO;2021-09-26;14:39:59;Domingo;Arma de fogo;Masculino;38;Ensino Fundamental Incompleto;Não Informada
Solonópole;AIS 09;HOMICIDIO DOLOSO;2021-09-26;14:40:00;Domingo;Arma de fogo;Masculino;22;Alfabetizado;Parda
Caucaia;AIS 12;HOMICIDIO DOLOSO;2021-09-26;16:11:59;Domingo;Arma de fogo;Masculino;33;Ensino Médio Completo;Não Informada
Fortaleza;AIS 20;HOMICIDIO DOLOSO;2021-09-26;17:30:00;Domingo;Arma de fogo;Masculino;30;Ensino Médio Completo;Não Informada
Alto Santo;AIS 31;HOMICIDIO DOLOSO;2021-09-26;19:30:00;Domingo;Arma de fogo;Masculino;17;Ensino Fundamental Incompleto;Parda
Juazeiro do Norte;AIS 02;HOMICIDIO DOLOSO;2021-09-26;20:46:00;Domingo;Outros meios;Feminino;52;Alfabetizado;Parda
Barbalha;AIS 02;HOMICIDIO DOLOSO;2021-09-26;22:30:00;Domingo;Arma de fogo;Masculino;33;Alfabetizado;Parda
Caucaia;AIS 26;HOMICIDIO DOLOSO;2021-09-26;22:38:00;Domingo;Arma de fogo;Masculino;30;Ensino Fundamental Completo;Parda
São Gonçalo do Amarante;AIS 23;HOMICIDIO DOLOSO;2021-09-27;13:49:59;Segunda;Outros meios;Masculino;34;Ensino Fundamental Completo;Não Informada
Morada Nova;AIS 09;HOMICIDIO DOLOSO;2021-09-27;16:00:00;Segunda;Outros meios;Masculino;24;Ensino Fundamental Incompleto;Não Informada
Maracanaú;AIS 14;HOMICIDIO DOLOSO;2021-09-27;18:29:59;Segunda;Arma de fogo;Masculino;29;Alfabetizado;Não Informada
Croatá;AIS 27;HOMICIDIO DOLOSO;2021-09-27;19:59:59;Segunda;Arma de fogo;Feminino;17;Alfabetizado;Não Informada
Juazeiro do Norte;AIS 02;HOMICIDIO DOLOSO;2021-09-27;21:00:00;Segunda;Arma de fogo;Masculino;24;Não Informada;Não Informada
Maracanaú;AIS 14;HOMICIDIO DOLOSO;2021-09-28;13:27:00;Terça;Arma de fogo;Masculino;20;Alfabetizado;Não Informada
Tianguá;AIS 27;HOMICIDIO DOLOSO;2021-09-28;17:19:59;Terça;Arma de fogo;Feminino;33;Ensino Fundamental Completo;Parda
São Luís do Curu;AIS 23;HOMICIDIO DOLOSO;2021-09-28;20:40:00;Terça;Arma de fogo;Masculino;20;Alfabetizado;Não Informada
Missão Velha;AIS 02;HOMICIDIO DOLOSO;2021-09-28;21:53:00;Terça;Arma de fogo;Masculino;24;Ensino Fundamental Incompleto;Parda
Marco;AIS 11;HOMICIDIO DOLOSO;2021-09-29;02:15:00;Quarta;Arma de fogo;Masculino;26;Alfabetizado;Não Informada
Fortaleza;AIS 05;HOMICIDIO DOLOSO;2021-09-29;07:09:59;Quarta;Outros meios;Masculino;36;Ensino Médio Incompleto;Não Informada
Itapipoca;AIS 11;HOMICIDIO DOLOSO;2021-09-29;10:00:00;Quarta;Arma de fogo;Masculino;Não Informada;Não Informada;Não Informada
Horizonte;AIS 25;HOMICIDIO DOLOSO;2021-09-29;10:59:59;Quarta;Arma de fogo;Masculino;19;Ensino Médio Incompleto;Não Informada
Aracati;AIS 30;HOMICIDIO DOLOSO;2021-09-29;11:30:00;Quarta;Arma de fogo;Masculino;31;Alfabetizado;Não Informada
Chorozinho;AIS 25;HOMICIDIO DOLOSO;2021-09-29;13:00:00;Quarta;Arma de fogo;Masculino;28;Não Informada;Não Informada
Chorozinho;AIS 25;HOMICIDIO DOLOSO;2021-09-29;13:00:00;Quarta;Arma de fogo;Feminino;35;Ensino Médio Completo;Não Informada
Chorozinho;AIS 25;HOMICIDIO DOLOSO;2021-09-29;13:30:00;Quarta;Arma de fogo;Masculino;17;Não Informada;Não Informada
Fortaleza;AIS 18;HOMICIDIO DOLOSO;2021-09-29;16:28:00;Quarta;Arma de fogo;Feminino;29;Ensino Médio Completo;Não Informada
Maracanaú;AIS 14;HOMICIDIO DOLOSO;2021-09-29;17:55:00;Quarta;Arma de fogo;Masculino;36;Ensino Fundamental Completo;Parda
Canindé;AIS 04;HOMICIDIO DOLOSO;2021-09-29;20:30:00;Quarta;Arma de fogo;Feminino;13;Ensino Fundamental Incompleto;Não Informada
Chorozinho;AIS 25;HOMICIDIO DOLOSO;2021-09-29;20:44:59;Quarta;Arma de fogo;Feminino;35;Ensino Fundamental Incompleto;Parda
Ibiapina;AIS 27;HOMICIDIO DOLOSO;2021-09-29;22:09:59;Quarta;Arma de fogo;Masculino;28;Ensino Fundamental Completo;Não Informada
Caridade;AIS 04;HOMICIDIO DOLOSO;2021-09-30;01:30:00;Quinta;Arma de fogo;Masculino;23;Alfabetizado;Não Informada
Fortaleza;AIS 19;HOMICIDIO DOLOSO;2021-09-30;06:54:00;Quinta;Arma de fogo;Masculino;Não Informada;Não Informada;Não Informada
Camocim;AIS 28;HOMICIDIO DOLOSO;2021-09-30;12:29:59;Quinta;Outros meios;Masculino;51;Não Alfabetizado;Não Informada
Maracanaú;AIS 14;HOMICIDIO DOLOSO;2021-09-30;19:57:59;Quinta;Arma de fogo;Masculino;31;Ensino Fundamental Incompleto;Não Informada
Fortaleza;AIS 18;HOMICIDIO DOLOSO;2021-09-30;21:45:00;Quinta;Arma de fogo;Masculino;21;Ensino Fundamental Incompleto;Não Informada
Palmácia;AIS 29;HOMICIDIO DOLOSO;2021-09-30;22:39:59;Quinta;Arma de fogo;Masculino;28;Ensino Fundamental Incompleto;Não Informada
Fortaleza;AIS 06;HOMICIDIO DOLOSO;2021-10-01;00:00:00;Sexta;Outros meios;Masculino;21;Ensino Fundamental Completo;Preta
Caridade;AIS 04;HOMICIDIO DOLOSO;2021-10-01;00:00:00;Sexta;Arma de fogo;Masculino;19;Ensino Fundamental Incompleto;Parda
Sobral;AIS 03;HOMICIDIO DOLOSO;2021-10-01;07:00:00;Sexta;Arma de fogo;Masculino;18;Não Informada;Não Informada
Guaiúba;AIS 24;HOMICIDIO DOLOSO;2021-10-01;09:18:00;Sexta;Outros meios;Masculino;29;Ensino Fundamental Incompleto;Parda
São Benedito;AIS 27;HOMICIDIO DOLOSO;2021-10-01;10:00:00;Sexta;Outros meios;Masculino;Não Informada;Não Informada;Não Informada
São Benedito;AIS 27;HOMICIDIO DOLOSO;2021-10-01;10:00:00;Sexta;Outros meios;Masculino;Não Informada;Não Informada;Não Informada
Crato;AIS 02;HOMICIDIO DOLOSO;2021-10-01;14:40:00;Sexta;Arma de fogo;Masculino;31;Alfabetizado;Não Informada
Crato;AIS 02;HOMICIDIO DOLOSO;2021-10-01;14:40:00;Sexta;Arma de fogo;Masculino;37;Alfabetizado;Não Informada
Fortaleza;AIS 16;HOMICIDIO DOLOSO;2021-10-01;16:20:00;Sexta;Arma de fogo;Masculino;22;Ensino Fundamental Completo;Não Informada
Fortaleza;AIS 06;HOMICIDIO DOLOSO;2021-10-01;16:30:00;Sexta;Arma de fogo;Masculino;30;Alfabetizado;Parda
Maranguape;AIS 24;HOMICIDIO DOLOSO;2021-10-01;19:30:00;Sexta;Arma de fogo;Masculino;34;Ensino Médio Completo;Não Informada
Russas;AIS 01;HOMICIDIO DOLOSO;2021-10-01;21:00:00;Sexta;Arma de fogo;Masculino;20;Ensino Fundamental Incompleto;Parda
Caucaia;AIS 12;HOMICIDIO DOLOSO;2021-10-01;22:18:00;Sexta;Arma de fogo;Feminino;48;Não Informada;Não Informada
Caucaia;AIS 12;HOMICIDIO DOLOSO;2021-10-01;22:18:00;Sexta;Arma de fogo;Masculino;22;Não Informada;Não Informada
Caucaia;AIS 12;HOMICIDIO DOLOSO;2021-10-01;23:10:00;Sexta;Arma de fogo;Masculino;29;Ensino Fundamental Incompleto;Não Informada
Caucaia;AIS 12;HOMICIDIO DOLOSO;2021-10-02;00:01:00;Sábado;Arma de fogo;Masculino;26;Ensino Médio Completo;Parda
Caucaia;AIS 12;HOMICIDIO DOLOSO;2021-10-02;00:43:59;Sábado;Arma de fogo;Feminino;22;Ensino Fundamental Completo;Preta
Caucaia;AIS 12;HOMICIDIO DOLOSO;2021-10-02;00:43:59;Sábado;Arma de fogo;Masculino;26;Não Informada;Não Informada
Fortaleza;AIS 16;HOMICIDIO DOLOSO;2021-10-02;03:02:00;Sábado;Arma de fogo;Feminino;Não Informada;Não Informada;Não Informada
Guaraciaba do Norte;AIS 27;HOMICIDIO DOLOSO;2021-10-02;04:00:00;Sábado;Arma de fogo;Masculino;25;Não Informada;Não Informada
Guaraciaba do Norte;AIS 27;HOMICIDIO DOLOSO;2021-10-02;09:00:00;Sábado;Arma de fogo;Masculino;21;Alfabetizado;Parda
Acaraú;AIS 11;HOMICIDIO DOLOSO;2021-10-02;16:00:00;Sábado;Arma branca;Masculino;22;Alfabetizado;Não Informada
Icapuí;AIS 30;ROUBO SEGUIDO DE MORTE (LATROCINIO);2021-10-02;18:40:00;Sábado;Arma de fogo;Masculino;37;Superior Completo;Não Informada
Aratuba;AIS 29;HOMICIDIO DOLOSO;2021-10-02;19:34:00;Sábado;Outros meios;Masculino;55;Alfabetizado;Não Informada
Aratuba;AIS 29;HOMICIDIO DOLOSO;2021-10-02;19:34:00;Sábado;Outros meios;Feminino;65;Alfabetizado;Não Informada
Aratuba;AIS 29;HOMICIDIO DOLOSO;2021-10-02;19:34:00;Sábado;Outros meios;Feminino;59;Alfabetizado;Não Informada
Sobral;AIS 03;HOMICIDIO DOLOSO;2021-10-02;19:40:00;Sábado;Arma de fogo;Masculino;41;Ensino Médio Completo;Não Informada
Quixeré;AIS 01;HOMICIDIO DOLOSO;2021-10-02;19:49:59;Sábado;Arma de fogo;Masculino;17;Ensino Médio Incompleto;Não Informada
Quixeré;AIS 01;HOMICIDIO DOLOSO;2021-10-02;19:49:59;Sábado;Arma de fogo;Masculino;16;Ensino Fundamental Completo;Não Informada
Aquiraz;AIS 15;HOMICIDIO DOLOSO;2021-10-02;20:25:00;Sábado;Arma de fogo;Masculino;60;Não Alfabetizado;Não Informada
Juazeiro do Norte;AIS 02;HOMICIDIO DOLOSO;2021-10-02;22:40:00;Sábado;Arma de fogo;Masculino;31;Alfabetizado;Não Informada
Pacatuba;AIS 24;HOMICIDIO DOLOSO;2021-10-03;01:00:00;Domingo;Arma de fogo;Masculino;16;Superior Incompleto;Não Informada
Alto Santo;AIS 31;HOMICIDIO DOLOSO;2021-10-03;04:00:00;Domingo;Arma de fogo;Masculino;20;Ensino Médio Incompleto;Parda
Marco;AIS 11;HOMICIDIO DOLOSO;2021-10-03;04:59:59;Domingo;Outros meios;Masculino;41;Não Informada;Não Informada
Sobral;AIS 03;HOMICIDIO DOLOSO;2021-10-03;05:19:59;Domingo;Arma de fogo;Masculino;16;Não Informada;Não Informada
Fortaleza;AIS 05;HOMICIDIO DOLOSO;2021-10-03;10:52:59;Domingo;Outros meios;Masculino;Não Informada;Não Informada;Não Informada
Uruoca;AIS 28;HOMICIDIO DOLOSO;2021-10-03;10:59:59;Domingo;Arma de fogo;Masculino;25;Não Informada;Não Informada
Caucaia;AIS 12;HOMICIDIO DOLOSO;2021-10-03;14:30:00;Domingo;Arma de fogo;Masculino;24;Alfabetizado;Parda
Jaguaretama;AIS 09;HOMICIDIO DOLOSO;2021-10-03;16:00:00;Domingo;Arma de fogo;Masculino;45;Alfabetizado;Parda
Jaguaretama;AIS 09;HOMICIDIO DOLOSO;2021-10-03;16:00:00;Domingo;Arma de fogo;Masculino;20;Não Informada;Não Informada
Maracanaú;AIS 14;HOMICIDIO DOLOSO;2021-10-03;16:28:00;Domingo;Arma de fogo;Masculino;18;Não Informada;Não Informada
Farias Brito;AIS 02;HOMICIDIO DOLOSO;2021-10-03;16:30:00;Domingo;Arma de fogo;Masculino;12;Ensino Fundamental Incompleto;Não Informada
Jaguaruana;AIS 01;HOMICIDIO DOLOSO;2021-10-03;19:30:00;Domingo;Arma de fogo;Masculino;25;Ensino Fundamental Incompleto;Branca
Alto Santo;AIS 31;HOMICIDIO DOLOSO;2021-10-03;19:30:00;Domingo;Arma de fogo;Masculino;26;Não Informada;Não Informada
Aracoiaba;AIS 29;HOMICIDIO DOLOSO;2021-10-03;20:30:00;Domingo;Arma de fogo;Masculino;36;Ensino Médio Completo;Branca
Alto Santo;AIS 31;HOMICIDIO DOLOSO;2021-10-03;20:30:00;Domingo;Arma de fogo;Masculino;34;Alfabetizado;Não Informada
Sobral;AIS 03;HOMICIDIO DOLOSO;2021-10-03;23:30:00;Domingo;Arma branca;Masculino;23;Não Informada;Não Informada
Santa Quitéria;AIS 07;HOMICIDIO DOLOSO;2021-10-04;01:59:59;Segunda;Arma branca;Masculino;28;Ensino Fundamental Incompleto;Não Informada
Quixeré;AIS 01;HOMICIDIO DOLOSO;2021-10-04;03:29:59;Segunda;Arma de fogo;Masculino;26;Alfabetizado;Não Informada
Cruz;AIS 11;HOMICIDIO DOLOSO;2021-10-04;04:59:59;Segunda;Arma de fogo;Masculino;17;Alfabetizado;Parda
Guaraciaba do Norte;AIS 27;HOMICIDIO DOLOSO;2021-10-04;07:00:00;Segunda;Arma de fogo;Masculino;21;Ensino Fundamental Completo;Não Informada
Guaraciaba do Norte;AIS 27;HOMICIDIO DOLOSO;2021-10-04;07:00:00;Segunda;Arma de fogo;Feminino;20;Alfabetizado;Não Informada
Guaraciaba do Norte;AIS 27;HOMICIDIO DOLOSO;2021-10-04;07:00:00;Segunda;Arma de fogo;Feminino;28;Alfabetizado;Não Informada
Guaraciaba do Norte;AIS 27;HOMICIDIO DOLOSO;2021-10-04;07:00:00;Segunda;Arma de fogo;Masculino;21;Alfabetizado;Não Informada
Maranguape;AIS 24;HOMICIDIO DOLOSO;2021-10-04;08:08:00;Segunda;Arma de fogo;Feminino;15;Ensino Fundamental Incompleto;Não Informada
Sobral;AIS 03;HOMICIDIO DOLOSO;2021-10-04;13:00:00;Segunda;Arma de fogo;Masculino;21;Alfabetizado;Não Informada
Frecheirinha;AIS 03;HOMICIDIO DOLOSO;2021-10-04;22:00:00;Segunda;Arma de fogo;Masculino;28;Alfabetizado;Parda
Fortaleza;AIS 22;HOMICIDIO DOLOSO;2021-10-04;23:30:00;Segunda;Arma de fogo;Masculino;17;Ensino Médio Incompleto;Não Informada
Forquilha;AIS 03;HOMICIDIO DOLOSO;2021-10-05;01:00:00;Terça;Arma de fogo;Masculino;34;Ensino Fundamental Completo;Não Informada
Caucaia;AIS 26;HOMICIDIO DOLOSO;2021-10-05;09:26:59;Terça;Arma de fogo;Masculino;Não Informada;Não Informada;Não Informada
Caucaia;AIS 12;HOMICIDIO DOLOSO;2021-10-05;14:15:59;Terça;Arma de fogo;Masculino;40;Ensino Médio Completo;Não Informada
Barbalha;AIS 02;HOMICIDIO DOLOSO;2021-10-05;14:30:00;Terça;Arma de fogo;Feminino;35;Ensino Médio Completo;Branca
São João do Jaguaribe;AIS 01;HOMICIDIO DOLOSO;2021-10-05;17:40:00;Terça;Arma de fogo;Masculino;28;Ensino Médio Incompleto;Não Informada
Fortaleza;AIS 17;HOMICIDIO DOLOSO;2021-10-05;19:00:00;Terça;Arma de fogo;Masculino;30;Ensino Médio Completo;Não Informada
Pindoretama;AIS 15;HOMICIDIO DOLOSO;2021-10-05;19:30:00;Terça;Arma de fogo;Masculino;21;Alfabetizado;Não Informada
Itapipoca;AIS 11;HOMICIDIO DOLOSO;2021-10-05;19:59:59;Terça;Arma de fogo;Masculino;15;Alfabetizado;Parda
Santa Quitéria;AIS 07;HOMICIDIO DOLOSO;2021-10-05;20:30:00;Terça;Arma de fogo;Masculino;38;Alfabetizado;Parda
Independência;AIS 07;HOMICIDIO DOLOSO;2021-10-06;16:00:00;Quarta;Arma de fogo;Masculino;19;Alfabetizado;Não Informada
Limoeiro do Norte;AIS 01;HOMICIDIO DOLOSO;2021-10-06;20:30:00;Quarta;Arma de fogo;Masculino;21;Alfabetizado;Não Informada
Jaguaribe;AIS 31;HOMICIDIO DOLOSO;2021-10-06;21:19:59;Quarta;Arma de fogo;Masculino;33;Alfabetizado;Não Informada
Fortaleza;AIS 16;HOMICIDIO DOLOSO;2021-10-06;22:14:59;Quarta;Arma de fogo;Masculino;15;Alfabetizado;Parda
Fortaleza;AIS 20;HOMICIDIO DOLOSO;2021-10-07;00:56:59;Quinta;Arma de fogo;Masculino;26;Alfabetizado;Não Informada
Fortaleza;AIS 08;HOMICIDIO DOLOSO;2021-10-07;11:06:59;Quinta;Arma de fogo;Masculino;35;Alfabetizado;Não Informada
Fortaleza;AIS 19;HOMICIDIO DOLOSO;2021-10-07;12:00:00;Quinta;Arma de fogo;Masculino;32;Alfabetizado;Não Informada
Maracanaú;AIS 14;HOMICIDIO DOLOSO;2021-10-07;14:30:00;Quinta;Arma de fogo;Masculino;25;Alfabetizado;Parda
Fortaleza;AIS 17;HOMICIDIO DOLOSO;2021-10-07;16:00:00;Quinta;Arma de fogo;Masculino;22;Ensino Fundamental Completo;Não Informada
Fortaleza;AIS 08;HOMICIDIO DOLOSO;2021-10-07;16:00:00;Quinta;Arma de fogo;Masculino;20;Alfabetizado;Não Informada
Beberibe;AIS 30;HOMICIDIO DOLOSO;2021-10-07;22:40:00;Quinta;Arma de fogo;Masculino;20;Alfabetizado;Não Informada
Fortaleza;AIS 16;HOMICIDIO DOLOSO;2021-10-08;07:40:00;Sexta;Arma de fogo;Masculino;16;Alfabetizado;Não Informada
Fortaleza;AIS 05;HOMICIDIO DOLOSO;2021-10-08;08:30:00;Sexta;Arma branca;Masculino;17;Alfabetizado;Não Informada
Caucaia;AIS 26;HOMICIDIO DOLOSO;2021-10-08;12:15:00;Sexta;Outros meios;Masculino;15;Alfabetizado;Não Informada
Pentecoste;AIS 11;ROUBO SEGUIDO DE MORTE (LATROCINIO);2021-10-08;13:10:00;Sexta;Arma de fogo;Masculino;51;Ensino Fundamental Incompleto;Parda
Fortaleza;AIS 19;HOMICIDIO DOLOSO;2021-10-08;15:00:00;Sexta;Arma de fogo;Masculino;44;Superior Incompleto;Não Informada
Caucaia;AIS 26;HOMICIDIO DOLOSO;2021-10-08;16:40:00;Sexta;Arma de fogo;Masculino;25;Ensino Médio Incompleto;Não Informada
Fortaleza;AIS 19;HOMICIDIO DOLOSO;2021-10-08;20:50:00;Sexta;Arma de fogo;Masculino;27;Alfabetizado;Não Informada
Fortaleza;AIS 20;HOMICIDIO DOLOSO;2021-10-08;21:10:00;Sexta;Arma de fogo;Masculino;27;Alfabetizado;Não Informada
Fortaleza;AIS 22;HOMICIDIO DOLOSO;2021-10-08;22:30:00;Sexta;Arma de fogo;Masculino;24;Ensino Médio Incompleto;Não Informada
Fortaleza;AIS 22;HOMICIDIO DOLOSO;2021-10-08;22:59:59;Sexta;Arma de fogo;Masculino;45;Ensino Fundamental Incompleto;Não Informada
Aurora;AIS 02;HOMICIDIO DOLOSO;2021-10-09;01:40:00;Sábado;Arma de fogo;Masculino;20;Ensino Fundamental Completo;Não Informada
Fortaleza;AIS 17;HOMICIDIO DOLOSO;2021-10-09;14:30:00;Sábado;Arma de fogo;Masculino;20;Ensino Médio Incompleto;Não Informada
Fortaleza;AIS 18;HOMICIDIO DOLOSO;2021-10-09;18:00:00;Sábado;Arma de fogo;Masculino;39;Ensino Médio Incompleto;Não Informada
Fortaleza;AIS 21;LESAO CORPORAL SEGUIDA DE MORTE;2021-10-09;18:18:00;Sábado;Outros meios;Masculino;26;Alfabetizado;Não Informada
Barreira;AIS 29;HOMICIDIO DOLOSO;2021-10-09;18:39:00;Sábado;Arma branca;Masculino;20;Não Informada;Não Informada
Caucaia;AIS 26;HOMICIDIO DOLOSO;2021-10-09;19:51:59;Sábado;Arma de fogo;Masculino;28;Ensino Médio Completo;Não Informada
Choró;AIS 09;HOMICIDIO DOLOSO;2021-10-09;22:59:59;Sábado;Arma de fogo;Masculino;37;Alfabetizado;Parda
Limoeiro do Norte;AIS 01;HOMICIDIO DOLOSO;2021-10-09;23:40:00;Sábado;Arma de fogo;Masculino;26;Ensino Fundamental Incompleto;Não Informada
Limoeiro do Norte;AIS 01;HOMICIDIO DOLOSO;2021-10-09;23:40:00;Sábado;Arma de fogo;Masculino;29;Ensino Fundamental Incompleto;Não Informada
Caucaia;AIS 12;HOMICIDIO DOLOSO;2021-10-10;04:19:00;Domingo;Arma de fogo;Masculino;19;Ensino Médio Incompleto;Branca
Caucaia;AIS 12;HOMICIDIO DOLOSO;2021-10-10;04:19:00;Domingo;Arma de fogo;Masculino;19;Alfabetizado;Não Informada
Tauá;AIS 13;FEMINICÍDIO;2021-10-10;04:59:59;Domingo;Arma branca;Feminino;17;Alfabetizado;Não Informada
Fortaleza;AIS 05;HOMICIDIO DOLOSO;2021-10-10;09:08:00;Domingo;Arma branca;Masculino;Não Informada;Não Informada;Não Informada
Poranga;AIS 07;HOMICIDIO DOLOSO;2021-10-10;10:59:59;Domingo;Arma branca;Masculino;71;Não Alfabetizado;Parda
Fortaleza;AIS 06;HOMICIDIO DOLOSO;2021-10-10;12:00:00;Domingo;Outros meios;Masculino;14;Não Informada;Não Informada
Fortaleza;AIS 16;HOMICIDIO DOLOSO;2021-10-10;12:04:00;Domingo;Arma de fogo;Masculino;29;Não Informada;Não Informada
Frecheirinha;AIS 03;HOMICIDIO DOLOSO;2021-10-10;13:00:00;Domingo;Arma de fogo;Masculino;26;Alfabetizado;Não Informada
Pires Ferreira;AIS 07;HOMICIDIO DOLOSO;2021-10-10;13:59:59;Domingo;Arma de fogo;Masculino;29;Ensino Médio Completo;Não Informada
Pires Ferreira;AIS 07;HOMICIDIO DOLOSO;2021-10-10;13:59:59;Domingo;Arma de fogo;Masculino;26;Ensino Médio Completo;Não Informada
Ubajara;AIS 27;HOMICIDIO DOLOSO;2021-10-10;22:30:00;Domingo;Arma de fogo;Masculino;17;Alfabetizado;Não Informada
Icó;AIS 34;HOMICIDIO DOLOSO;2021-10-11;01:15:00;Segunda;Arma branca;Masculino;21;Ensino Fundamental Completo;Não Informada
Salitre;AIS 33;HOMICIDIO DOLOSO;2021-10-11;01:20:00;Segunda;Arma de fogo;Masculino;29;Alfabetizado;Não Informada
Araripe;AIS 33;HOMICIDIO DOLOSO;2021-10-11;01:59:59;Segunda;Arma de fogo;Masculino;24;Alfabetizado;Não Informada
Araripe;AIS 33;HOMICIDIO DOLOSO;2021-10-11;01:59:59;Segunda;Arma de fogo;Masculino;27;Alfabetizado;Não Informada
Nova Olinda;AIS 02;HOMICIDIO DOLOSO;2021-10-11;09:29:59;Segunda;Arma de fogo;Masculino;42;Alfabetizado;Não Informada
Catunda;AIS 07;HOMICIDIO DOLOSO;2021-10-11;11:30:00;Segunda;Arma de fogo;Masculino;26;Alfabetizado;Parda
Fortim;AIS 30;HOMICIDIO DOLOSO;2021-10-11;15:29:59;Segunda;Arma de fogo;Masculino;27;Ensino Médio Completo;Branca
Ipaumirim;AIS 34;HOMICIDIO DOLOSO;2021-10-11;21:00:00;Segunda;Arma branca;Masculino;39;Ensino Fundamental Completo;Não Informada
Cascavel;AIS 15;HOMICIDIO DOLOSO;2021-10-12;01:59:59;Terça;Arma de fogo;Masculino;17;Não Informada;Não Informada
Cascavel;AIS 15;HOMICIDIO DOLOSO;2021-10-12;01:59:59;Terça;Arma de fogo;Masculino;21;Não Informada;Não Informada
Forquilha;AIS 03;HOMICIDIO DOLOSO;2021-10-12;04:40:00;Terça;Arma de fogo;Masculino;41;Superior Incompleto;Não Informada
Acaraú;AIS 11;HOMICIDIO DOLOSO;2021-10-12;07:30:00;Terça;Arma de fogo;Masculino;42;Ensino Médio Completo;Não Informada
Caucaia;AIS 12;HOMICIDIO DOLOSO;2021-10-12;07:32:00;Terça;Arma de fogo;Masculino;19;Ensino Médio Incompleto;Não Informada
Morada Nova;AIS 09;HOMICIDIO DOLOSO;2021-10-12;09:00:00;Terça;Arma de fogo;Feminino;40;Ensino Fundamental Completo;Não Informada
Crato;AIS 02;HOMICIDIO DOLOSO;2021-10-12;19:59:59;Terça;Arma de fogo;Masculino;44;Não Informada;Não Informada
Fortaleza;AIS 05;HOMICIDIO DOLOSO;2021-10-13;04:00:00;Quarta;Arma de fogo;Masculino;28;Ensino Médio Completo;Não Informada
Jijoca de Jericoacoara;AIS 11;HOMICIDIO DOLOSO;2021-10-13;06:00:00;Quarta;Arma de fogo;Masculino;40;Não Informada;Não Informada
Santana do Acaraú;AIS 03;HOMICIDIO DOLOSO;2021-10-13;10:59:59;Quarta;Arma de fogo;Masculino;28;Não Informada;Não Informada
Fortaleza;AIS 20;HOMICIDIO DOLOSO;2021-10-13;12:45:00;Quarta;Arma de fogo;Masculino;38;Alfabetizado;Não Informada
Mucambo;AIS 03;HOMICIDIO DOLOSO;2021-10-13;19:49:59;Quarta;Arma de fogo;Masculino;26;Não Informada;Parda
Monsenhor Tabosa;AIS 07;HOMICIDIO DOLOSO;2021-10-13;19:59:59;Quarta;Arma de fogo;Masculino;33;Alfabetizado;Preta
Iracema;AIS 31;HOMICIDIO DOLOSO;2021-10-13;20:30:00;Quarta;Arma de fogo;Masculino;18;Ensino Fundamental Incompleto;Não Informada
Caucaia;AIS 26;HOMICIDIO DOLOSO;2021-10-13;21:35:59;Quarta;Arma de fogo;Feminino;41;Ensino Fundamental Completo;Não Informada
Coreaú;AIS 03;HOMICIDIO DOLOSO;2021-10-13;23:20:59;Quarta;Arma branca;Masculino;37;Não Informada;Não Informada
Guaiúba;AIS 24;HOMICIDIO DOLOSO;2021-10-14;03:29:59;Quinta;Arma de fogo;Masculino;33;Alfabetizado;Parda
Fortaleza;AIS 19;HOMICIDIO DOLOSO;2021-10-14;06:31:00;Quinta;Arma de fogo;Masculino;Não Informada;Não Informada;Não Informada
Umirim;AIS 11;HOMICIDIO DOLOSO;2021-10-14;06:49:59;Quinta;Arma de fogo;Masculino;32;Superior Completo;Parda
Caucaia;AIS 12;HOMICIDIO DOLOSO;2021-10-14;07:20:59;Quinta;Arma de fogo;Feminino;17;Ensino Médio Incompleto;Não Informada
Fortaleza;AIS 16;HOMICIDIO DOLOSO;2021-10-14;08:05:59;Quinta;Arma de fogo;Masculino;20;Alfabetizado;Não Informada
Catunda;AIS 07;HOMICIDIO DOLOSO;2021-10-14;13:40:00;Quinta;Arma de fogo;Masculino;43;Não Informada;Não Informada
Fortaleza;AIS 16;HOMICIDIO DOLOSO;2021-10-14;16:51:00;Quinta;Arma de fogo;Masculino;29;Alfabetizado;Não Informada
Fortaleza;AIS 17;HOMICIDIO DOLOSO;2021-10-14;17:30:00;Quinta;Arma de fogo;Feminino;31;Superior Completo;Parda
Fortaleza;AIS 17;HOMICIDIO DOLOSO;2021-10-14;22:20:00;Quinta;Arma de fogo;Masculino;27;Ensino Fundamental Incompleto;Parda
Pacajus;AIS 25;HOMICIDIO DOLOSO;2021-10-15;01:10:00;Sexta;Arma de fogo;Masculino;33;Não Informada;Não Informada
Pacajus;AIS 25;HOMICIDIO DOLOSO;2021-10-15;12:29:59;Sexta;Arma de fogo;Feminino;21;Não Informada;Não Informada
Aurora;AIS 02;HOMICIDIO DOLOSO;2021-10-15;13:59:59;Sexta;Arma de fogo;Masculino;50;Não Alfabetizado;Branca
Juazeiro do Norte;AIS 02;HOMICIDIO DOLOSO;2021-10-15;16:20:00;Sexta;Arma de fogo;Feminino;25;Ensino Médio Completo;Não Informada
Itarema;AIS 11;HOMICIDIO DOLOSO;2021-10-15;16:59:59;Sexta;Arma branca;Masculino;18;Não Informada;Não Informada
Fortaleza;AIS 08;HOMICIDIO DOLOSO;2021-10-15;17:03:00;Sexta;Arma de fogo;Masculino;Não Informada;Não Informada;Não Informada
Fortaleza;AIS 18;HOMICIDIO DOLOSO;2021-10-16;07:30:00;Sábado;Arma de fogo;Masculino;41;Ensino Fundamental Incompleto;Não Informada
Santana do Acaraú;AIS 03;HOMICIDIO DOLOSO;2021-10-16;08:00:00;Sábado;Arma de fogo;Masculino;46;Alfabetizado;Não Informada
Horizonte;AIS 25;HOMICIDIO DOLOSO;2021-10-16;10:00:00;Sábado;Arma de fogo;Masculino;27;Ensino Fundamental Completo;Preta
Maracanaú;AIS 14;HOMICIDIO DOLOSO;2021-10-16;15:56:00;Sábado;Arma de fogo;Masculino;22;Alfabetizado;Não Informada
Fortaleza;AIS 17;HOMICIDIO DOLOSO;2021-10-16;17:00:00;Sábado;Arma de fogo;Masculino;19;Ensino Médio Incompleto;Não Informada
Milhã;AIS 09;HOMICIDIO DOLOSO;2021-10-16;18:00:00;Sábado;Arma de fogo;Masculino;33;Não Informada;Não Informada
Fortaleza;AIS 22;HOMICIDIO DOLOSO;2021-10-16;21:29:59;Sábado;Arma de fogo;Masculino;34;Ensino Médio Completo;Branca
Sobral;AIS 03;HOMICIDIO DOLOSO;2021-10-16;22:30:00;Sábado;Arma de fogo;Masculino;39;Alfabetizado;Não Informada
Fortaleza;AIS 16;HOMICIDIO DOLOSO;2021-10-17;00:20:00;Domingo;Arma de fogo;Feminino;51;Alfabetizado;Não Informada
Fortaleza;AIS 18;HOMICIDIO DOLOSO;2021-10-17;01:30:59;Domingo;Arma de fogo;Masculino;34;Ensino Fundamental Incompleto;Não Informada
Aracati;AIS 30;HOMICIDIO DOLOSO;2021-10-17;04:59:59;Domingo;Arma de fogo;Masculino;Não Informada;Não Alfabetizado;Parda
Caucaia;AIS 26;HOMICIDIO DOLOSO;2021-10-17;05:21:00;Domingo;Arma de fogo;Feminino;37;Alfabetizado;Não Informada
Maracanaú;AIS 14;ROUBO SEGUIDO DE MORTE (LATROCINIO);2021-10-17;06:32:00;Domingo;Arma de fogo;Masculino;33;Ensino Fundamental Incompleto;Não Informada
Fortaleza;AIS 17;HOMICIDIO DOLOSO;2021-10-17;17:57:00;Domingo;Arma de fogo;Masculino;47;Alfabetizado;Não Informada
Fortaleza;AIS 16;HOMICIDIO DOLOSO;2021-10-17;18:08:00;Domingo;Arma de fogo;Masculino;24;Alfabetizado;Não Informada
Horizonte;AIS 25;HOMICIDIO DOLOSO;2021-10-17;21:19:59;Domingo;Arma de fogo;Masculino;17;Ensino Fundamental Incompleto;Não Informada
Fortaleza;AIS 20;HOMICIDIO DOLOSO;2021-10-17;22:50:59;Domingo;Arma de fogo;Masculino;19;Ensino Médio Incompleto;Não Informada
Fortaleza;AIS 05;HOMICIDIO DOLOSO;2021-10-18;06:00:00;Segunda;Arma de fogo;Masculino;Não Informada;Não Informada;Não Informada
Guaramiranga;AIS 29;HOMICIDIO DOLOSO;2021-10-18;08:30:00;Segunda;Outros meios;Masculino;55;Alfabetizado;Não Informada
Maracanaú;AIS 14;HOMICIDIO DOLOSO;2021-10-18;11:58:00;Segunda;Arma de fogo;Masculino;17;Ensino Fundamental Incompleto;Não Informada
Quixeramobim;AIS 09;FEMINICÍDIO;2021-10-18;13:59:59;Segunda;Arma branca;Feminino;Não Informada;Não Informada;Não Informada
Fortaleza;AIS 16;HOMICIDIO DOLOSO;2021-10-18;15:00:00;Segunda;Arma de fogo;Feminino;24;Ensino Fundamental Incompleto;Não Informada
Fortaleza;AIS 17;HOMICIDIO DOLOSO;2021-10-18;17:42:59;Segunda;Arma de fogo;Masculino;31;Não Informada;Não Informada
Morada Nova;AIS 09;HOMICIDIO DOLOSO;2021-10-18;18:00:00;Segunda;Arma de fogo;Masculino;24;Alfabetizado;Não Informada
Quixeré;AIS 01;HOMICIDIO DOLOSO;2021-10-18;19:00:00;Segunda;Arma de fogo;Masculino;34;Alfabetizado;Parda
Capistrano;AIS 29;HOMICIDIO DOLOSO;2021-10-18;20:30:00;Segunda;Arma de fogo;Masculino;31;Alfabetizado;Não Informada
Capistrano;AIS 29;HOMICIDIO DOLOSO;2021-10-18;20:30:00;Segunda;Arma de fogo;Masculino;17;Alfabetizado;Não Informada
Aiuaba;AIS 13;HOMICIDIO DOLOSO;2021-10-19;05:30:00;Terça;Arma de fogo;Masculino;27;Não Informada;Não Informada
Aquiraz;AIS 15;HOMICIDIO DOLOSO;2021-10-19;06:56:00;Terça;Arma de fogo;Masculino;28;Alfabetizado;Não Informada
Fortaleza;AIS 19;HOMICIDIO DOLOSO;2021-10-19;15:53:00;Terça;Outros meios;Masculino;22;Ensino Fundamental Incompleto;Não Informada
Fortaleza;AIS 17;HOMICIDIO DOLOSO;2021-10-19;21:00:00;Terça;Arma de fogo;Masculino;35;Ensino Fundamental Incompleto;Não Informada
Pindoretama;AIS 15;HOMICIDIO DOLOSO;2021-10-19;21:29:59;Terça;Arma branca;Masculino;40;Ensino Fundamental Incompleto;Não Informada
Sobral;AIS 03;HOMICIDIO DOLOSO;2021-10-20;11:55:00;Quarta;Arma branca;Feminino;19;Alfabetizado;Não Informada
Caucaia;AIS 12;HOMICIDIO DOLOSO;2021-10-20;12:29:59;Quarta;Arma de fogo;Masculino;26;Ensino Fundamental Incompleto;Parda
Caucaia;AIS 12;HOMICIDIO DOLOSO;2021-10-20;19:20:00;Quarta;Arma de fogo;Masculino;21;Alfabetizado;Branca
Tianguá;AIS 27;HOMICIDIO DOLOSO;2021-10-20;22:00:00;Quarta;Arma de fogo;Masculino;18;Alfabetizado;Não Informada
Caucaia;AIS 12;HOMICIDIO DOLOSO;2021-10-20;23:14:00;Quarta;Arma de fogo;Masculino;19;Ensino Médio Completo;Não Informada
Maracanaú;AIS 14;HOMICIDIO DOLOSO;2021-10-21;01:11:59;Quinta;Arma de fogo;Masculino;22;Alfabetizado;Não Informada
Limoeiro do Norte;AIS 01;HOMICIDIO DOLOSO;2021-10-21;01:30:00;Quinta;Arma de fogo;Masculino;22;Ensino Fundamental Completo;Não Informada
Monsenhor Tabosa;AIS 07;HOMICIDIO DOLOSO;2021-10-21;06:12:59;Quinta;Arma de fogo;Masculino;28;Ensino Fundamental Incompleto;Parda
Aracoiaba;AIS 29;HOMICIDIO DOLOSO;2021-10-21;07:59:59;Quinta;Arma de fogo;Masculino;24;Ensino Fundamental Incompleto;Não Informada
Maranguape;AIS 24;HOMICIDIO DOLOSO;2021-10-21;09:40:00;Quinta;Arma de fogo;Masculino;34;Ensino Médio Incompleto;Parda
Fortaleza;AIS 20;HOMICIDIO DOLOSO;2021-10-21;15:32:00;Quinta;Arma de fogo;Masculino;26;Ensino Fundamental Completo;Parda
Juazeiro do Norte;AIS 02;HOMICIDIO DOLOSO;2021-10-21;16:59:59;Quinta;Arma de fogo;Masculino;33;Ensino Fundamental Incompleto;Não Informada
Mauriti;AIS 32;HOMICIDIO DOLOSO;2021-10-21;21:00:00;Quinta;Arma de fogo;Feminino;27;Ensino Médio Completo;Não Informada
Fortaleza;AIS 20;HOMICIDIO DOLOSO;2021-10-21;21:29:59;Quinta;Arma de fogo;Masculino;22;Ensino Médio Completo;Não Informada
Aracoiaba;AIS 29;HOMICIDIO DOLOSO;2021-10-21;21:45:00;Quinta;Outros meios;Masculino;50;Alfabetizado;Parda
Tianguá;AIS 27;HOMICIDIO DOLOSO;2021-10-21;22:00:00;Quinta;Arma de fogo;Masculino;22;Não Informada;Não Informada
Tianguá;AIS 27;HOMICIDIO DOLOSO;2021-10-21;22:00:00;Quinta;Arma de fogo;Masculino;20;Não Informada;Não Informada
Tianguá;AIS 27;HOMICIDIO DOLOSO;2021-10-21;22:30:00;Quinta;Arma de fogo;Masculino;33;Não Informada;Não Informada
Fortaleza;AIS 18;HOMICIDIO DOLOSO;2021-10-22;00:29:59;Sexta;Arma de fogo;Masculino;25;Ensino Fundamental Completo;Não Informada
Tianguá;AIS 27;HOMICIDIO DOLOSO;2021-10-22;11:30:00;Sexta;Arma de fogo;Masculino;17;Alfabetizado;Não Informada
Nova Olinda;AIS 02;HOMICIDIO DOLOSO;2021-10-22;17:50:00;Sexta;Arma de fogo;Masculino;35;Alfabetizado;Não Informada
Fortaleza;AIS 16;HOMICIDIO DOLOSO;2021-10-22;19:55:00;Sexta;Arma de fogo;Masculino;32;Ensino Fundamental Incompleto;Não Informada
Fortaleza;AIS 16;HOMICIDIO DOLOSO;2021-10-22;19:55:00;Sexta;Arma de fogo;Masculino;32;Ensino Médio Completo;Não Informada
Cedro;AIS 34;HOMICIDIO DOLOSO;2021-10-22;22:34:59;Sexta;Arma de fogo;Masculino;25;Ensino Fundamental Completo;Parda
Caucaia;AIS 26;HOMICIDIO DOLOSO;2021-10-23;00:29:59;Sábado;Arma de fogo;Masculino;26;Ensino Médio Incompleto;Não Informada
Choró;AIS 09;HOMICIDIO DOLOSO;2021-10-23;02:19:59;Sábado;Arma de fogo;Masculino;16;Alfabetizado;Parda
Fortaleza;AIS 18;HOMICIDIO DOLOSO;2021-10-23;04:00:00;Sábado;Arma de fogo;Masculino;23;Ensino Fundamental Incompleto;Não Informada
Fortaleza;AIS 16;HOMICIDIO DOLOSO;2021-10-23;04:30:00;Sábado;Arma de fogo;Feminino;27;Ensino Fundamental Incompleto;Parda
Fortaleza;AIS 16;HOMICIDIO DOLOSO;2021-10-23;04:30:00;Sábado;Arma de fogo;Masculino;33;Ensino Médio Incompleto;Não Informada
Fortaleza;AIS 16;HOMICIDIO DOLOSO;2021-10-23;04:30:00;Sábado;Arma de fogo;Masculino;27;Alfabetizado;Não Informada
Choró;AIS 09;HOMICIDIO DOLOSO;2021-10-23;14:40:00;Sábado;Arma de fogo;Masculino;24;Ensino Fundamental Completo;Não Informada
Fortaleza;AIS 22;HOMICIDIO DOLOSO;2021-10-23;16:30:00;Sábado;Arma de fogo;Masculino;31;Ensino Fundamental Incompleto;Não Informada
Camocim;AIS 28;HOMICIDIO DOLOSO;2021-10-24;00:00:00;Domingo;Arma de fogo;Masculino;34;Alfabetizado;Não Informada
Sobral;AIS 03;HOMICIDIO DOLOSO;2021-10-24;02:25:00;Domingo;Arma de fogo;Masculino;20;Alfabetizado;Não Informada
Sobral;AIS 03;HOMICIDIO DOLOSO;2021-10-24;06:00:00;Domingo;Outros meios;Masculino;19;Alfabetizado;Não Informada
Fortaleza;AIS 06;HOMICIDIO DOLOSO;2021-10-24;07:33:00;Domingo;Arma de fogo;Masculino;22;Alfabetizado;Não Informada
Caucaia;AIS 26;HOMICIDIO DOLOSO;2021-10-24;09:35:59;Domingo;Arma de fogo;Masculino;17;Alfabetizado;Não Informada
Caucaia;AIS 12;ROUBO SEGUIDO DE MORTE (LATROCINIO);2021-10-24;09:55:00;Domingo;Arma de fogo;Masculino;61;Alfabetizado;Não Informada
Caucaia;AIS 26;HOMICIDIO DOLOSO;2021-10-24;10:04:59;Domingo;Arma de fogo;Masculino;32;Ensino Fundamental Completo;Parda
Maracanaú;AIS 14;HOMICIDIO DOLOSO;2021-10-24;11:16:00;Domingo;Arma de fogo;Masculino;32;Ensino Fundamental Incompleto;Parda
Fortaleza;AIS 19;HOMICIDIO DOLOSO;2021-10-24;12:18:00;Domingo;Arma de fogo;Masculino;15;Ensino Fundamental Completo;Não Informada
Fortaleza;AIS 17;HOMICIDIO DOLOSO;2021-10-24;13:30:00;Domingo;Arma de fogo;Masculino;29;Ensino Fundamental Completo;Não Informada
Paraipaba;AIS 23;HOMICIDIO DOLOSO;2021-10-24;13:59:59;Domingo;Arma de fogo;Masculino;30;Alfabetizado;Não Informada
Fortaleza;AIS 18;HOMICIDIO DOLOSO;2021-10-24;16:59:59;Domingo;Arma de fogo;Feminino;61;Ensino Fundamental Completo;Não Informada
Juazeiro do Norte;AIS 02;HOMICIDIO DOLOSO;2021-10-24;17:30:00;Domingo;Arma de fogo;Masculino;37;Ensino Médio Completo;Não Informada
Fortaleza;AIS 16;HOMICIDIO DOLOSO;2021-10-24;19:26:00;Domingo;Arma de fogo;Masculino;16;Ensino Médio Incompleto;Parda
Jijoca de Jericoacoara;AIS 11;HOMICIDIO DOLOSO;2021-10-24;21:00:00;Domingo;Arma de fogo;Masculino;26;Alfabetizado;Não Informada
Uruoca;AIS 28;HOMICIDIO DOLOSO;2021-10-24;21:00:00;Domingo;Arma de fogo;Masculino;19;Alfabetizado;Não Informada
Fortaleza;AIS 16;HOMICIDIO DOLOSO;2021-10-24;22:30:00;Domingo;Arma de fogo;Masculino;15;Alfabetizado;Não Informada
Maracanaú;AIS 14;HOMICIDIO DOLOSO;2021-10-25;01:09:59;Segunda;Arma de fogo;Masculino;34;Ensino Fundamental Incompleto;Não Informada
Fortaleza;AIS 16;HOMICIDIO DOLOSO;2021-10-25;11:39:59;Segunda;Arma de fogo;Masculino;28;Ensino Fundamental Completo;Não Informada
Barbalha;AIS 02;HOMICIDIO DOLOSO;2021-10-25;19:00:00;Segunda;Arma de fogo;Masculino;39;Ensino Médio Completo;Não Informada
Várzea Alegre;AIS 34;HOMICIDIO DOLOSO;2021-10-26;01:39:59;Terça;Arma de fogo;Masculino;29;Não Informada;Não Informada
Fortaleza;AIS 19;HOMICIDIO DOLOSO;2021-10-26;02:03:00;Terça;Arma de fogo;Feminino;14;Não Informada;Não Informada
Jucás;AIS 10;HOMICIDIO DOLOSO;2021-10-26;03:29:59;Terça;Arma de fogo;Masculino;47;Alfabetizado;Preta
Caucaia;AIS 26;HOMICIDIO DOLOSO;2021-10-26;07:28:00;Terça;Arma de fogo;Masculino;27;Alfabetizado;Não Informada
Apuiarés;AIS 11;HOMICIDIO DOLOSO;2021-10-26;07:59:59;Terça;Arma de fogo;Masculino;Não Informada;Alfabetizado;Parda
Maranguape;AIS 24;HOMICIDIO DOLOSO;2021-10-26;10:48:00;Terça;Outros meios;Masculino;15;Ensino Fundamental Incompleto;Não Informada
Quixeré;AIS 01;HOMICIDIO DOLOSO;2021-10-26;12:00:00;Terça;Arma de fogo;Masculino;20;Ensino Fundamental Incompleto;Não Informada
Quixeré;AIS 01;HOMICIDIO DOLOSO;2021-10-26;12:00:00;Terça;Arma de fogo;Masculino;19;Ensino Fundamental Incompleto;Não Informada
Quixeré;AIS 01;HOMICIDIO DOLOSO;2021-10-26;12:00:00;Terça;Arma de fogo;Masculino;20;Não Informada;Não Informada
Fortaleza;AIS 19;HOMICIDIO DOLOSO;2021-10-26;13:25:00;Terça;Arma de fogo;Masculino;26;Ensino Médio Completo;Não Informada
Maracanaú;AIS 14;HOMICIDIO DOLOSO;2021-10-26;17:33:59;Terça;Arma de fogo;Masculino;35;Ensino Médio Incompleto;Branca
Madalena;AIS 04;HOMICIDIO DOLOSO;2021-10-26;19:20:00;Terça;Arma de fogo;Masculino;24;Alfabetizado;Não Informada
Morada Nova;AIS 09;HOMICIDIO DOLOSO;2021-10-26;19:45:00;Terça;Arma de fogo;Masculino;31;Ensino Fundamental Incompleto;Não Informada
Juazeiro do Norte;AIS 02;HOMICIDIO DOLOSO;2021-10-26;22:59:59;Terça;Arma de fogo;Masculino;24;Ensino Médio Completo;Não Informada
Fortaleza;AIS 06;HOMICIDIO DOLOSO;2021-10-27;00:43:00;Quarta;Arma de fogo;Masculino;Não Informada;Não Informada;Não Informada
Fortaleza;AIS 17;HOMICIDIO DOLOSO;2021-10-27;04:50:59;Quarta;Arma de fogo;Masculino;27;Não Informada;Não Informada
Fortaleza;AIS 18;HOMICIDIO DOLOSO;2021-10-27;10:00:00;Quarta;Arma de fogo;Masculino;53;Alfabetizado;Não Informada
Fortaleza;AIS 18;HOMICIDIO DOLOSO;2021-10-27;10:00:00;Quarta;Arma de fogo;Masculino;52;Alfabetizado;Não Informada
Fortaleza;AIS 18;HOMICIDIO DOLOSO;2021-10-27;10:00:00;Quarta;Arma de fogo;Masculino;36;Alfabetizado;Não Informada
Croatá;AIS 27;HOMICIDIO DOLOSO;2021-10-27;20:30:00;Quarta;Arma de fogo;Masculino;28;Ensino Fundamental Completo;Não Informada
Redenção;AIS 29;HOMICIDIO DOLOSO;2021-10-27;21:45:00;Quarta;Outros meios;Feminino;31;Ensino Fundamental Incompleto;Não Informada
Monsenhor Tabosa;AIS 07;HOMICIDIO DOLOSO;2021-10-28;06:00:00;Quinta;Arma de fogo;Masculino;24;Não Informada;Não Informada
Fortaleza;AIS 18;HOMICIDIO DOLOSO;2021-10-28;08:40:00;Quinta;Arma de fogo;Masculino;18;Alfabetizado;Não Informada
Acopiara;AIS 10;HOMICIDIO DOLOSO;2021-10-28;14:19:59;Quinta;Arma de fogo;Masculino;47;Ensino Fundamental Incompleto;Não Informada
Fortaleza;AIS 21;HOMICIDIO DOLOSO;2021-10-28;16:00:00;Quinta;Arma de fogo;Masculino;20;Não Informada;Não Informada
Tabuleiro do Norte;AIS 01;HOMICIDIO DOLOSO;2021-10-28;16:40:00;Quinta;Arma de fogo;Masculino;48;Ensino Médio Completo;Não Informada
Fortaleza;AIS 19;HOMICIDIO DOLOSO;2021-10-28;19:59:59;Quinta;Arma de fogo;Masculino;31;Ensino Médio Completo;Não Informada
Massapê;AIS 03;HOMICIDIO DOLOSO;2021-10-28;21:49:59;Quinta;Arma de fogo;Masculino;25;Alfabetizado;Não Informada
Fortaleza;AIS 05;HOMICIDIO DOLOSO;2021-10-28;22:20:00;Quinta;Arma de fogo;Feminino;26;Ensino Médio Completo;Não Informada
Juazeiro do Norte;AIS 02;HOMICIDIO DOLOSO;2021-10-29;00:25:00;Sexta;Arma de fogo;Masculino;18;Ensino Fundamental Incompleto;Parda
Amontada;AIS 11;HOMICIDIO DOLOSO;2021-10-29;01:00:00;Sexta;Arma de fogo;Masculino;29;Alfabetizado;Não Informada
Amontada;AIS 11;HOMICIDIO DOLOSO;2021-10-29;01:00:00;Sexta;Arma de fogo;Masculino;21;Alfabetizado;Não Informada
Fortaleza;AIS 16;HOMICIDIO DOLOSO;2021-10-29;01:30:00;Sexta;Arma de fogo;Masculino;45;Ensino Fundamental Incompleto;Não Informada
Varjota;AIS 07;HOMICIDIO DOLOSO;2021-10-29;01:59:59;Sexta;Arma de fogo;Masculino;27;Ensino Fundamental Incompleto;Não Informada
Solonópole;AIS 09;HOMICIDIO DOLOSO;2021-10-29;02:30:00;Sexta;Arma de fogo;Masculino;74;Não Informada;Parda
Fortaleza;AIS 17;HOMICIDIO DOLOSO;2021-10-29;06:29:59;Sexta;Arma de fogo;Masculino;46;Alfabetizado;Parda
Salitre;AIS 33;HOMICIDIO DOLOSO;2021-10-29;07:20:00;Sexta;Arma branca;Masculino;49;Ensino Fundamental Incompleto;Branca
Caucaia;AIS 26;HOMICIDIO DOLOSO;2021-10-29;07:20:59;Sexta;Arma de fogo;Masculino;20;Não Informada;Parda
Fortaleza;AIS 16;HOMICIDIO DOLOSO;2021-10-29;13:00:00;Sexta;Arma de fogo;Masculino;40;Ensino Fundamental Incompleto;Parda
Fortaleza;AIS 21;HOMICIDIO DOLOSO;2021-10-29;13:59:59;Sexta;Arma de fogo;Feminino;18;Não Informada;Não Informada
Fortaleza;AIS 21;HOMICIDIO DOLOSO;2021-10-29;13:59:59;Sexta;Arma de fogo;Feminino;15;Não Alfabetizado;Não Informada
Pacatuba;AIS 24;HOMICIDIO DOLOSO;2021-10-29;14:18:00;Sexta;Arma de fogo;Masculino;Não Informada;Não Informada;Não Informada
Quixeramobim;AIS 09;HOMICIDIO DOLOSO;2021-10-29;15:00:00;Sexta;Arma de fogo;Masculino;18;Não Informada;Não Informada
Pacajus;AIS 25;HOMICIDIO DOLOSO;2021-10-29;15:29:59;Sexta;Arma de fogo;Masculino;Não Informada;Não Informada;Não Informada
Guaiúba;AIS 24;HOMICIDIO DOLOSO;2021-10-29;16:40:00;Sexta;Arma de fogo;Masculino;Não Informada;Não Informada;Não Informada
Fortaleza;AIS 21;HOMICIDIO DOLOSO;2021-10-29;17:30:00;Sexta;Arma de fogo;Masculino;47;Alfabetizado;Parda
Eusébio;AIS 15;HOMICIDIO DOLOSO;2021-10-29;20:10:00;Sexta;Arma de fogo;Masculino;20;Ensino Médio Completo;Branca
Pentecoste;AIS 11;HOMICIDIO DOLOSO;2021-10-30;05:00:00;Sábado;Outros meios;Masculino;24;Alfabetizado;Parda
Monsenhor Tabosa;AIS 07;HOMICIDIO DOLOSO;2021-10-30;05:22:00;Sábado;Arma de fogo;Masculino;21;Alfabetizado;Não Informada
Eusébio;AIS 15;HOMICIDIO DOLOSO;2021-10-30;07:01:00;Sábado;Arma de fogo;Masculino;16;Alfabetizado;Não Informada
Independência;AIS 07;HOMICIDIO DOLOSO;2021-10-30;10:00:00;Sábado;Outros meios;Masculino;47;Não Alfabetizado;Não Informada
Fortaleza;AIS 20;ROUBO SEGUIDO DE MORTE (LATROCINIO);2021-10-30;10:30:00;Sábado;Arma de fogo;Masculino;50;Ensino Fundamental Incompleto;Não Informada
Fortaleza;AIS 20;HOMICIDIO DOLOSO;2021-10-30;13:00:00;Sábado;Arma de fogo;Masculino;24;Ensino Fundamental Incompleto;Não Informada
Monsenhor Tabosa;AIS 07;HOMICIDIO DOLOSO;2021-10-30;14:30:00;Sábado;Outros meios;Masculino;47;Ensino Fundamental Incompleto;Não Informada
Pacajus;AIS 25;HOMICIDIO DOLOSO;2021-10-30;15:14:00;Sábado;Arma branca;Masculino;19;Não Informada;Não Informada
Limoeiro do Norte;AIS 01;HOMICIDIO DOLOSO;2021-10-30;18:00:00;Sábado;Arma branca;Masculino;40;Não Alfabetizado;Não Informada
Sobral;AIS 03;HOMICIDIO DOLOSO;2021-10-30;18:49:59;Sábado;Arma de fogo;Masculino;30;Não Informada;Não Informada
Caucaia;AIS 12;HOMICIDIO DOLOSO;2021-10-31;00:04:59;Domingo;Arma de fogo;Masculino;30;Ensino Fundamental Incompleto;Parda
Chorozinho;AIS 25;ROUBO SEGUIDO DE MORTE (LATROCINIO);2021-10-31;01:30:00;Domingo;Outros meios;Masculino;68;Alfabetizado;Parda
Jaguaribara;AIS 31;HOMICIDIO DOLOSO;2021-10-31;02:30:00;Domingo;Arma de fogo;Masculino;17;Alfabetizado;Não Informada
Fortaleza;AIS 17;HOMICIDIO DOLOSO;2021-10-31;03:19:00;Domingo;Arma de fogo;Masculino;Não Informada;Não Informada;Não Informada
Fortaleza;AIS 17;HOMICIDIO DOLOSO;2021-10-31;03:19:00;Domingo;Arma de fogo;Masculino;Não Informada;Não Informada;Não Informada
Fortaleza;AIS 19;HOMICIDIO DOLOSO;2021-10-31;06:07:00;Domingo;Arma de fogo;Masculino;15;Não Informada;Não Informada
Fortaleza;AIS 16;HOMICIDIO DOLOSO;2021-10-31;09:43:00;Domingo;Arma de fogo;Masculino;Não Informada;Não Informada;Não Informada
Caucaia;AIS 26;HOMICIDIO DOLOSO;2021-10-31;12:56:00;Domingo;Arma de fogo;Masculino;18;Ensino Fundamental Incompleto;Não Informada
Beberibe;AIS 30;HOMICIDIO DOLOSO;2021-10-31;18:30:00;Domingo;Arma de fogo;Masculino;26;Não Informada;Não Informada
Ubajara;AIS 27;HOMICIDIO DOLOSO;2021-10-31;20:30:00;Domingo;Arma branca;Masculino;29;Alfabetizado;Não Informada
Santana do Cariri;AIS 02;HOMICIDIO DOLOSO;2021-11-01;01:00:00;Segunda;Arma branca;Masculino;39;Ensino Fundamental Incompleto;Não Informada
Fortaleza;AIS 19;HOMICIDIO DOLOSO;2021-11-01;03:20:59;Segunda;Arma de fogo;Masculino;15;Alfabetizado;Não Informada
Monsenhor Tabosa;AIS 07;HOMICIDIO DOLOSO;2021-11-01;03:29:59;Segunda;Arma de fogo;Masculino;27;Alfabetizado;Não Informada
Orós;AIS 34;HOMICIDIO DOLOSO;2021-11-01;10:00:00;Segunda;Arma de fogo;Masculino;26;Não Informada;Não Informada
Tianguá;AIS 27;HOMICIDIO DOLOSO;2021-11-01;13:59:59;Segunda;Arma de fogo;Masculino;22;Alfabetizado;Não Informada
Caucaia;AIS 12;HOMICIDIO DOLOSO;2021-11-01;17:30:00;Segunda;Arma de fogo;Masculino;20;Alfabetizado;Não Informada
Amontada;AIS 11;HOMICIDIO DOLOSO;2021-11-01;18:29:59;Segunda;Arma de fogo;Masculino;50;Alfabetizado;Não Informada
Sobral;AIS 03;HOMICIDIO DOLOSO;2021-11-01;21:45:00;Segunda;Arma de fogo;Masculino;12;Alfabetizado;Não Informada
Monsenhor Tabosa;AIS 07;HOMICIDIO DOLOSO;2021-11-01;22:59:59;Segunda;Arma branca;Masculino;26;Não Informada;Parda
Fortaleza;AIS 17;HOMICIDIO DOLOSO;2021-11-01;23:10:00;Segunda;Arma de fogo;Masculino;29;Alfabetizado;Não Informada
Ipu;AIS 07;HOMICIDIO DOLOSO;2021-11-02;01:30:00;Terça;Outros meios;Masculino;25;Alfabetizado;Não Informada
Sobral;AIS 03;HOMICIDIO DOLOSO;2021-11-02;07:30:00;Terça;Arma de fogo;Masculino;32;Alfabetizado;Não Informada
Fortaleza;AIS 21;HOMICIDIO DOLOSO;2021-11-02;12:00:00;Terça;Arma de fogo;Masculino;Não Informada;Não Informada;Não Informada
Cariré;AIS 03;HOMICIDIO DOLOSO;2021-11-02;21:29:59;Terça;Arma de fogo;Masculino;28;Alfabetizado;Parda
Aracoiaba;AIS 29;HOMICIDIO DOLOSO;2021-11-02;22:20:00;Terça;Outros meios;Masculino;24;Ensino Fundamental Incompleto;Parda
Brejo Santo;AIS 32;HOMICIDIO DOLOSO;2021-11-03;01:00:00;Quarta;Arma branca;Feminino;19;Alfabetizado;Não Informada
Caucaia;AIS 12;HOMICIDIO DOLOSO;2021-11-03;05:59:00;Quarta;Arma de fogo;Feminino;20;Alfabetizado;Não Informada
Limoeiro do Norte;AIS 01;HOMICIDIO DOLOSO;2021-11-03;06:49:59;Quarta;Arma de fogo;Masculino;47;Alfabetizado;Não Informada
Fortaleza;AIS 17;HOMICIDIO DOLOSO;2021-11-03;07:19:00;Quarta;Arma de fogo;Masculino;19;Ensino Fundamental Incompleto;Não Informada
Pacajus;AIS 25;HOMICIDIO DOLOSO;2021-11-03;08:30:00;Quarta;Arma de fogo;Masculino;30;Ensino Médio Completo;Não Informada
Cascavel;AIS 15;HOMICIDIO DOLOSO;2021-11-03;12:00:00;Quarta;Arma de fogo;Masculino;27;Não Informada;Não Informada
Tabuleiro do Norte;AIS 01;HOMICIDIO DOLOSO;2021-11-03;12:45:00;Quarta;Arma de fogo;Masculino;24;Ensino Fundamental Completo;Não Informada
Fortaleza;AIS 22;HOMICIDIO DOLOSO;2021-11-03;16:30:00;Quarta;Arma de fogo;Masculino;Não Informada;Não Informada;Não Informada
Caucaia;AIS 26;HOMICIDIO DOLOSO;2021-11-03;16:50:00;Quarta;Arma de fogo;Masculino;26;Ensino Fundamental Incompleto;Parda
Cascavel;AIS 15;HOMICIDIO DOLOSO;2021-11-04;00:29:59;Quinta;Arma de fogo;Masculino;19;Ensino Médio Incompleto;Não Informada
Fortaleza;AIS 21;HOMICIDIO DOLOSO;2021-11-04;09:00:00;Quinta;Arma de fogo;Masculino;23;Ensino Fundamental Incompleto;Parda
Itarema;AIS 11;HOMICIDIO DOLOSO;2021-11-04;13:49:59;Quinta;Arma de fogo;Masculino;18;Ensino Médio Incompleto;Não Informada
Barreira;AIS 29;HOMICIDIO DOLOSO;2021-11-04;14:30:00;Quinta;Arma de fogo;Masculino;55;Alfabetizado;Não Informada
Juazeiro do Norte;AIS 02;HOMICIDIO DOLOSO;2021-11-04;15:29:59;Quinta;Arma de fogo;Masculino;27;Alfabetizado;Não Informada
Fortaleza;AIS 20;HOMICIDIO DOLOSO;2021-11-04;18:40:00;Quinta;Arma de fogo;Masculino;37;Alfabetizado;Não Informada
Eusébio;AIS 15;HOMICIDIO DOLOSO;2021-11-04;19:29:00;Quinta;Arma de fogo;Masculino;26;Ensino Fundamental Completo;Parda
Juazeiro do Norte;AIS 02;HOMICIDIO DOLOSO;2021-11-04;21:29:59;Quinta;Arma de fogo;Masculino;27;Alfabetizado;Não Informada
Quixeré;AIS 01;HOMICIDIO DOLOSO;2021-11-05;03:00:00;Sexta;Arma de fogo;Masculino;21;Ensino Médio Completo;Não Informada
Fortaleza;AIS 19;HOMICIDIO DOLOSO;2021-11-05;06:00:00;Sexta;Arma de fogo;Masculino;15;Ensino Fundamental Completo;Não Informada
Pacatuba;AIS 24;HOMICIDIO DOLOSO;2021-11-05;12:41:00;Sexta;Arma de fogo;Masculino;25;Ensino Fundamental Completo;Não Informada
Chorozinho;AIS 25;HOMICIDIO DOLOSO;2021-11-05;21:00:00;Sexta;Arma de fogo;Masculino;20;Ensino Fundamental Incompleto;Não Informada
Maracanaú;AIS 14;HOMICIDIO DOLOSO;2021-11-05;23:41:00;Sexta;Arma de fogo;Feminino;25;Não Informada;Não Informada
Fortaleza;AIS 19;HOMICIDIO DOLOSO;2021-11-06;01:41:00;Sábado;Arma de fogo;Masculino;40;Ensino Fundamental Completo;Não Informada
Itaitinga;AIS 25;HOMICIDIO DOLOSO;2021-11-06;09:40:00;Sábado;Arma branca;Masculino;28;Alfabetizado;Não Informada
Fortaleza;AIS 21;HOMICIDIO DOLOSO;2021-11-06;10:00:00;Sábado;Arma de fogo;Masculino;19;Alfabetizado;Não Informada
Fortaleza;AIS 16;HOMICIDIO DOLOSO;2021-11-06;18:49:00;Sábado;Arma de fogo;Masculino;28;Alfabetizado;Não Informada
Fortaleza;AIS 16;HOMICIDIO DOLOSO;2021-11-06;19:59:59;Sábado;Arma de fogo;Masculino;18;Ensino Fundamental Incompleto;Não Informada
Juazeiro do Norte;AIS 02;HOMICIDIO DOLOSO;2021-11-06;23:30:00;Sábado;Arma de fogo;Masculino;30;Ensino Médio Completo;Não Informada
Boa Viagem;AIS 04;HOMICIDIO DOLOSO;2021-11-07;01:30:00;Domingo;Arma de fogo;Masculino;26;Alfabetizado;Parda
Tabuleiro do Norte;AIS 01;HOMICIDIO DOLOSO;2021-11-07;04:59:59;Domingo;Outros meios;Masculino;23;Ensino Fundamental Completo;Não Informada
Morada Nova;AIS 09;HOMICIDIO DOLOSO;2021-11-07;06:29:59;Domingo;Arma de fogo;Masculino;17;Não Informada;Não Informada
Cascavel;AIS 15;HOMICIDIO DOLOSO;2021-11-07;07:00:00;Domingo;Arma de fogo;Masculino;35;Ensino Médio Incompleto;Não Informada
Caucaia;AIS 26;HOMICIDIO DOLOSO;2021-11-07;10:59:59;Domingo;Outros meios;Masculino;48;Não Alfabetizado;Não Informada
Jaguaribe;AIS 31;HOMICIDIO DOLOSO;2021-11-07;18:19:59;Domingo;Arma de fogo;Masculino;42;Alfabetizado;Não Informada
Fortaleza;AIS 16;HOMICIDIO DOLOSO;2021-11-07;23:30:00;Domingo;Arma de fogo;Masculino;26;Ensino Médio Completo;Não Informada
Caucaia;AIS 26;HOMICIDIO DOLOSO;2021-11-08;00:00:00;Segunda;Arma de fogo;Masculino;21;Ensino Médio Incompleto;Não Informada
Mauriti;AIS 32;HOMICIDIO DOLOSO;2021-11-08;02:15:00;Segunda;Arma de fogo;Masculino;27;Ensino Fundamental Completo;Não Informada
Sobral;AIS 03;HOMICIDIO DOLOSO;2021-11-08;03:00:00;Segunda;Outros meios;Masculino;53;Alfabetizado;Não Informada
Itatira;AIS 04;FEMINICÍDIO;2021-11-08;04:30:00;Segunda;Arma branca;Feminino;39;Alfabetizado;Parda
Fortaleza;AIS 21;HOMICIDIO DOLOSO;2021-11-08;10:59:59;Segunda;Arma de fogo;Masculino;55;Alfabetizado;Não Informada
Fortaleza;AIS 06;HOMICIDIO DOLOSO;2021-11-08;13:50:00;Segunda;Arma branca;Masculino;43;Ensino Médio Incompleto;Não Informada
Caucaia;AIS 12;HOMICIDIO DOLOSO;2021-11-08;21:29:59;Segunda;Arma de fogo;Feminino;22;Alfabetizado;Não Informada
Fortaleza;AIS 16;HOMICIDIO DOLOSO;2021-11-08;23:17:59;Segunda;Arma de fogo;Masculino;Não Informada;Não Informada;Não Informada
Carnaubal;AIS 27;HOMICIDIO DOLOSO;2021-11-09;03:00:00;Terça;Outros meios;Masculino;23;Alfabetizado;Não Informada
Quixeré;AIS 01;HOMICIDIO DOLOSO;2021-11-09;04:00:00;Terça;Arma de fogo;Masculino;16;Não Informada;Não Informada
Varjota;AIS 07;HOMICIDIO DOLOSO;2021-11-09;06:00:00;Terça;Outros meios;Feminino;40;Ensino Fundamental Completo;Parda
Maracanaú;AIS 14;ROUBO SEGUIDO DE MORTE (LATROCINIO);2021-11-09;08:30:00;Terça;Arma de fogo;Masculino;48;Alfabetizado;Não Informada
Fortaleza;AIS 16;HOMICIDIO DOLOSO;2021-11-09;19:45:59;Terça;Arma de fogo;Masculino;17;Ensino Fundamental Incompleto;Não Informada
Aquiraz;AIS 15;HOMICIDIO DOLOSO;2021-11-09;20:13:00;Terça;Arma de fogo;Masculino;27;Ensino Médio Completo;Parda
Fortaleza;AIS 21;HOMICIDIO DOLOSO;2021-11-09;20:50:00;Terça;Arma de fogo;Masculino;25;Ensino Fundamental Incompleto;Parda
Fortaleza;AIS 18;HOMICIDIO DOLOSO;2021-11-09;21:00:00;Terça;Arma de fogo;Masculino;16;Ensino Médio Completo;Não Informada
Juazeiro do Norte;AIS 02;HOMICIDIO DOLOSO;2021-11-10;00:02:00;Quarta;Arma de fogo;Masculino;15;Alfabetizado;Branca
Fortaleza;AIS 17;HOMICIDIO DOLOSO;2021-11-10;01:47:00;Quarta;Arma de fogo;Masculino;Não Informada;Não Informada;Não Informada
Pacatuba;AIS 24;HOMICIDIO DOLOSO;2021-11-10;06:09:00;Quarta;Arma de fogo;Masculino;29;Ensino Fundamental Completo;Não Informada
Quixadá;AIS 09;HOMICIDIO DOLOSO;2021-11-10;07:59:59;Quarta;Arma de fogo;Masculino;53;Alfabetizado;Não Informada
Fortaleza;AIS 19;HOMICIDIO DOLOSO;2021-11-10;13:34:59;Quarta;Arma branca;Masculino;19;Alfabetizado;Não Informada
Fortaleza;AIS 22;HOMICIDIO DOLOSO;2021-11-10;14:46:00;Quarta;Arma de fogo;Masculino;17;Ensino Fundamental Incompleto;Não Informada
Fortaleza;AIS 22;HOMICIDIO DOLOSO;2021-11-10;14:46:00;Quarta;Arma de fogo;Masculino;17;Alfabetizado;Não Informada
Pacatuba;AIS 24;HOMICIDIO DOLOSO;2021-11-10;15:58:59;Quarta;Arma de fogo;Feminino;Não Informada;Não Informada;Não Informada
Cedro;AIS 34;HOMICIDIO DOLOSO;2021-11-10;16:30:00;Quarta;Arma de fogo;Masculino;60;Alfabetizado;Não Informada
Pacatuba;AIS 24;HOMICIDIO DOLOSO;2021-11-10;16:36:00;Quarta;Arma de fogo;Masculino;20;Ensino Fundamental Completo;Não Informada
Fortaleza;AIS 16;HOMICIDIO DOLOSO;2021-11-10;18:00:00;Quarta;Arma de fogo;Masculino;28;Ensino Médio Completo;Não Informada
Fortaleza;AIS 21;HOMICIDIO DOLOSO;2021-11-10;19:00:00;Quarta;Arma de fogo;Masculino;26;Alfabetizado;Não Informada
Araripe;AIS 33;HOMICIDIO DOLOSO;2021-11-10;19:59:59;Quarta;Arma de fogo;Masculino;29;Ensino Fundamental Incompleto;Parda
Fortaleza;AIS 21;HOMICIDIO DOLOSO;2021-11-10;20:28:59;Quarta;Arma de fogo;Masculino;23;Ensino Fundamental Incompleto;Não Informada
Pindoretama;AIS 15;HOMICIDIO DOLOSO;2021-11-10;23:40:00;Quarta;Arma de fogo;Feminino;29;Ensino Fundamental Incompleto;Parda
Aquiraz;AIS 15;HOMICIDIO DOLOSO;2021-11-11;06:56:59;Quinta;Arma de fogo;Masculino;27;Ensino Médio Completo;Não Informada
Maranguape;AIS 24;HOMICIDIO DOLOSO;2021-11-11;08:53:59;Quinta;Arma de fogo;Masculino;28;Ensino Fundamental Incompleto;Parda
Fortaleza;AIS 20;HOMICIDIO DOLOSO;2021-11-11;13:59:59;Quinta;Arma de fogo;Feminino;23;Ensino Fundamental Incompleto;Não Informada
Canindé;AIS 04;HOMICIDIO DOLOSO;2021-11-11;16:00:00;Quinta;Arma de fogo;Masculino;17;Alfabetizado;Branca
Sobral;AIS 03;HOMICIDIO DOLOSO;2021-11-11;18:42:00;Quinta;Arma de fogo;Masculino;20;Não Informada;Não Informada
Redenção;AIS 29;HOMICIDIO DOLOSO;2021-11-11;19:10:00;Quinta;Arma branca;Masculino;Não Informada;Não Informada;Não Informada
Crato;AIS 02;HOMICIDIO DOLOSO;2021-11-12;03:00:00;Sexta;Arma de fogo;Masculino;24;Ensino Fundamental Completo;Não Informada
Fortaleza;AIS 21;HOMICIDIO DOLOSO;2021-11-12;10:00:00;Sexta;Outros meios;Feminino;Não Informada;Não Informada;Não Informada
Fortaleza;AIS 20;HOMICIDIO DOLOSO;2021-11-12;11:39:59;Sexta;Arma de fogo;Masculino;38;Ensino Médio Completo;Não Informada
Maracanaú;AIS 14;ROUBO SEGUIDO DE MORTE (LATROCINIO);2021-11-12;16:30:00;Sexta;Arma de fogo;Masculino;39;Ensino Fundamental Incompleto;Não Informada
Fortaleza;AIS 17;HOMICIDIO DOLOSO;2021-11-12;18:20:00;Sexta;Arma de fogo;Masculino;32;Alfabetizado;Não Informada
Fortaleza;AIS 19;HOMICIDIO DOLOSO;2021-11-12;18:22:00;Sexta;Arma de fogo;Masculino;24;Alfabetizado;Não Informada
Canindé;AIS 04;HOMICIDIO DOLOSO;2021-11-12;19:00:00;Sexta;Outros meios;Masculino;85;Alfabetizado;Não Informada
Fortaleza;AIS 16;HOMICIDIO DOLOSO;2021-11-12;21:40:00;Sexta;Arma de fogo;Masculino;40;Não Alfabetizado;Não Informada
Ubajara;AIS 27;HOMICIDIO DOLOSO;2021-11-13;01:00:00;Sábado;Arma de fogo;Masculino;27;Ensino Fundamental Completo;Não Informada
Crato;AIS 02;HOMICIDIO DOLOSO;2021-11-13;04:30:00;Sábado;Arma branca;Masculino;43;Não Alfabetizado;Não Informada
Fortaleza;AIS 18;HOMICIDIO DOLOSO;2021-11-13;12:17:00;Sábado;Arma de fogo;Masculino;25;Ensino Fundamental Incompleto;Não Informada
Russas;AIS 01;HOMICIDIO DOLOSO;2021-11-13;13:30:00;Sábado;Arma de fogo;Masculino;51;Ensino Fundamental Completo;Preta
Pacajus;AIS 25;HOMICIDIO DOLOSO;2021-11-13;13:38:00;Sábado;Arma de fogo;Masculino;19;Alfabetizado;Parda
Abaiara;AIS 32;HOMICIDIO DOLOSO;2021-11-13;13:59:59;Sábado;Arma branca;Masculino;19;Não Informada;Não Informada
Cruz;AIS 11;HOMICIDIO DOLOSO;2021-11-13;16:59:59;Sábado;Arma de fogo;Masculino;19;Não Informada;Parda
Quixadá;AIS 09;HOMICIDIO DOLOSO;2021-11-13;17:30:00;Sábado;Arma de fogo;Masculino;34;Alfabetizado;Não Informada
Fortaleza;AIS 06;HOMICIDIO DOLOSO;2021-11-14;00:15:00;Domingo;Arma de fogo;Masculino;29;Alfabetizado;Não Informada
Nova Russas;AIS 07;HOMICIDIO DOLOSO;2021-11-14;01:00:00;Domingo;Arma branca;Masculino;45;Alfabetizado;Parda
Amontada;AIS 11;HOMICIDIO DOLOSO;2021-11-14;01:00:00;Domingo;Arma de fogo;Masculino;26;Ensino Fundamental Incompleto;Não Informada
Maracanaú;AIS 14;HOMICIDIO DOLOSO;2021-11-14;02:30:00;Domingo;Arma de fogo;Feminino;23;Não Informada;Não Informada
Sobral;AIS 03;HOMICIDIO DOLOSO;2021-11-14;03:00:00;Domingo;Arma de fogo;Masculino;21;Alfabetizado;Não Informada
Maracanaú;AIS 14;HOMICIDIO DOLOSO;2021-11-14;05:30:00;Domingo;Arma de fogo;Masculino;19;Ensino Fundamental Completo;Não Informada
Fortaleza;AIS 19;HOMICIDIO DOLOSO;2021-11-14;14:50:00;Domingo;Arma de fogo;Masculino;27;Alfabetizado;Não Informada
Fortaleza;AIS 20;HOMICIDIO DOLOSO;2021-11-14;15:09:00;Domingo;Arma de fogo;Masculino;27;Ensino Fundamental Completo;Não Informada
Jaguaribe;AIS 31;HOMICIDIO DOLOSO;2021-11-14;15:29:59;Domingo;Arma de fogo;Masculino;31;Alfabetizado;Não Informada
Frecheirinha;AIS 03;HOMICIDIO DOLOSO;2021-11-14;16:59:59;Domingo;Arma de fogo;Masculino;33;Ensino Fundamental Completo;Não Informada
Varjota;AIS 07;HOMICIDIO DOLOSO;2021-11-14;19:00:00;Domingo;Arma de fogo;Masculino;17;Alfabetizado;Não Informada
Fortaleza;AIS 17;HOMICIDIO DOLOSO;2021-11-14;20:30:00;Domingo;Arma de fogo;Masculino;17;Ensino Fundamental Incompleto;Parda
Fortaleza;AIS 17;HOMICIDIO DOLOSO;2021-11-14;20:30:00;Domingo;Arma de fogo;Masculino;27;Ensino Fundamental Incompleto;Não Informada
Pacatuba;AIS 24;HOMICIDIO DOLOSO;2021-11-14;21:24:00;Domingo;Arma de fogo;Masculino;17;Ensino Fundamental Incompleto;Parda
Maracanaú;AIS 14;HOMICIDIO DOLOSO;2021-11-15;04:59:59;Segunda;Arma de fogo;Feminino;36;Ensino Médio Completo;Preta
São Gonçalo do Amarante;AIS 23;HOMICIDIO DOLOSO;2021-11-15;08:50:00;Segunda;Arma de fogo;Masculino;21;Alfabetizado;Não Informada
Caucaia;AIS 12;HOMICIDIO DOLOSO;2021-11-15;09:36:59;Segunda;Arma de fogo;Feminino;20;Alfabetizado;Não Informada
Bela Cruz;AIS 11;HOMICIDIO DOLOSO;2021-11-15;10:00:00;Segunda;Outros meios;Masculino;26;Não Informada;Não Informada
Aquiraz;AIS 15;HOMICIDIO DOLOSO;2021-11-15;15:07:00;Segunda;Outros meios;Masculino;Não Informada;Não Informada;Não Informada
Fortaleza;AIS 06;HOMICIDIO DOLOSO;2021-11-15;15:29:00;Segunda;Arma branca;Feminino;68;Ensino Fundamental Incompleto;Não Informada
Caucaia;AIS 26;HOMICIDIO DOLOSO;2021-11-15;16:30:00;Segunda;Arma de fogo;Masculino;41;Ensino Fundamental Completo;Parda
Tianguá;AIS 27;HOMICIDIO DOLOSO;2021-11-15;16:30:00;Segunda;Arma de fogo;Masculino;27;Ensino Médio Completo;Não Informada
Fortaleza;AIS 16;HOMICIDIO DOLOSO;2021-11-15;17:24:59;Segunda;Arma de fogo;Masculino;35;Alfabetizado;Não Informada
Milhã;AIS 09;HOMICIDIO DOLOSO;2021-11-15;18:29:59;Segunda;Arma de fogo;Masculino;28;Alfabetizado;Branca
Fortaleza;AIS 16;HOMICIDIO DOLOSO;2021-11-15;18:35:00;Segunda;Arma de fogo;Masculino;26;Ensino Médio Incompleto;Não Informada
Fortaleza;AIS 22;HOMICIDIO DOLOSO;2021-11-16;00:04:00;Terça;Arma de fogo;Masculino;32;Ensino Fundamental Completo;Não Informada
Iguatu;AIS 10;HOMICIDIO DOLOSO;2021-11-16;01:59:59;Terça;Arma de fogo;Masculino;20;Ensino Fundamental Incompleto;Parda
Trairi;AIS 23;HOMICIDIO DOLOSO;2021-11-16;07:59:59;Terça;Arma de fogo;Masculino;27;Ensino Fundamental Completo;Parda
Crateús;AIS 07;FEMINICÍDIO;2021-11-16;15:00:00;Terça;Arma branca;Feminino;25;Superior Incompleto;Não Informada
Pacajus;AIS 25;HOMICIDIO DOLOSO;2021-11-16;16:00:00;Terça;Arma de fogo;Masculino;42;Não Informada;Não Informada
Fortaleza;AIS 22;HOMICIDIO DOLOSO;2021-11-16;18:00:00;Terça;Arma de fogo;Masculino;34;Ensino Fundamental Completo;Não Informada
São João do Jaguaribe;AIS 01;HOMICIDIO DOLOSO;2021-11-16;18:25:00;Terça;Arma de fogo;Feminino;34;Ensino Médio Completo;Branca
São João do Jaguaribe;AIS 01;HOMICIDIO DOLOSO;2021-11-16;18:25:00;Terça;Arma de fogo;Masculino;34;Ensino Médio Completo;Não Informada
Fortaleza;AIS 06;HOMICIDIO DOLOSO;2021-11-16;19:59:59;Terça;Arma de fogo;Masculino;27;Não Informada;Não Informada
Fortaleza;AIS 16;HOMICIDIO DOLOSO;2021-11-17;01:00:00;Quarta;Arma de fogo;Masculino;21;Alfabetizado;Parda
Brejo Santo;AIS 32;FEMINICÍDIO;2021-11-17;10:59:59;Quarta;Arma branca;Feminino;20;Ensino Fundamental Completo;Não Informada
Maracanaú;AIS 14;HOMICIDIO DOLOSO;2021-11-17;13:00:00;Quarta;Arma de fogo;Masculino;30;Alfabetizado;Não Informada
Tianguá;AIS 27;HOMICIDIO DOLOSO;2021-11-17;13:59:59;Quarta;Arma de fogo;Masculino;26;Ensino Fundamental Incompleto;Preta
Tianguá;AIS 27;HOMICIDIO DOLOSO;2021-11-17;13:59:59;Quarta;Arma de fogo;Masculino;25;Ensino Fundamental Completo;Parda
Fortaleza;AIS 19;HOMICIDIO DOLOSO;2021-11-17;13:59:59;Quarta;Arma de fogo;Masculino;22;Não Informada;Não Informada
Morada Nova;AIS 09;HOMICIDIO DOLOSO;2021-11-17;18:00:00;Quarta;Arma de fogo;Masculino;27;Ensino Fundamental Completo;Não Informada
Fortaleza;AIS 17;HOMICIDIO DOLOSO;2021-11-17;19:59:59;Quarta;Arma de fogo;Masculino;16;Alfabetizado;Não Informada
Sobral;AIS 03;HOMICIDIO DOLOSO;2021-11-17;21:09:59;Quarta;Arma de fogo;Feminino;25;Não Alfabetizado;Não Informada
Fortaleza;AIS 17;HOMICIDIO DOLOSO;2021-11-17;21:49:00;Quarta;Arma de fogo;Masculino;74;Alfabetizado;Não Informada
Fortaleza;AIS 17;HOMICIDIO DOLOSO;2021-11-17;21:49:59;Quarta;Arma de fogo;Masculino;29;Ensino Fundamental Completo;Parda
Cascavel;AIS 15;HOMICIDIO DOLOSO;2021-11-17;22:00:00;Quarta;Arma de fogo;Feminino;Não Informada;Alfabetizado;Não Informada
Sobral;AIS 03;HOMICIDIO DOLOSO;2021-11-18;02:19:59;Quinta;Arma de fogo;Masculino;17;Alfabetizado;Não Informada
Pedra Branca;AIS 09;HOMICIDIO DOLOSO;2021-11-18;07:00:00;Quinta;Arma de fogo;Masculino;18;Alfabetizado;Parda
Pindoretama;AIS 15;HOMICIDIO DOLOSO;2021-11-18;07:59:59;Quinta;Arma de fogo;Masculino;22;Não Informada;Não Informada
Itaitinga;AIS 25;HOMICIDIO DOLOSO;2021-11-18;10:00:00;Quinta;Arma de fogo;Masculino;Não Informada;Não Informada;Não Informada
Fortaleza;AIS 20;HOMICIDIO DOLOSO;2021-11-18;12:54:59;Quinta;Arma de fogo;Masculino;25;Ensino Fundamental Incompleto;Parda
Cascavel;AIS 15;HOMICIDIO DOLOSO;2021-11-18;15:29:59;Quinta;Arma de fogo;Masculino;28;Ensino Fundamental Completo;Não Informada
Fortaleza;AIS 16;HOMICIDIO DOLOSO;2021-11-18;18:22:59;Quinta;Arma de fogo;Masculino;31;Alfabetizado;Não Informada
Fortaleza;AIS 06;HOMICIDIO DOLOSO;2021-11-18;19:00:00;Quinta;Arma de fogo;Masculino;Não Informada;Não Informada;Não Informada
Fortaleza;AIS 18;HOMICIDIO DOLOSO;2021-11-18;21:00:00;Quinta;Arma de fogo;Masculino;26;Alfabetizado;Não Informada
Caucaia;AIS 26;HOMICIDIO DOLOSO;2021-11-18;22:59:59;Quinta;Arma de fogo;Masculino;21;Ensino Médio Incompleto;Não Informada
Ubajara;AIS 27;HOMICIDIO DOLOSO;2021-11-19;03:00:00;Sexta;Arma de fogo;Masculino;26;Alfabetizado;Parda
São João do Jaguaribe;AIS 01;HOMICIDIO DOLOSO;2021-11-19;10:30:00;Sexta;Arma de fogo;Masculino;43;Não Informada;Não Informada
Fortaleza;AIS 06;HOMICIDIO DOLOSO;2021-11-19;15:00:00;Sexta;Arma de fogo;Masculino;28;Ensino Fundamental Completo;Não Informada
Fortaleza;AIS 20;HOMICIDIO DOLOSO;2021-11-19;16:30:00;Sexta;Arma de fogo;Masculino;52;Ensino Fundamental Completo;Não Informada
Fortaleza;AIS 22;HOMICIDIO DOLOSO;2021-11-19;17:48:00;Sexta;Arma de fogo;Masculino;78;Ensino Médio Completo;Parda
Morrinhos;AIS 11;HOMICIDIO DOLOSO;2021-11-19;18:29:59;Sexta;Arma de fogo;Masculino;32;Ensino Fundamental Completo;Não Informada
Fortaleza;AIS 18;HOMICIDIO DOLOSO;2021-11-19;18:42:00;Sexta;Arma de fogo;Masculino;30;Ensino Médio Incompleto;Não Informada
Acopiara;AIS 10;HOMICIDIO DOLOSO;2021-11-19;19:00:00;Sexta;Arma de fogo;Masculino;31;Ensino Fundamental Incompleto;Não Informada
Tianguá;AIS 27;HOMICIDIO DOLOSO;2021-11-19;19:20:00;Sexta;Arma de fogo;Masculino;30;Alfabetizado;Não Informada
Massapê;AIS 03;HOMICIDIO DOLOSO;2021-11-19;19:33:00;Sexta;Arma de fogo;Masculino;14;Alfabetizado;Não Informada
Juazeiro do Norte;AIS 02;HOMICIDIO DOLOSO;2021-11-20;00:00:00;Sábado;Arma branca;Masculino;45;Alfabetizado;Não Informada
Granja;AIS 28;HOMICIDIO DOLOSO;2021-11-20;02:40:00;Sábado;Arma de fogo;Masculino;72;Alfabetizado;Preta
Crateús;AIS 07;HOMICIDIO DOLOSO;2021-11-20;03:00:00;Sábado;Arma branca;Masculino;22;Alfabetizado;Parda
Barbalha;AIS 02;LESAO CORPORAL SEGUIDA DE MORTE;2021-11-20;03:00:00;Sábado;Outros meios;Masculino;31;Ensino Médio Completo;Parda
Canindé;AIS 04;HOMICIDIO DOLOSO;2021-11-20;03:00:00;Sábado;Arma de fogo;Masculino;24;Ensino Fundamental Incompleto;Não Informada
Forquilha;AIS 03;HOMICIDIO DOLOSO;2021-11-20;09:00:00;Sábado;Arma de fogo;Masculino;56;Superior Completo;Não Informada
Ubajara;AIS 27;HOMICIDIO DOLOSO;2021-11-20;12:45:00;Sábado;Arma de fogo;Masculino;27;Alfabetizado;Não Informada
Ubajara;AIS 27;HOMICIDIO DOLOSO;2021-11-20;15:00:00;Sábado;Arma de fogo;Feminino;23;Ensino Médio Completo;Parda
Ubajara;AIS 27;HOMICIDIO DOLOSO;2021-11-20;15:00:00;Sábado;Arma de fogo;Masculino;22;Alfabetizado;Não Informada
Ubajara;AIS 27;HOMICIDIO DOLOSO;2021-11-20;16:20:00;Sábado;Outros meios;Masculino;36;Alfabetizado;Não Informada
Fortaleza;AIS 16;HOMICIDIO DOLOSO;2021-11-20;17:24:00;Sábado;Arma de fogo;Masculino;35;Ensino Fundamental Incompleto;Não Informada
Pedra Branca;AIS 09;HOMICIDIO DOLOSO;2021-11-20;19:00:00;Sábado;Arma de fogo;Masculino;23;Alfabetizado;Não Informada
Juazeiro do Norte;AIS 02;HOMICIDIO DOLOSO;2021-11-20;20:10:00;Sábado;Arma de fogo;Masculino;42;Alfabetizado;Não Informada
Caucaia;AIS 12;HOMICIDIO DOLOSO;2021-11-20;21:59:00;Sábado;Arma de fogo;Masculino;45;Ensino Fundamental Completo;Parda
Caucaia;AIS 12;HOMICIDIO DOLOSO;2021-11-20;21:59:00;Sábado;Arma de fogo;Masculino;31;Ensino Fundamental Incompleto;Não Informada
Ipueiras;AIS 07;HOMICIDIO DOLOSO;2021-11-20;22:40:00;Sábado;Arma branca;Masculino;42;Alfabetizado;Não Informada
Caucaia;AIS 12;HOMICIDIO DOLOSO;2021-11-20;22:59:00;Sábado;Arma de fogo;Masculino;21;Alfabetizado;Não Informada
Caucaia;AIS 12;HOMICIDIO DOLOSO;2021-11-21;00:29:59;Domingo;Arma de fogo;Masculino;23;Ensino Fundamental Incompleto;Não Informada
Fortaleza;AIS 20;HOMICIDIO DOLOSO;2021-11-21;01:35:59;Domingo;Arma de fogo;Masculino;15;Ensino Fundamental Incompleto;Não Informada
Fortaleza;AIS 17;HOMICIDIO DOLOSO;2021-11-21;04:00:00;Domingo;Arma de fogo;Masculino;25;Alfabetizado;Não Informada
Jaguaribara;AIS 31;HOMICIDIO DOLOSO;2021-11-21;04:49:59;Domingo;Arma de fogo;Masculino;33;Ensino Fundamental Incompleto;Preta
Fortaleza;AIS 21;HOMICIDIO DOLOSO;2021-11-21;04:56:00;Domingo;Arma branca;Masculino;36;Ensino Fundamental Incompleto;Não Informada
Aquiraz;AIS 15;HOMICIDIO DOLOSO;2021-11-21;04:59:59;Domingo;Arma de fogo;Masculino;20;Ensino Médio Completo;Não Informada
Fortaleza;AIS 16;HOMICIDIO DOLOSO;2021-11-21;06:10:00;Domingo;Arma de fogo;Masculino;40;Alfabetizado;Não Informada
Campos Sales;AIS 33;HOMICIDIO DOLOSO;2021-11-21;07:59:59;Domingo;Arma de fogo;Masculino;33;Não Alfabetizado;Não Informada
Fortaleza;AIS 19;HOMICIDIO DOLOSO;2021-11-21;10:59:59;Domingo;Arma de fogo;Masculino;55;Ensino Fundamental Completo;Parda
Fortaleza;AIS 19;HOMICIDIO DOLOSO;2021-11-21;12:00:00;Domingo;Arma de fogo;Masculino;42;Alfabetizado;Não Informada
Aquiraz;AIS 15;HOMICIDIO DOLOSO;2021-11-21;16:52:00;Domingo;Arma de fogo;Masculino;27;Ensino Fundamental Incompleto;Não Informada
Ubajara;AIS 27;HOMICIDIO DOLOSO;2021-11-21;19:14:59;Domingo;Arma de fogo;Masculino;46;Alfabetizado;Parda
Fortaleza;AIS 20;HOMICIDIO DOLOSO;2021-11-21;19:20:59;Domingo;Arma de fogo;Masculino;17;Ensino Fundamental Completo;Não Informada
Crato;AIS 02;HOMICIDIO DOLOSO;2021-11-21;20:10:00;Domingo;Arma de fogo;Masculino;20;Alfabetizado;Não Informada
Itaitinga;AIS 25;HOMICIDIO DOLOSO;2021-11-22;09:00:00;Segunda;Arma de fogo;Masculino;27;Não Alfabetizado;Parda
Sobral;AIS 03;HOMICIDIO DOLOSO;2021-11-22;11:30:00;Segunda;Arma de fogo;Masculino;35;Não Informada;Não Informada
Pacatuba;AIS 24;HOMICIDIO DOLOSO;2021-11-22;13:07:00;Segunda;Arma de fogo;Masculino;28;Ensino Fundamental Completo;Não Informada
Itatira;AIS 04;HOMICIDIO DOLOSO;2021-11-22;13:59:59;Segunda;Arma de fogo;Masculino;35;Alfabetizado;Parda
Frecheirinha;AIS 03;HOMICIDIO DOLOSO;2021-11-22;17:19:59;Segunda;Outros meios;Feminino;53;Não Informada;Não Informada
Chorozinho;AIS 25;HOMICIDIO DOLOSO;2021-11-22;19:30:00;Segunda;Arma de fogo;Masculino;31;Não Informada;Não Informada
Jaguaruana;AIS 01;HOMICIDIO DOLOSO;2021-11-22;20:30:00;Segunda;Arma de fogo;Masculino;28;Ensino Fundamental Completo;Não Informada
Fortaleza;AIS 08;HOMICIDIO DOLOSO;2021-11-22;23:11:00;Segunda;Arma de fogo;Masculino;27;Alfabetizado;Não Informada
Viçosa do Ceará;AIS 27;HOMICIDIO DOLOSO;2021-11-23;02:30:00;Terça;Arma de fogo;Masculino;36;Alfabetizado;Parda
Viçosa do Ceará;AIS 27;HOMICIDIO DOLOSO;2021-11-23;02:30:00;Terça;Arma de fogo;Feminino;36;Não Informada;Não Informada
Uruburetama;AIS 11;HOMICIDIO DOLOSO;2021-11-23;12:00:00;Terça;Arma de fogo;Masculino;50;Alfabetizado;Não Informada
Pacatuba;AIS 24;HOMICIDIO DOLOSO;2021-11-23;16:00:00;Terça;Arma branca;Masculino;41;Alfabetizado;Não Informada
Maracanaú;AIS 14;HOMICIDIO DOLOSO;2021-11-23;16:09:59;Terça;Arma de fogo;Masculino;32;Ensino Fundamental Incompleto;Parda
Jaguaretama;AIS 09;HOMICIDIO DOLOSO;2021-11-23;20:30:00;Terça;Arma de fogo;Masculino;31;Alfabetizado;Não Informada
Jucás;AIS 10;HOMICIDIO DOLOSO;2021-11-24;02:30:00;Quarta;Arma de fogo;Masculino;21;Alfabetizado;Parda
Fortaleza;AIS 05;HOMICIDIO DOLOSO;2021-11-24;05:55:00;Quarta;Arma branca;Masculino;20;Alfabetizado;Parda
Caucaia;AIS 26;HOMICIDIO DOLOSO;2021-11-24;06:29:59;Quarta;Arma de fogo;Masculino;19;Alfabetizado;Não Informada
Granja;AIS 28;FEMINICÍDIO;2021-11-24;18:29:59;Quarta;Outros meios;Feminino;70;Alfabetizado;Parda
Fortaleza;AIS 16;HOMICIDIO DOLOSO;2021-11-24;22:07:59;Quarta;Arma de fogo;Masculino;17;Ensino Fundamental Incompleto;Não Informada
Caucaia;AIS 26;HOMICIDIO DOLOSO;2021-11-25;02:15:00;Quinta;Arma de fogo;Masculino;21;Alfabetizado;Parda
Caucaia;AIS 26;HOMICIDIO DOLOSO;2021-11-25;03:00:00;Quinta;Outros meios;Masculino;Não Informada;Não Informada;Não Informada
Forquilha;AIS 03;HOMICIDIO DOLOSO;2021-11-25;03:19:59;Quinta;Arma de fogo;Masculino;18;Não Informada;Não Informada
Forquilha;AIS 03;HOMICIDIO DOLOSO;2021-11-25;03:29:59;Quinta;Arma de fogo;Masculino;47;Alfabetizado;Não Informada
Fortaleza;AIS 06;HOMICIDIO DOLOSO;2021-11-25;11:05:59;Quinta;Arma de fogo;Masculino;18;Alfabetizado;Não Informada
Coreaú;AIS 03;HOMICIDIO DOLOSO;2021-11-25;13:02:00;Quinta;Arma branca;Masculino;24;Ensino Fundamental Incompleto;Parda
Caucaia;AIS 26;HOMICIDIO DOLOSO;2021-11-25;13:02:00;Quinta;Arma de fogo;Masculino;44;Não Alfabetizado;Não Informada
Massapê;AIS 03;HOMICIDIO DOLOSO;2021-11-25;19:00:00;Quinta;Arma branca;Masculino;37;Alfabetizado;Não Informada
Itapajé;AIS 11;HOMICIDIO DOLOSO;2021-11-25;20:30:00;Quinta;Arma de fogo;Masculino;18;Alfabetizado;Não Informada
Maracanaú;AIS 14;HOMICIDIO DOLOSO;2021-11-25;20:51:59;Quinta;Arma branca;Masculino;40;Ensino Fundamental Completo;Parda
Varjota;AIS 07;HOMICIDIO DOLOSO;2021-11-25;22:00:00;Quinta;Arma de fogo;Masculino;27;Ensino Fundamental Completo;Não Informada
Mulungu;AIS 29;HOMICIDIO DOLOSO;2021-11-25;23:50:00;Quinta;Arma de fogo;Masculino;26;Alfabetizado;Não Informada
Cascavel;AIS 15;HOMICIDIO DOLOSO;2021-11-26;01:30:00;Sexta;Arma de fogo;Masculino;39;Ensino Médio Incompleto;Não Informada
Itapipoca;AIS 11;HOMICIDIO DOLOSO;2021-11-26;09:29:59;Sexta;Arma de fogo;Masculino;35;Ensino Fundamental Completo;Não Informada
Fortaleza;AIS 16;HOMICIDIO DOLOSO;2021-11-26;17:19:59;Sexta;Arma de fogo;Masculino;27;Alfabetizado;Não Informada
Tabuleiro do Norte;AIS 01;HOMICIDIO DOLOSO;2021-11-26;19:00:00;Sexta;Arma de fogo;Masculino;48;Alfabetizado;Parda
Fortaleza;AIS 16;HOMICIDIO DOLOSO;2021-11-26;19:30:00;Sexta;Arma de fogo;Feminino;27;Ensino Fundamental Incompleto;Não Informada
Farias Brito;AIS 02;HOMICIDIO DOLOSO;2021-11-26;22:00:00;Sexta;Arma de fogo;Masculino;37;Alfabetizado;Não Informada
Cruz;AIS 11;HOMICIDIO DOLOSO;2021-11-27;03:49:59;Sábado;Arma branca;Masculino;29;Não Informada;Branca
Fortaleza;AIS 19;HOMICIDIO DOLOSO;2021-11-27;07:00:00;Sábado;Arma de fogo;Masculino;19;Alfabetizado;Não Informada
Fortaleza;AIS 19;HOMICIDIO DOLOSO;2021-11-27;07:00:00;Sábado;Arma de fogo;Masculino;27;Ensino Fundamental Incompleto;Não Informada
Sobral;AIS 03;HOMICIDIO DOLOSO;2021-11-27;10:00:00;Sábado;Arma de fogo;Masculino;40;Não Informada;Não Informada
Fortaleza;AIS 16;HOMICIDIO DOLOSO;2021-11-27;11:19:59;Sábado;Arma de fogo;Masculino;39;Ensino Fundamental Incompleto;Não Informada
Cascavel;AIS 15;HOMICIDIO DOLOSO;2021-11-27;15:29:59;Sábado;Outros meios;Masculino;23;Ensino Médio Completo;Não Informada
Cascavel;AIS 15;HOMICIDIO DOLOSO;2021-11-27;16:30:00;Sábado;Arma de fogo;Masculino;23;Não Informada;Não Informada
Fortaleza;AIS 20;HOMICIDIO DOLOSO;2021-11-27;18:29:59;Sábado;Arma de fogo;Masculino;35;Ensino Fundamental Incompleto;Não Informada
Quixeré;AIS 01;HOMICIDIO DOLOSO;2021-11-27;18:35:00;Sábado;Arma de fogo;Masculino;25;Não Informada;Branca
Caucaia;AIS 12;HOMICIDIO DOLOSO;2021-11-27;20:10:00;Sábado;Arma de fogo;Masculino;38;Não Informada;Não Informada
Sobral;AIS 03;HOMICIDIO DOLOSO;2021-11-27;21:22:00;Sábado;Arma de fogo;Masculino;30;Não Informada;Não Informada
Fortaleza;AIS 05;HOMICIDIO DOLOSO;2021-11-27;23:35:00;Sábado;Arma de fogo;Masculino;20;Alfabetizado;Não Informada
Fortaleza;AIS 05;HOMICIDIO DOLOSO;2021-11-27;23:35:00;Sábado;Arma de fogo;Masculino;25;Ensino Médio Incompleto;Não Informada
Morada Nova;AIS 09;HOMICIDIO DOLOSO;2021-11-27;23:40:00;Sábado;Arma de fogo;Masculino;32;Não Informada;Não Informada
Maracanaú;AIS 14;HOMICIDIO DOLOSO;2021-11-28;00:00:00;Domingo;Arma de fogo;Masculino;16;Ensino Fundamental Incompleto;Preta
Morada Nova;AIS 09;HOMICIDIO DOLOSO;2021-11-28;00:10:00;Domingo;Arma de fogo;Feminino;27;Ensino Médio Completo;Não Informada
Fortaleza;AIS 20;HOMICIDIO DOLOSO;2021-11-28;02:19:59;Domingo;Arma de fogo;Masculino;31;Ensino Fundamental Completo;Parda
Acaraú;AIS 11;FEMINICÍDIO;2021-11-28;04:59:59;Domingo;Arma branca;Feminino;24;Superior Completo;Parda
Acaraú;AIS 11;HOMICIDIO DOLOSO;2021-11-28;04:59:59;Domingo;Arma branca;Feminino;47;Superior Completo;Não Informada
Nova Russas;AIS 07;HOMICIDIO DOLOSO;2021-11-28;05:30:00;Domingo;Arma branca;Masculino;37;Alfabetizado;Não Informada
Campos Sales;AIS 33;HOMICIDIO DOLOSO;2021-11-28;12:00:00;Domingo;Arma de fogo;Masculino;51;Não Alfabetizado;Não Informada
Fortaleza;AIS 06;HOMICIDIO DOLOSO;2021-11-28;16:00:00;Domingo;Arma de fogo;Masculino;Não Informada;Não Informada;Não Informada
Itarema;AIS 11;HOMICIDIO DOLOSO;2021-11-28;17:30:00;Domingo;Arma de fogo;Masculino;19;Não Informada;Não Informada
Barreira;AIS 29;HOMICIDIO DOLOSO;2021-11-28;18:00:00;Domingo;Arma branca;Masculino;55;Não Informada;Não Informada
Quiterianópolis;AIS 13;HOMICIDIO DOLOSO;2021-11-28;19:00:00;Domingo;Arma de fogo;Masculino;19;Ensino Fundamental Completo;Parda
Monsenhor Tabosa;AIS 07;HOMICIDIO DOLOSO;2021-11-28;19:20:00;Domingo;Arma de fogo;Masculino;13;Não Informada;Não Informada
Forquilha;AIS 03;HOMICIDIO DOLOSO;2021-11-28;21:29:59;Domingo;Arma de fogo;Masculino;31;Ensino Médio Completo;Não Informada
Iguatu;AIS 10;HOMICIDIO DOLOSO;2021-11-28;22:00:00;Domingo;Arma de fogo;Masculino;22;Ensino Fundamental Incompleto;Parda
Juazeiro do Norte;AIS 02;HOMICIDIO DOLOSO;2021-11-28;22:00:00;Domingo;Arma de fogo;Feminino;28;Alfabetizado;Não Informada
Juazeiro do Norte;AIS 02;HOMICIDIO DOLOSO;2021-11-28;22:00:00;Domingo;Arma de fogo;Masculino;17;Alfabetizado;Não Informada
Saboeiro;AIS 10;HOMICIDIO DOLOSO;2021-11-29;04:00:00;Segunda;Arma de fogo;Masculino;36;Não Alfabetizado;Parda
Limoeiro do Norte;AIS 01;HOMICIDIO DOLOSO;2021-11-29;05:19:59;Segunda;Arma de fogo;Masculino;34;Não Informada;Parda
Sobral;AIS 03;HOMICIDIO DOLOSO;2021-11-29;07:14:59;Segunda;Arma de fogo;Masculino;58;Alfabetizado;Parda
Sobral;AIS 03;HOMICIDIO DOLOSO;2021-11-29;07:14:59;Segunda;Arma de fogo;Masculino;30;Alfabetizado;Não Informada
Maracanaú;AIS 14;HOMICIDIO DOLOSO;2021-11-29;08:33:00;Segunda;Arma de fogo;Masculino;33;Ensino Médio Completo;Não Informada
Parambu;AIS 13;HOMICIDIO DOLOSO;2021-11-29;12:20:00;Segunda;Arma de fogo;Masculino;50;Ensino Fundamental Incompleto;Não Informada
Itapipoca;AIS 11;HOMICIDIO DOLOSO;2021-11-29;14:30:00;Segunda;Outros meios;Masculino;40;Não Alfabetizado;Parda
Umirim;AIS 11;HOMICIDIO DOLOSO;2021-11-29;19:39:59;Segunda;Arma de fogo;Masculino;18;Não Informada;Não Informada
São Luís do Curu;AIS 23;HOMICIDIO DOLOSO;2021-11-29;21:00:00;Segunda;Arma branca;Masculino;35;Ensino Médio Completo;Não Informada
Fortaleza;AIS 05;HOMICIDIO DOLOSO;2021-11-30;00:52:00;Terça;Arma de fogo;Feminino;Não Informada;Não Informada;Não Informada
Fortaleza;AIS 19;HOMICIDIO DOLOSO;2021-11-30;06:02:00;Terça;Arma branca;Feminino;24;Não Informada;Não Informada
Caucaia;AIS 12;HOMICIDIO DOLOSO;2021-11-30;09:49:59;Terça;Outros meios;Feminino;Não Informada;Não Informada;Não Informada
Barbalha;AIS 02;HOMICIDIO DOLOSO;2021-11-30;11:30:00;Terça;Arma de fogo;Masculino;41;Ensino Médio Completo;Parda
Fortaleza;AIS 16;HOMICIDIO DOLOSO;2021-11-30;12:00:00;Terça;Arma de fogo;Masculino;20;Ensino Médio Incompleto;Não Informada
Caucaia;AIS 26;HOMICIDIO DOLOSO;2021-11-30;16:25:00;Terça;Arma de fogo;Masculino;12;Alfabetizado;Não Informada
Trairi;AIS 23;HOMICIDIO DOLOSO;2021-11-30;19:30:00;Terça;Arma de fogo;Masculino;29;Ensino Médio Incompleto;Não Informada
Juazeiro do Norte;AIS 02;HOMICIDIO DOLOSO;2021-11-30;22:59:59;Terça;Arma de fogo;Masculino;37;Ensino Médio Incompleto;Não Informada
Crateús;AIS 07;HOMICIDIO DOLOSO;2021-11-30;23:50:00;Terça;Arma de fogo;Feminino;21;Alfabetizado;Não Informada
Caucaia;AIS 12;HOMICIDIO DOLOSO;2021-12-01;16:20:00;Quarta;Arma de fogo;Masculino;23;Alfabetizado;Não Informada
Caucaia;AIS 12;HOMICIDIO DOLOSO;2021-12-01;16:20:00;Quarta;Arma de fogo;Masculino;25;Alfabetizado;Não Informada
Caucaia;AIS 12;HOMICIDIO DOLOSO;2021-12-01;16:20:00;Quarta;Arma de fogo;Masculino;53;Alfabetizado;Não Informada
Frecheirinha;AIS 03;HOMICIDIO DOLOSO;2021-12-01;19:59:59;Quarta;Arma de fogo;Masculino;27;Ensino Fundamental Completo;Não Informada
Horizonte;AIS 25;HOMICIDIO DOLOSO;2021-12-01;21:49:59;Quarta;Arma de fogo;Masculino;15;Ensino Fundamental Incompleto;Não Informada
Fortaleza;AIS 08;HOMICIDIO DOLOSO;2021-12-02;00:00:00;Quinta;Arma de fogo;Masculino;23;Alfabetizado;Não Informada
Independência;AIS 07;HOMICIDIO DOLOSO;2021-12-02;02:50:00;Quinta;Arma de fogo;Masculino;24;Ensino Médio Incompleto;Não Informada
Fortaleza;AIS 05;LESAO CORPORAL SEGUIDA DE MORTE;2021-12-02;09:25:00;Quinta;Arma branca;Masculino;51;Alfabetizado;Não Informada
Icó;AIS 34;HOMICIDIO DOLOSO;2021-12-02;16:25:00;Quinta;Arma de fogo;Masculino;41;Não Informada;Não Informada
Fortaleza;AIS 17;HOMICIDIO DOLOSO;2021-12-02;16:43:59;Quinta;Arma de fogo;Masculino;20;Ensino Fundamental Completo;Parda
Barbalha;AIS 02;HOMICIDIO DOLOSO;2021-12-02;16:59:59;Quinta;Arma de fogo;Masculino;26;Ensino Fundamental Completo;Parda
Ibicuitinga;AIS 09;HOMICIDIO DOLOSO;2021-12-02;18:00:00;Quinta;Arma de fogo;Masculino;28;Ensino Fundamental Incompleto;Não Informada
Fortaleza;AIS 17;HOMICIDIO DOLOSO;2021-12-02;19:09:59;Quinta;Arma de fogo;Feminino;22;Alfabetizado;Não Informada
Trairi;AIS 23;HOMICIDIO DOLOSO;2021-12-02;21:00:00;Quinta;Arma de fogo;Masculino;24;Alfabetizado;Preta
Fortaleza;AIS 05;HOMICIDIO DOLOSO;2021-12-02;23:55:00;Quinta;Outros meios;Masculino;44;Alfabetizado;Parda
Fortaleza;AIS 20;HOMICIDIO DOLOSO;2021-12-03;06:00:59;Sexta;Arma de fogo;Masculino;20;Ensino Fundamental Incompleto;Não Informada
Canindé;AIS 04;HOMICIDIO DOLOSO;2021-12-03;14:30:00;Sexta;Arma branca;Masculino;57;Não Informada;Não Informada
Jaguaribe;AIS 31;HOMICIDIO DOLOSO;2021-12-03;20:40:00;Sexta;Arma de fogo;Masculino;23;Alfabetizado;Parda
Fortaleza;AIS 16;HOMICIDIO DOLOSO;2021-12-03;21:20:00;Sexta;Arma de fogo;Masculino;13;Alfabetizado;Não Informada
Fortaleza;AIS 05;HOMICIDIO DOLOSO;2021-12-03;21:29:59;Sexta;Arma de fogo;Feminino;31;Ensino Fundamental Incompleto;Parda
Tabuleiro do Norte;AIS 01;HOMICIDIO DOLOSO;2021-12-03;21:40:00;Sexta;Arma de fogo;Masculino;20;Alfabetizado;Não Informada
Icapuí;AIS 30;HOMICIDIO DOLOSO;2021-12-04;07:00:00;Sábado;Arma de fogo;Feminino;43;Ensino Fundamental Incompleto;Não Informada
Itarema;AIS 11;HOMICIDIO DOLOSO;2021-12-04;07:10:00;Sábado;Arma de fogo;Masculino;22;Alfabetizado;Não Informada
Baturité;AIS 29;HOMICIDIO DOLOSO;2021-12-04;07:30:00;Sábado;Arma de fogo;Masculino;32;Alfabetizado;Parda
Pacajus;AIS 25;HOMICIDIO DOLOSO;2021-12-04;10:59:59;Sábado;Arma de fogo;Feminino;19;Não Informada;Não Informada
Fortaleza;AIS 21;HOMICIDIO DOLOSO;2021-12-04;16:00:00;Sábado;Arma de fogo;Masculino;24;Não Informada;Branca
Ubajara;AIS 27;HOMICIDIO DOLOSO;2021-12-04;18:00:00;Sábado;Arma de fogo;Masculino;27;Ensino Médio Completo;Não Informada
Jaguaretama;AIS 09;HOMICIDIO DOLOSO;2021-12-04;19:30:00;Sábado;Arma branca;Masculino;22;Ensino Fundamental Completo;Não Informada
Coreaú;AIS 03;HOMICIDIO DOLOSO;2021-12-04;20:19:59;Sábado;Arma de fogo;Masculino;20;Ensino Fundamental Incompleto;Parda
Maracanaú;AIS 14;HOMICIDIO DOLOSO;2021-12-04;21:00:00;Sábado;Arma de fogo;Masculino;27;Alfabetizado;Parda
Potengi;AIS 33;HOMICIDIO DOLOSO;2021-12-04;22:00:00;Sábado;Arma branca;Masculino;18;Não Alfabetizado;Parda
Pedra Branca;AIS 09;HOMICIDIO DOLOSO;2021-12-05;04:04:59;Domingo;Arma de fogo;Masculino;29;Alfabetizado;Não Informada
Barroquinha;AIS 28;HOMICIDIO DOLOSO;2021-12-05;07:59:59;Domingo;Outros meios;Masculino;Não Informada;Não Informada;Não Informada
Fortaleza;AIS 17;HOMICIDIO DOLOSO;2021-12-05;10:30:00;Domingo;Arma de fogo;Masculino;24;Ensino Fundamental Incompleto;Parda
Fortaleza;AIS 06;HOMICIDIO DOLOSO;2021-12-05;11:49:00;Domingo;Arma de fogo;Masculino;50;Ensino Fundamental Completo;Parda
Morada Nova;AIS 09;HOMICIDIO DOLOSO;2021-12-05;13:20:00;Domingo;Arma de fogo;Masculino;18;Alfabetizado;Não Informada
Morada Nova;AIS 09;HOMICIDIO DOLOSO;2021-12-05;13:20:00;Domingo;Arma de fogo;Feminino;48;Ensino Fundamental Completo;Não Informada
Fortaleza;AIS 21;HOMICIDIO DOLOSO;2021-12-05;13:59:59;Domingo;Arma de fogo;Masculino;22;Ensino Médio Completo;Não Informada
Barbalha;AIS 02;LESAO CORPORAL SEGUIDA DE MORTE;2021-12-05;16:00:00;Domingo;Outros meios;Masculino;47;Não Alfabetizado;Não Informada
Fortaleza;AIS 19;HOMICIDIO DOLOSO;2021-12-05;16:09:59;Domingo;Arma de fogo;Masculino;27;Ensino Fundamental Completo;Parda
Forquilha;AIS 03;HOMICIDIO DOLOSO;2021-12-05;18:10:00;Domingo;Arma de fogo;Masculino;37;Não Informada;Não Informada
Fortaleza;AIS 20;HOMICIDIO DOLOSO;2021-12-05;23:17:00;Domingo;Arma de fogo;Masculino;21;Ensino Médio Incompleto;Não Informada
Trairi;AIS 23;HOMICIDIO DOLOSO;2021-12-06;01:59:59;Segunda;Arma de fogo;Masculino;25;Alfabetizado;Parda
Sobral;AIS 03;HOMICIDIO DOLOSO;2021-12-06;03:00:00;Segunda;Arma de fogo;Masculino;23;Não Informada;Não Informada
Aratuba;AIS 29;HOMICIDIO DOLOSO;2021-12-06;15:29:59;Segunda;Arma de fogo;Masculino;46;Ensino Médio Completo;Parda
São Gonçalo do Amarante;AIS 23;HOMICIDIO DOLOSO;2021-12-07;11:40:00;Terça;Outros meios;Masculino;Não Informada;Não Informada;Não Informada
Aracoiaba;AIS 29;HOMICIDIO DOLOSO;2021-12-07;12:15:00;Terça;Arma de fogo;Masculino;44;Ensino Médio Completo;Não Informada
Redenção;AIS 29;HOMICIDIO DOLOSO;2021-12-07;12:29:59;Terça;Arma de fogo;Masculino;43;Alfabetizado;Não Informada
Fortaleza;AIS 20;HOMICIDIO DOLOSO;2021-12-07;15:29:59;Terça;Arma de fogo;Masculino;21;Ensino Fundamental Incompleto;Não Informada
Monsenhor Tabosa;AIS 07;HOMICIDIO DOLOSO;2021-12-07;18:00:00;Terça;Arma de fogo;Masculino;19;Ensino Médio Completo;Não Informada
Russas;AIS 01;HOMICIDIO DOLOSO;2021-12-07;18:19:59;Terça;Arma de fogo;Masculino;29;Ensino Fundamental Incompleto;Não Informada
Maracanaú;AIS 14;HOMICIDIO DOLOSO;2021-12-08;06:52:00;Quarta;Arma de fogo;Masculino;20;Não Informada;Não Informada
Coreaú;AIS 03;HOMICIDIO DOLOSO;2021-12-08;10:59:59;Quarta;Arma de fogo;Masculino;20;Ensino Fundamental Incompleto;Preta
Acaraú;AIS 11;HOMICIDIO DOLOSO;2021-12-09;07:00:00;Quinta;Arma de fogo;Masculino;32;Não Informada;Não Informada
Martinópole;AIS 28;HOMICIDIO DOLOSO;2021-12-09;07:59:59;Quinta;Arma de fogo;Masculino;45;Não Alfabetizado;Não Informada
Fortaleza;AIS 18;HOMICIDIO DOLOSO;2021-12-09;10:59:59;Quinta;Arma de fogo;Masculino;37;Ensino Médio Incompleto;Não Informada
Fortaleza;AIS 18;HOMICIDIO DOLOSO;2021-12-09;14:49:00;Quinta;Outros meios;Feminino;Não Informada;Não Informada;Não Informada
Fortaleza;AIS 16;HOMICIDIO DOLOSO;2021-12-09;18:58:00;Quinta;Arma de fogo;Masculino;23;Não Informada;Não Informada
Monsenhor Tabosa;AIS 07;HOMICIDIO DOLOSO;2021-12-09;19:59:59;Quinta;Arma de fogo;Masculino;28;Alfabetizado;Parda
Campos Sales;AIS 33;HOMICIDIO DOLOSO;2021-12-09;21:00:00;Quinta;Arma de fogo;Masculino;25;Ensino Médio Incompleto;Preta
Fortaleza;AIS 21;HOMICIDIO DOLOSO;2021-12-10;02:30:00;Sexta;Arma de fogo;Masculino;38;Ensino Fundamental Incompleto;Não Informada
Maracanaú;AIS 14;HOMICIDIO DOLOSO;2021-12-10;11:08:00;Sexta;Arma de fogo;Masculino;Não Informada;Não Informada;Não Informada
Horizonte;AIS 25;HOMICIDIO DOLOSO;2021-12-10;11:30:00;Sexta;Arma de fogo;Masculino;19;Alfabetizado;Não Informada
Santana do Acaraú;AIS 03;HOMICIDIO DOLOSO;2021-12-10;13:00:00;Sexta;Arma de fogo;Masculino;28;Não Alfabetizado;Parda
Guaiúba;AIS 24;HOMICIDIO DOLOSO;2021-12-10;16:38:00;Sexta;Outros meios;Masculino;35;Ensino Fundamental Completo;Não Informada
Juazeiro do Norte;AIS 02;HOMICIDIO DOLOSO;2021-12-10;18:00:00;Sexta;Arma de fogo;Masculino;87;Ensino Fundamental Completo;Parda
Barbalha;AIS 02;HOMICIDIO DOLOSO;2021-12-10;19:39:59;Sexta;Arma de fogo;Masculino;33;Ensino Fundamental Incompleto;Não Informada
Ipu;AIS 07;HOMICIDIO DOLOSO;2021-12-10;21:00:00;Sexta;Arma branca;Masculino;33;Alfabetizado;Não Informada
Assaré;AIS 33;HOMICIDIO DOLOSO;2021-12-10;22:20:00;Sexta;Arma de fogo;Masculino;35;Alfabetizado;Não Informada
Maracanaú;AIS 14;HOMICIDIO DOLOSO;2021-12-10;22:20:00;Sexta;Arma de fogo;Masculino;42;Alfabetizado;Não Informada
Viçosa do Ceará;AIS 27;HOMICIDIO DOLOSO;2021-12-11;02:40:00;Sábado;Arma de fogo;Feminino;29;Ensino Fundamental Incompleto;Parda
Viçosa do Ceará;AIS 27;HOMICIDIO DOLOSO;2021-12-11;02:40:00;Sábado;Arma de fogo;Masculino;20;Ensino Fundamental Incompleto;Parda
Viçosa do Ceará;AIS 27;HOMICIDIO DOLOSO;2021-12-11;02:40:00;Sábado;Arma de fogo;Feminino;49;Alfabetizado;Não Informada
Viçosa do Ceará;AIS 27;HOMICIDIO DOLOSO;2021-12-11;02:40:00;Sábado;Arma de fogo;Masculino;23;Alfabetizado;Não Informada
Sobral;AIS 03;HOMICIDIO DOLOSO;2021-12-11;06:15:00;Sábado;Arma de fogo;Masculino;30;Ensino Médio Incompleto;Parda
Fortaleza;AIS 17;HOMICIDIO DOLOSO;2021-12-11;10:30:00;Sábado;Arma de fogo;Masculino;18;Alfabetizado;Não Informada
Fortaleza;AIS 17;HOMICIDIO DOLOSO;2021-12-11;12:29:59;Sábado;Arma de fogo;Masculino;Não Informada;Não Informada;Não Informada
Jaguaribe;AIS 31;HOMICIDIO DOLOSO;2021-12-11;19:49:59;Sábado;Arma de fogo;Masculino;26;Alfabetizado;Parda
Itarema;AIS 11;HOMICIDIO DOLOSO;2021-12-11;21:10:00;Sábado;Arma de fogo;Masculino;23;Ensino Médio Incompleto;Não Informada
Juazeiro do Norte;AIS 02;HOMICIDIO DOLOSO;2021-12-12;01:25:00;Domingo;Arma de fogo;Masculino;25;Não Informada;Não Informada
Trairi;AIS 23;HOMICIDIO DOLOSO;2021-12-12;01:30:00;Domingo;Arma de fogo;Masculino;22;Ensino Fundamental Completo;Parda
Pacajus;AIS 25;HOMICIDIO DOLOSO;2021-12-12;03:19:59;Domingo;Arma de fogo;Feminino;25;Ensino Fundamental Incompleto;Não Informada
Caucaia;AIS 12;HOMICIDIO DOLOSO;2021-12-12;04:40:00;Domingo;Arma de fogo;Masculino;30;Ensino Médio Incompleto;Não Informada
Maracanaú;AIS 14;HOMICIDIO DOLOSO;2021-12-12;09:10:00;Domingo;Outros meios;Masculino;Não Informada;Não Informada;Não Informada
Cascavel;AIS 15;HOMICIDIO DOLOSO;2021-12-12;15:00:00;Domingo;Arma de fogo;Masculino;60;Ensino Fundamental Incompleto;Branca
Caucaia;AIS 12;HOMICIDIO DOLOSO;2021-12-12;17:40:00;Domingo;Arma de fogo;Masculino;35;Ensino Médio Incompleto;Não Informada
Sobral;AIS 03;HOMICIDIO DOLOSO;2021-12-12;19:00:00;Domingo;Arma de fogo;Masculino;41;Alfabetizado;Não Informada
Quixeré;AIS 01;HOMICIDIO DOLOSO;2021-12-12;21:00:00;Domingo;Arma de fogo;Masculino;23;Não Informada;Branca
Pacajus;AIS 25;HOMICIDIO DOLOSO;2021-12-12;22:00:00;Domingo;Arma de fogo;Masculino;23;Ensino Fundamental Completo;Não Informada
Caucaia;AIS 12;HOMICIDIO DOLOSO;2021-12-12;22:00:00;Domingo;Arma de fogo;Feminino;31;Alfabetizado;Não Informada
Fortaleza;AIS 19;HOMICIDIO DOLOSO;2021-12-12;23:15:00;Domingo;Arma de fogo;Masculino;23;Ensino Fundamental Incompleto;Não Informada
Capistrano;AIS 29;HOMICIDIO DOLOSO;2021-12-13;00:09:59;Segunda;Arma de fogo;Masculino;26;Ensino Fundamental Incompleto;Parda
Tamboril;AIS 07;HOMICIDIO DOLOSO;2021-12-13;01:59:59;Segunda;Arma de fogo;Masculino;31;Ensino Fundamental Incompleto;Não Informada
Itaitinga;AIS 25;HOMICIDIO DOLOSO;2021-12-13;05:39:59;Segunda;Arma de fogo;Masculino;30;Ensino Médio Completo;Parda
Aquiraz;AIS 15;HOMICIDIO DOLOSO;2021-12-13;06:29:59;Segunda;Arma de fogo;Masculino;27;Alfabetizado;Não Informada
Jaguaruana;AIS 01;HOMICIDIO DOLOSO;2021-12-13;13:30:00;Segunda;Arma de fogo;Masculino;24;Ensino Fundamental Incompleto;Parda
Fortaleza;AIS 20;HOMICIDIO DOLOSO;2021-12-13;16:39:59;Segunda;Arma de fogo;Masculino;29;Ensino Médio Incompleto;Não Informada
Barbalha;AIS 02;HOMICIDIO DOLOSO;2021-12-13;19:59:59;Segunda;Arma branca;Masculino;35;Não Alfabetizado;Não Informada
Ocara;AIS 29;HOMICIDIO DOLOSO;2021-12-13;22:30:00;Segunda;Arma de fogo;Masculino;31;Alfabetizado;Não Informada
Juazeiro do Norte;AIS 02;HOMICIDIO DOLOSO;2021-12-14;06:00:00;Terça;Arma branca;Masculino;43;Alfabetizado;Não Informada
Ubajara;AIS 27;HOMICIDIO DOLOSO;2021-12-14;10:00:00;Terça;Arma de fogo;Masculino;35;Alfabetizado;Parda
Fortaleza;AIS 17;HOMICIDIO DOLOSO;2021-12-14;11:19:59;Terça;Arma de fogo;Masculino;16;Ensino Fundamental Incompleto;Não Informada
Fortaleza;AIS 21;HOMICIDIO DOLOSO;2021-12-14;11:46:00;Terça;Arma de fogo;Masculino;38;Ensino Fundamental Incompleto;Não Informada
Jaguaribara;AIS 31;HOMICIDIO DOLOSO;2021-12-14;19:32:00;Terça;Arma de fogo;Masculino;18;Alfabetizado;Não Informada
Parambu;AIS 13;HOMICIDIO DOLOSO;2021-12-14;19:59:59;Terça;Arma de fogo;Masculino;54;Alfabetizado;Não Informada
Fortaleza;AIS 22;HOMICIDIO DOLOSO;2021-12-14;22:30:00;Terça;Arma de fogo;Masculino;28;Ensino Fundamental Incompleto;Não Informada
Apuiarés;AIS 11;HOMICIDIO DOLOSO;2021-12-15;00:10:00;Quarta;Arma de fogo;Masculino;21;Alfabetizado;Não Informada
Trairi;AIS 23;HOMICIDIO DOLOSO;2021-12-15;13:30:00;Quarta;Arma de fogo;Masculino;50;Alfabetizado;Não Informada
Senador Pompeu;AIS 09;HOMICIDIO DOLOSO;2021-12-15;15:00:00;Quarta;Arma de fogo;Masculino;28;Ensino Fundamental Incompleto;Parda
Russas;AIS 01;HOMICIDIO DOLOSO;2021-12-15;18:29:59;Quarta;Arma de fogo;Masculino;22;Não Informada;Não Informada
Aracati;AIS 30;HOMICIDIO DOLOSO;2021-12-15;19:59:59;Quarta;Arma de fogo;Masculino;24;Ensino Fundamental Completo;Não Informada
Coreaú;AIS 03;HOMICIDIO DOLOSO;2021-12-15;19:59:59;Quarta;Arma de fogo;Masculino;34;Ensino Fundamental Completo;Não Informada
Fortaleza;AIS 21;HOMICIDIO DOLOSO;2021-12-15;23:15:00;Quarta;Arma de fogo;Masculino;16;Ensino Fundamental Completo;Não Informada
Ocara;AIS 29;HOMICIDIO DOLOSO;2021-12-15;23:30:00;Quarta;Arma de fogo;Masculino;49;Ensino Fundamental Incompleto;Parda
Fortaleza;AIS 06;HOMICIDIO DOLOSO;2021-12-16;05:41:59;Quinta;Arma de fogo;Feminino;19;Ensino Fundamental Incompleto;Não Informada
Fortaleza;AIS 16;HOMICIDIO DOLOSO;2021-12-16;08:40:00;Quinta;Arma de fogo;Feminino;39;Alfabetizado;Não Informada
Paraipaba;AIS 23;HOMICIDIO DOLOSO;2021-12-16;10:30:00;Quinta;Arma branca;Masculino;56;Alfabetizado;Parda
Juazeiro do Norte;AIS 02;HOMICIDIO DOLOSO;2021-12-16;19:30:00;Quinta;Arma de fogo;Masculino;26;Alfabetizado;Não Informada
Fortaleza;AIS 06;ROUBO SEGUIDO DE MORTE (LATROCINIO);2021-12-16;21:18:00;Quinta;Arma de fogo;Masculino;48;Alfabetizado;Não Informada
Fortaleza;AIS 17;ROUBO SEGUIDO DE MORTE (LATROCINIO);2021-12-17;04:44:00;Sexta;Arma de fogo;Masculino;28;Alfabetizado;Não Informada
Horizonte;AIS 25;HOMICIDIO DOLOSO;2021-12-17;05:30:00;Sexta;Arma de fogo;Masculino;18;Ensino Fundamental Incompleto;Não Informada
Cascavel;AIS 15;HOMICIDIO DOLOSO;2021-12-17;07:59:59;Sexta;Outros meios;Masculino;27;Ensino Médio Incompleto;Não Informada
Icó;AIS 34;HOMICIDIO DOLOSO;2021-12-17;11:30:00;Sexta;Arma branca;Masculino;60;Alfabetizado;Não Informada
Viçosa do Ceará;AIS 27;HOMICIDIO DOLOSO;2021-12-17;18:00:00;Sexta;Arma de fogo;Masculino;48;Alfabetizado;Não Informada
Limoeiro do Norte;AIS 01;HOMICIDIO DOLOSO;2021-12-17;19:00:00;Sexta;Arma de fogo;Masculino;52;Alfabetizado;Não Informada
Fortaleza;AIS 06;HOMICIDIO DOLOSO;2021-12-17;23:30:00;Sexta;Arma de fogo;Masculino;23;Ensino Médio Incompleto;Não Informada
Aracati;AIS 30;HOMICIDIO DOLOSO;2021-12-17;23:30:00;Sexta;Arma de fogo;Masculino;30;Não Informada;Não Informada
Quixeré;AIS 01;HOMICIDIO DOLOSO;2021-12-18;00:29:59;Sábado;Arma de fogo;Masculino;26;Ensino Fundamental Incompleto;Não Informada
Maranguape;AIS 24;HOMICIDIO DOLOSO;2021-12-18;01:10:00;Sábado;Arma de fogo;Masculino;42;Não Informada;Não Informada
Caucaia;AIS 12;HOMICIDIO DOLOSO;2021-12-18;02:44:59;Sábado;Arma de fogo;Feminino;18;Ensino Fundamental Incompleto;Parda
Caucaia;AIS 12;HOMICIDIO DOLOSO;2021-12-18;02:44:59;Sábado;Arma de fogo;Masculino;18;Ensino Fundamental Incompleto;Não Informada
Maranguape;AIS 24;HOMICIDIO DOLOSO;2021-12-18;07:30:00;Sábado;Outros meios;Feminino;Não Informada;Não Informada;Não Informada
Caridade;AIS 04;HOMICIDIO DOLOSO;2021-12-18;07:59:59;Sábado;Arma de fogo;Feminino;18;Alfabetizado;Parda
Caridade;AIS 04;HOMICIDIO DOLOSO;2021-12-18;07:59:59;Sábado;Arma de fogo;Masculino;20;Alfabetizado;Não Informada
Caridade;AIS 04;HOMICIDIO DOLOSO;2021-12-18;07:59:59;Sábado;Arma de fogo;Masculino;31;Não Alfabetizado;Não Informada
Fortaleza;AIS 16;HOMICIDIO DOLOSO;2021-12-18;08:30:00;Sábado;Arma de fogo;Masculino;19;Ensino Fundamental Incompleto;Parda
Coreaú;AIS 03;HOMICIDIO DOLOSO;2021-12-18;18:29:59;Sábado;Arma de fogo;Masculino;32;Alfabetizado;Não Informada
Aracati;AIS 30;HOMICIDIO DOLOSO;2021-12-18;19:59:59;Sábado;Arma de fogo;Masculino;24;Alfabetizado;Não Informada
Fortaleza;AIS 05;HOMICIDIO DOLOSO;2021-12-18;21:00:00;Sábado;Arma de fogo;Masculino;18;Alfabetizado;Não Informada
Monsenhor Tabosa;AIS 07;HOMICIDIO DOLOSO;2021-12-18;22:30:00;Sábado;Arma de fogo;Masculino;38;Alfabetizado;Parda
Itapipoca;AIS 11;HOMICIDIO DOLOSO;2021-12-19;00:10:00;Domingo;Arma de fogo;Masculino;35;Alfabetizado;Não Informada
Crato;AIS 02;HOMICIDIO DOLOSO;2021-12-19;05:30:00;Domingo;Arma de fogo;Masculino;25;Alfabetizado;Não Informada
Ubajara;AIS 27;HOMICIDIO DOLOSO;2021-12-19;07:20:00;Domingo;Arma de fogo;Masculino;26;Ensino Médio Incompleto;Não Informada
Aquiraz;AIS 15;HOMICIDIO DOLOSO;2021-12-19;10:59:59;Domingo;Outros meios;Masculino;46;Ensino Fundamental Incompleto;Não Informada
Fortaleza;AIS 19;HOMICIDIO DOLOSO;2021-12-19;11:20:59;Domingo;Arma de fogo;Masculino;54;Ensino Fundamental Completo;Não Informada
Bela Cruz;AIS 11;HOMICIDIO DOLOSO;2021-12-19;15:29:59;Domingo;Arma de fogo;Masculino;39;Alfabetizado;Parda
Poranga;AIS 07;HOMICIDIO DOLOSO;2021-12-19;18:00:00;Domingo;Outros meios;Masculino;26;Ensino Médio Incompleto;Não Informada
Ipu;AIS 07;HOMICIDIO DOLOSO;2021-12-19;19:59:59;Domingo;Arma branca;Masculino;24;Não Informada;Não Informada
Itapipoca;AIS 11;HOMICIDIO DOLOSO;2021-12-19;21:15:00;Domingo;Arma de fogo;Masculino;19;Não Informada;Não Informada
Juazeiro do Norte;AIS 02;HOMICIDIO DOLOSO;2021-12-19;21:40:00;Domingo;Arma de fogo;Masculino;19;Ensino Fundamental Incompleto;Parda
Russas;AIS 01;HOMICIDIO DOLOSO;2021-12-19;22:30:00;Domingo;Arma de fogo;Masculino;18;Ensino Médio Completo;Parda
Russas;AIS 01;HOMICIDIO DOLOSO;2021-12-19;22:30:00;Domingo;Arma de fogo;Masculino;19;Ensino Fundamental Incompleto;Não Informada
Fortaleza;AIS 21;HOMICIDIO DOLOSO;2021-12-20;00:24:59;Segunda;Arma branca;Masculino;39;Não Informada;Não Informada
Varjota;AIS 07;HOMICIDIO DOLOSO;2021-12-20;00:29:59;Segunda;Arma de fogo;Masculino;26;Alfabetizado;Não Informada
Juazeiro do Norte;AIS 02;HOMICIDIO DOLOSO;2021-12-20;01:30:00;Segunda;Arma de fogo;Masculino;22;Ensino Médio Incompleto;Não Informada
Caucaia;AIS 12;HOMICIDIO DOLOSO;2021-12-20;02:21:00;Segunda;Arma de fogo;Masculino;23;Alfabetizado;Não Informada
Itaitinga;AIS 25;HOMICIDIO DOLOSO;2021-12-20;06:17:00;Segunda;Outros meios;Masculino;38;Superior Completo;Não Informada
Itapipoca;AIS 11;HOMICIDIO DOLOSO;2021-12-20;06:20:00;Segunda;Arma de fogo;Masculino;44;Ensino Médio Completo;Parda
Farias Brito;AIS 02;FEMINICÍDIO;2021-12-20;09:00:00;Segunda;Arma branca;Feminino;39;Alfabetizado;Branca
Ubajara;AIS 27;HOMICIDIO DOLOSO;2021-12-20;10:00:00;Segunda;Arma de fogo;Masculino;33;Alfabetizado;Parda
Fortaleza;AIS 16;HOMICIDIO DOLOSO;2021-12-20;11:44:00;Segunda;Arma de fogo;Masculino;40;Alfabetizado;Não Informada
Maracanaú;AIS 14;HOMICIDIO DOLOSO;2021-12-20;13:41:59;Segunda;Arma de fogo;Masculino;Não Informada;Não Informada;Não Informada
Varjota;AIS 07;HOMICIDIO DOLOSO;2021-12-20;14:30:00;Segunda;Outros meios;Masculino;Não Informada;Não Informada;Não Informada
Redenção;AIS 29;HOMICIDIO DOLOSO;2021-12-20;15:29:59;Segunda;Outros meios;Masculino;26;Ensino Médio Incompleto;Não Informada
Cascavel;AIS 15;HOMICIDIO DOLOSO;2021-12-20;16:30:00;Segunda;Outros meios;Masculino;54;Não Informada;Não Informada
Marco;AIS 11;HOMICIDIO DOLOSO;2021-12-20;20:30:00;Segunda;Arma de fogo;Masculino;60;Não Alfabetizado;Não Informada
Maracanaú;AIS 14;HOMICIDIO DOLOSO;2021-12-20;20:30:00;Segunda;Arma de fogo;Masculino;41;Ensino Fundamental Incompleto;Não Informada
Caucaia;AIS 12;HOMICIDIO DOLOSO;2021-12-20;21:11:59;Segunda;Arma de fogo;Masculino;26;Alfabetizado;Não Informada
Tianguá;AIS 27;HOMICIDIO DOLOSO;2021-12-20;21:29:59;Segunda;Arma de fogo;Masculino;31;Alfabetizado;Não Informada
Crato;AIS 02;HOMICIDIO DOLOSO;2021-12-20;22:59:59;Segunda;Arma de fogo;Masculino;34;Ensino Fundamental Incompleto;Parda
Cedro;AIS 34;HOMICIDIO DOLOSO;2021-12-21;00:00:00;Terça;Arma de fogo;Masculino;24;Não Informada;Não Informada
Santana do Acaraú;AIS 03;HOMICIDIO DOLOSO;2021-12-21;01:30:00;Terça;Arma de fogo;Masculino;29;Não Informada;Não Informada
Santana do Acaraú;AIS 03;HOMICIDIO DOLOSO;2021-12-21;01:30:00;Terça;Arma de fogo;Masculino;18;Alfabetizado;Não Informada
Palmácia;AIS 29;HOMICIDIO DOLOSO;2021-12-21;01:59:59;Terça;Arma de fogo;Masculino;35;Alfabetizado;Não Informada
Fortaleza;AIS 18;HOMICIDIO DOLOSO;2021-12-21;11:05:59;Terça;Arma de fogo;Masculino;45;Não Informada;Não Informada
Fortaleza;AIS 20;HOMICIDIO DOLOSO;2021-12-21;16:00:00;Terça;Arma de fogo;Masculino;14;Ensino Fundamental Incompleto;Não Informada
Monsenhor Tabosa;AIS 07;HOMICIDIO DOLOSO;2021-12-21;20:50:00;Terça;Arma de fogo;Feminino;20;Ensino Médio Completo;Parda
Fortaleza;AIS 21;HOMICIDIO DOLOSO;2021-12-21;22:43:59;Terça;Arma de fogo;Masculino;Não Informada;Não Informada;Não Informada
Fortaleza;AIS 06;HOMICIDIO DOLOSO;2021-12-22;01:14:59;Quarta;Arma de fogo;Masculino;26;Ensino Fundamental Completo;Não Informada
Maracanaú;AIS 14;HOMICIDIO DOLOSO;2021-12-22;05:19:59;Quarta;Arma de fogo;Masculino;27;Ensino Médio Incompleto;Não Informada
Novo Oriente;AIS 07;HOMICIDIO DOLOSO;2021-12-22;06:00:00;Quarta;Arma branca;Masculino;50;Ensino Fundamental Incompleto;Não Informada
São Benedito;AIS 27;HOMICIDIO DOLOSO;2021-12-22;09:32:00;Quarta;Arma branca;Masculino;30;Não Informada;Não Informada
Fortaleza;AIS 16;HOMICIDIO DOLOSO;2021-12-22;12:00:00;Quarta;Arma de fogo;Masculino;44;Ensino Fundamental Incompleto;Não Informada
Fortaleza;AIS 16;HOMICIDIO DOLOSO;2021-12-22;12:00:00;Quarta;Arma de fogo;Masculino;24;Não Informada;Não Informada
Quiterianópolis;AIS 13;HOMICIDIO DOLOSO;2021-12-22;12:00:00;Quarta;Arma de fogo;Masculino;33;Não Informada;Não Informada
Juazeiro do Norte;AIS 02;HOMICIDIO DOLOSO;2021-12-22;13:30:00;Quarta;Arma de fogo;Masculino;25;Alfabetizado;Branca
Crato;AIS 02;HOMICIDIO DOLOSO;2021-12-22;18:45:00;Quarta;Arma branca;Masculino;58;Alfabetizado;Não Informada
Viçosa do Ceará;AIS 27;FEMINICÍDIO;2021-12-22;20:30:00;Quarta;Arma de fogo;Feminino;28;Alfabetizado;Não Informada
Caucaia;AIS 26;HOMICIDIO DOLOSO;2021-12-22;21:29:59;Quarta;Arma de fogo;Masculino;14;Ensino Fundamental Incompleto;Não Informada
Caucaia;AIS 26;HOMICIDIO DOLOSO;2021-12-23;00:45:00;Quinta;Arma de fogo;Masculino;33;Alfabetizado;Parda
Fortaleza;AIS 06;HOMICIDIO DOLOSO;2021-12-23;05:30:00;Quinta;Arma de fogo;Masculino;47;Ensino Médio Completo;Não Informada
São João do Jaguaribe;AIS 01;HOMICIDIO DOLOSO;2021-12-23;08:30:00;Quinta;Arma de fogo;Masculino;36;Ensino Fundamental Incompleto;Não Informada
Pacatuba;AIS 24;HOMICIDIO DOLOSO;2021-12-23;11:50:00;Quinta;Arma de fogo;Masculino;25;Ensino Fundamental Completo;Parda
Pedra Branca;AIS 09;HOMICIDIO DOLOSO;2021-12-23;19:30:00;Quinta;Arma de fogo;Masculino;34;Ensino Médio Completo;Não Informada
Fortaleza;AIS 20;HOMICIDIO DOLOSO;2021-12-23;22:59:59;Quinta;Arma de fogo;Masculino;31;Não Alfabetizado;Parda
Bela Cruz;AIS 11;HOMICIDIO DOLOSO;2021-12-24;03:07:00;Sexta;Arma de fogo;Masculino;24;Não Informada;Não Informada
Fortaleza;AIS 06;HOMICIDIO DOLOSO;2021-12-24;04:00:00;Sexta;Arma de fogo;Masculino;24;Não Informada;Parda
Santana do Acaraú;AIS 03;HOMICIDIO DOLOSO;2021-12-24;06:49:59;Sexta;Arma de fogo;Masculino;31;Não Alfabetizado;Parda
São João do Jaguaribe;AIS 01;HOMICIDIO DOLOSO;2021-12-24;09:29:59;Sexta;Arma de fogo;Masculino;40;Ensino Fundamental Completo;Não Informada
São João do Jaguaribe;AIS 01;HOMICIDIO DOLOSO;2021-12-24;12:29:59;Sexta;Arma branca;Masculino;27;Alfabetizado;Branca
Juazeiro do Norte;AIS 02;HOMICIDIO DOLOSO;2021-12-24;12:29:59;Sexta;Arma de fogo;Masculino;29;Ensino Médio Incompleto;Parda
Juazeiro do Norte;AIS 02;HOMICIDIO DOLOSO;2021-12-24;12:29:59;Sexta;Arma de fogo;Masculino;64;Não Alfabetizado;Não Informada
Morada Nova;AIS 09;HOMICIDIO DOLOSO;2021-12-24;14:30:00;Sexta;Arma de fogo;Masculino;25;Alfabetizado;Não Informada
Fortaleza;AIS 20;HOMICIDIO DOLOSO;2021-12-24;14:39:59;Sexta;Arma de fogo;Masculino;34;Não Informada;Não Informada
Pacajus;AIS 25;HOMICIDIO DOLOSO;2021-12-24;15:29:59;Sexta;Arma de fogo;Masculino;20;Ensino Fundamental Completo;Não Informada
Campos Sales;AIS 33;HOMICIDIO DOLOSO;2021-12-24;16:30:00;Sexta;Arma de fogo;Masculino;35;Não Informada;Não Informada
Maracanaú;AIS 14;HOMICIDIO DOLOSO;2021-12-24;20:30:00;Sexta;Arma de fogo;Masculino;43;Ensino Fundamental Incompleto;Parda
Fortaleza;AIS 19;HOMICIDIO DOLOSO;2021-12-25;02:05:59;Sábado;Arma de fogo;Masculino;26;Ensino Fundamental Completo;Parda
Fortaleza;AIS 19;HOMICIDIO DOLOSO;2021-12-25;02:05:59;Sábado;Arma de fogo;Masculino;15;Ensino Fundamental Incompleto;Não Informada
Fortaleza;AIS 19;HOMICIDIO DOLOSO;2021-12-25;02:05:59;Sábado;Arma de fogo;Masculino;24;Alfabetizado;Não Informada
Fortaleza;AIS 19;HOMICIDIO DOLOSO;2021-12-25;02:05:59;Sábado;Arma de fogo;Masculino;21;Ensino Fundamental Incompleto;Não Informada
Fortaleza;AIS 19;HOMICIDIO DOLOSO;2021-12-25;02:05:59;Sábado;Arma de fogo;Masculino;25;Alfabetizado;Não Informada
Horizonte;AIS 25;HOMICIDIO DOLOSO;2021-12-25;04:00:00;Sábado;Arma de fogo;Masculino;27;Alfabetizado;Parda
Sobral;AIS 03;HOMICIDIO DOLOSO;2021-12-25;05:30:00;Sábado;Arma de fogo;Masculino;82;Não Alfabetizado;Não Informada
Alto Santo;AIS 31;HOMICIDIO DOLOSO;2021-12-25;15:40:00;Sábado;Arma de fogo;Masculino;24;Alfabetizado;Não Informada
Cascavel;AIS 15;HOMICIDIO DOLOSO;2021-12-25;16:30:00;Sábado;Arma de fogo;Masculino;26;Ensino Médio Incompleto;Não Informada
Cruz;AIS 11;HOMICIDIO DOLOSO;2021-12-25;18:00:00;Sábado;Arma branca;Masculino;55;Não Informada;Não Informada
Caucaia;AIS 12;HOMICIDIO DOLOSO;2021-12-25;19:50:00;Sábado;Arma de fogo;Masculino;57;Superior Completo;Não Informada
Guaiúba;AIS 24;HOMICIDIO DOLOSO;2021-12-25;21:13:59;Sábado;Arma de fogo;Masculino;24;Alfabetizado;Não Informada
Fortaleza;AIS 18;HOMICIDIO DOLOSO;2021-12-25;22:30:00;Sábado;Arma de fogo;Masculino;24;Alfabetizado;Parda
Tianguá;AIS 27;LESAO CORPORAL SEGUIDA DE MORTE;2021-12-26;04:59:59;Domingo;Outros meios;Masculino;16;Não Informada;Não Informada
Fortaleza;AIS 06;HOMICIDIO DOLOSO;2021-12-26;11:30:00;Domingo;Arma de fogo;Masculino;39;Ensino Fundamental Completo;Não Informada
Fortaleza;AIS 17;HOMICIDIO DOLOSO;2021-12-26;14:13:59;Domingo;Arma de fogo;Feminino;Não Informada;Não Informada;Não Informada
Fortaleza;AIS 20;HOMICIDIO DOLOSO;2021-12-26;14:58:59;Domingo;Arma de fogo;Masculino;23;Não Informada;Não Informada
Ubajara;AIS 27;HOMICIDIO DOLOSO;2021-12-26;16:00:00;Domingo;Arma de fogo;Masculino;32;Alfabetizado;Não Informada
Limoeiro do Norte;AIS 01;HOMICIDIO DOLOSO;2021-12-26;18:29:59;Domingo;Arma de fogo;Masculino;52;Alfabetizado;Não Informada
Tejuçuoca;AIS 11;HOMICIDIO DOLOSO;2021-12-26;20:40:00;Domingo;Arma branca;Masculino;34;Alfabetizado;Não Informada
Chorozinho;AIS 25;HOMICIDIO DOLOSO;2021-12-26;21:00:00;Domingo;Arma de fogo;Masculino;45;Ensino Fundamental Incompleto;Parda
Chorozinho;AIS 25;HOMICIDIO DOLOSO;2021-12-26;21:00:00;Domingo;Arma de fogo;Feminino;48;Alfabetizado;Não Informada
Fortaleza;AIS 21;ROUBO SEGUIDO DE MORTE (LATROCINIO);2021-12-26;21:36:59;Domingo;Arma de fogo;Masculino;25;Ensino Médio Completo;Não Informada
Ubajara;AIS 27;HOMICIDIO DOLOSO;2021-12-27;05:30:00;Segunda;Arma de fogo;Feminino;18;Alfabetizado;Não Informada
Quixeré;AIS 01;HOMICIDIO DOLOSO;2021-12-27;07:00:00;Segunda;Arma de fogo;Masculino;20;Ensino Fundamental Completo;Branca
Caucaia;AIS 26;HOMICIDIO DOLOSO;2021-12-27;11:39:59;Segunda;Arma de fogo;Feminino;Não Informada;Ensino Fundamental Incompleto;Branca
Chorozinho;AIS 25;HOMICIDIO DOLOSO;2021-12-27;13:49:59;Segunda;Arma de fogo;Masculino;48;Alfabetizado;Não Informada
Fortaleza;AIS 21;HOMICIDIO DOLOSO;2021-12-27;15:18:59;Segunda;Arma de fogo;Masculino;32;Alfabetizado;Não Informada
Fortaleza;AIS 06;HOMICIDIO DOLOSO;2021-12-27;15:22:59;Segunda;Outros meios;Feminino;47;Ensino Médio Completo;Não Informada
Aquiraz;AIS 15;HOMICIDIO DOLOSO;2021-12-27;17:12:00;Segunda;Arma de fogo;Masculino;28;Ensino Médio Completo;Não Informada
Juazeiro do Norte;AIS 02;HOMICIDIO DOLOSO;2021-12-28;16:59:59;Terça;Arma de fogo;Masculino;65;Ensino Fundamental Incompleto;Não Informada
Fortaleza;AIS 17;HOMICIDIO DOLOSO;2021-12-28;17:30:00;Terça;Arma de fogo;Feminino;Não Informada;Não Informada;Não Informada
Crato;AIS 02;HOMICIDIO DOLOSO;2021-12-28;17:30:00;Terça;Arma de fogo;Masculino;24;Não Alfabetizado;Não Informada
Juazeiro do Norte;AIS 02;HOMICIDIO DOLOSO;2021-12-28;18:57:00;Terça;Arma de fogo;Masculino;46;Ensino Fundamental Completo;Parda
Trairi;AIS 23;HOMICIDIO DOLOSO;2021-12-28;19:59:59;Terça;Arma de fogo;Masculino;23;Alfabetizado;Branca
Mombaça;AIS 13;HOMICIDIO DOLOSO;2021-12-28;20:30:00;Terça;Arma de fogo;Masculino;34;Alfabetizado;Não Informada
Cruz;AIS 11;HOMICIDIO DOLOSO;2021-12-29;00:00:00;Quarta;Arma de fogo;Masculino;20;Alfabetizado;Não Informada
Caucaia;AIS 12;HOMICIDIO DOLOSO;2021-12-29;01:28:00;Quarta;Arma de fogo;Masculino;39;Ensino Fundamental Completo;Não Informada
Fortaleza;AIS 17;HOMICIDIO DOLOSO;2021-12-29;02:30:00;Quarta;Arma de fogo;Masculino;18;Ensino Fundamental Incompleto;Não Informada
Trairi;AIS 23;HOMICIDIO DOLOSO;2021-12-29;06:29:59;Quarta;Arma de fogo;Feminino;72;Alfabetizado;Não Informada
Itarema;AIS 11;HOMICIDIO DOLOSO;2021-12-29;07:00:00;Quarta;Arma de fogo;Feminino;23;Ensino Fundamental Completo;Não Informada
Fortaleza;AIS 17;HOMICIDIO DOLOSO;2021-12-29;07:23:00;Quarta;Arma de fogo;Masculino;56;Não Informada;Não Informada
Caucaia;AIS 12;HOMICIDIO DOLOSO;2021-12-29;11:33:00;Quarta;Arma de fogo;Masculino;22;Ensino Médio Incompleto;Não Informada
Fortaleza;AIS 16;HOMICIDIO DOLOSO;2021-12-29;12:20:00;Quarta;Arma de fogo;Masculino;43;Ensino Fundamental Completo;Não Informada
Juazeiro do Norte;AIS 02;HOMICIDIO DOLOSO;2021-12-29;15:27:59;Quarta;Arma de fogo;Masculino;24;Ensino Fundamental Incompleto;Não Informada
Fortaleza;AIS 20;HOMICIDIO DOLOSO;2021-12-29;18:29:59;Quarta;Arma de fogo;Masculino;29;Alfabetizado;Não Informada
Granja;AIS 28;HOMICIDIO DOLOSO;2021-12-30;01:59:59;Quinta;Arma de fogo;Masculino;37;Não Informada;Não Informada
Granja;AIS 28;HOMICIDIO DOLOSO;2021-12-30;01:59:59;Quinta;Arma de fogo;Masculino;20;Não Informada;Não Informada
Irauçuba;AIS 11;HOMICIDIO DOLOSO;2021-12-30;03:40:00;Quinta;Arma de fogo;Masculino;19;Não Informada;Não Informada
Mulungu;AIS 29;HOMICIDIO DOLOSO;2021-12-30;04:59:59;Quinta;Arma de fogo;Masculino;26;Ensino Fundamental Completo;Não Informada
Baturité;AIS 29;HOMICIDIO DOLOSO;2021-12-30;07:40:00;Quinta;Arma branca;Masculino;30;Ensino Fundamental Completo;Não Informada
Fortaleza;AIS 22;HOMICIDIO DOLOSO;2021-12-30;12:23:00;Quinta;Arma de fogo;Masculino;36;Ensino Fundamental Incompleto;Parda
Maracanaú;AIS 14;HOMICIDIO DOLOSO;2021-12-30;16:56:00;Quinta;Arma de fogo;Masculino;Não Informada;Não Informada;Não Informada
Fortaleza;AIS 19;HOMICIDIO DOLOSO;2021-12-30;19:11:59;Quinta;Arma de fogo;Masculino;29;Alfabetizado;Não Informada
Pacatuba;AIS 24;HOMICIDIO DOLOSO;2021-12-30;20:50:59;Quinta;Arma de fogo;Masculino;Não Informada;Não Informada;Não Informada
Itarema;AIS 11;HOMICIDIO DOLOSO;2021-12-31;02:30:00;Sexta;Arma de fogo;Masculino;25;Alfabetizado;Não Informada
Ararendá;AIS 07;HOMICIDIO DOLOSO;2021-12-31;06:29:59;Sexta;Arma branca;Feminino;63;Alfabetizado;Não Informada
Fortaleza;AIS 06;HOMICIDIO DOLOSO;2021-12-31;06:29:59;Sexta;Arma branca;Masculino;21;Alfabetizado;Não Informada
Fortaleza;AIS 19;HOMICIDIO DOLOSO;2021-12-31;07:59:59;Sexta;Arma de fogo;Feminino;53;Ensino Fundamental Completo;Não Informada
Fortaleza;AIS 18;HOMICIDIO DOLOSO;2021-12-31;11:50:00;Sexta;Arma de fogo;Masculino;Não Informada;Não Informada;Não Informada
Fortaleza;AIS 18;HOMICIDIO DOLOSO;2021-12-31;12:23:00;Sexta;Arma de fogo;Masculino;33;Não Informada;Não Informada
Fortaleza;AIS 16;HOMICIDIO DOLOSO;2021-12-31;12:29:59;Sexta;Arma de fogo;Masculino;28;Ensino Fundamental Completo;Não Informada
Fortaleza;AIS 17;HOMICIDIO DOLOSO;2021-12-31;15:29:59;Sexta;Arma de fogo;Masculino;Não Informada;Não Informada;Não Informada
Itaitinga;AIS 25;HOMICIDIO DOLOSO;2021-12-31;16:40:00;Sexta;Arma de fogo;Masculino;21;Ensino Médio Completo;Não Informada
Milhã;AIS 09;HOMICIDIO DOLOSO;2021-12-31;19:30:00;Sexta;Arma de fogo;Masculino;36;Ensino Fundamental Completo;Parda
